customerID,gender,SeniorCitizen,Partner,Dependents,tenure,PhoneService,MultipleLines,InternetService,OnlineSecurity,OnlineBackup,DeviceProtection,TechSupport,StreamingTV,StreamingMovies,Contract,PaperlessBilling,PaymentMethod,MonthlyCharges,TotalCharges,Churn
CUST-00001,Male,0,Yes,No,42,Yes,No,DSL,Yes,No,Yes,Yes,Yes,Yes,Month-to-month,Yes,Electronic check,111.82,4290.51,No
CUST-00002,Female,1,Yes,Yes,68,Yes,Yes,DSL,Yes,No,Yes,Yes,Yes,Yes,Month-to-month,Yes,Mailed check,19.75,1465.71,No
CUST-00003,Male,0,No,Yes,62,Yes,No,DSL,No,Yes,Yes,No,No,Yes,Month-to-month,Yes,Credit card (automatic),80.89,4521.28,No
CUST-00004,Male,0,Yes,No,69,Yes,No,Fiber optic,No,Yes,Yes,Yes,No,No,Two year,Yes,Mailed check,44.77,3182.57,No
CUST-00005,Male,0,Yes,No,64,Yes,Yes,DSL,No,Yes,No,No,Yes,No,Month-to-month,Yes,Credit card (automatic),98.9,5865.77,No
CUST-00006,Female,1,Yes,No,66,Yes,Yes,No,No internet service,No internet service,No internet service,No internet service,No internet service,No internet service,Two year,Yes,Electronic check,99.9,6655.51,No
CUST-00007,Male,0,Yes,No,53,Yes,No,No,No internet service,No internet service,No internet service,No internet service,No internet service,No internet service,Two year,Yes,Credit card (automatic),22.78,1131.84,No
CUST-00008,Male,0,No,No,35,No,No phone service,Fiber optic,No,No,Yes,Yes,Yes,No,Month-to-month,No,Electronic check,77.56,2461.77,No
CUST-00009,Male,0,No,No,70,No,No phone service,No,No internet service,No internet service,No internet service,No internet service,No internet service,No internet service,Month-to-month,Yes,Electronic check,103.09,7735.54,No
CUST-00010,Female,0,No,No,14,No,No phone service,DSL,No,No,No,No,No,No,Month-to-month,No,Electronic check,76.74,1058.02,Yes
CUST-00011,Male,0,No,No,17,Yes,No,No,No internet service,No internet service,No internet service,No internet service,No internet service,No internet service,Month-to-month,No,Electronic check,60.55,983.07,No
CUST-00012,Male,0,No,No,3,Yes,No,No,No internet service,No internet service,No internet service,No internet service,No internet service,No internet service,One year,No,Mailed check,25.68,83.93,No
CUST-00013,Male,0,No,No,10,Yes,Yes,DSL,Yes,Yes,Yes,No,No,No,Month-to-month,No,Mailed check,91.03,834.2,No
CUST-00014,Male,0,No,No,5,Yes,No,No,No internet service,No internet service,No internet service,No internet service,No internet service,No internet service,Month-to-month,No,Electronic check,25.46,123.44,No
CUST-00015,Female,0,Yes,No,50,Yes,Yes,DSL,No,No,No,No,No,Yes,Two year,No,Mailed check,77.79,3638.52,No
CUST-00016,Male,0,No,No,57,Yes,Yes,DSL,Yes,Yes,No,Yes,Yes,No,One year,Yes,Mailed check,109.76,6870.94,No
CUST-00017,Female,0,No,Yes,59,Yes,Yes,Fiber optic,No,Yes,Yes,Yes,No,Yes,Month-to-month,Yes,Credit card (automatic),59.91,3567.22,No
CUST-00018,Female,0,No,No,17,Yes,Yes,No,No internet service,No internet service,No internet service,No internet service,No internet service,No internet service,Two year,Yes,Bank transfer (automatic),95.02,1716.21,No
CUST-00019,Female,1,No,No,66,Yes,Yes,Fiber optic,Yes,No,Yes,No,No,No,Month-to-month,No,Electronic check,97.98,6031.52,No
CUST-00020,Male,0,Yes,Yes,16,Yes,No,Fiber optic,No,Yes,No,No,Yes,No,One year,Yes,Electronic check,19.03,292.57,Yes
CUST-00021,Female,1,No,No,33,Yes,Yes,DSL,Yes,Yes,Yes,No,Yes,No,Month-to-month,No,Credit card (automatic),109.49,3699.6,No
CUST-00022,Male,0,No,Yes,29,Yes,No,DSL,Yes,No,No,Yes,Yes,Yes,One year,Yes,Mailed check,36.88,1000.65,No
CUST-00023,Female,0,Yes,No,18,No,No phone service,No,No internet service,No internet service,No internet service,No internet service,No internet service,No internet service,One year,No,Credit card (automatic),46.27,832.87,No
CUST-00024,Female,1,No,Yes,8,Yes,Yes,Fiber optic,No,Yes,Yes,Yes,Yes,Yes,Month-to-month,No,Mailed check,105.08,913.21,Yes
CUST-00025,Female,0,No,No,39,Yes,No,DSL,Yes,No,Yes,Yes,Yes,Yes,One year,No,Credit card (automatic),86.66,3670.57,No
CUST-00026,Female,0,No,No,43,Yes,No,DSL,No,Yes,No,Yes,Yes,No,Month-to-month,No,Mailed check,55.19,2304.29,No
CUST-00027,Female,0,No,Yes,58,Yes,No,DSL,No,No,Yes,No,Yes,No,One year,No,Mailed check,26.79,1558.84,No
CUST-00028,Female,0,No,No,24,Yes,No,Fiber optic,Yes,No,No,Yes,No,Yes,Month-to-month,Yes,Credit card (automatic),56.62,1276.91,No
CUST-00029,Female,0,No,Yes,70,Yes,Yes,Fiber optic,Yes,Yes,No,Yes,Yes,No,Two year,No,Electronic check,114.63,8792.03,No
CUST-00030,Female,0,No,No,52,Yes,Yes,Fiber optic,No,No,Yes,No,Yes,Yes,Month-to-month,No,Credit card (automatic),28.46,1485.8,Yes
CUST-00031,Male,0,Yes,No,47,Yes,No,DSL,No,Yes,Yes,No,No,No,Month-to-month,Yes,Mailed check,102.61,4539.4,Yes
CUST-00032,Male,0,Yes,Yes,70,Yes,No,DSL,Yes,Yes,No,No,No,No,Two year,Yes,Mailed check,50.53,3780.99,No
CUST-00033,Female,0,No,No,52,Yes,No,DSL,Yes,Yes,No,No,Yes,No,Month-to-month,No,Electronic check,83.46,4270.81,No
CUST-00034,Female,0,Yes,Yes,48,Yes,No,No,No internet service,No internet service,No internet service,No internet service,No internet service,No internet service,Two year,No,Mailed check,81.15,4001.26,No
CUST-00035,Female,0,No,No,42,No,No phone service,Fiber optic,Yes,Yes,No,Yes,No,No,Two year,No,Credit card (automatic),50.56,2269.43,No
CUST-00036,Male,0,Yes,No,18,Yes,No,DSL,Yes,No,Yes,No,No,No,Month-to-month,Yes,Bank transfer (automatic),23.43,405.65,Yes
CUST-00037,Female,1,No,No,65,Yes,No,DSL,No,No,Yes,Yes,Yes,No,Month-to-month,No,Electronic check,32.88,2170.5,No
CUST-00038,Male,0,Yes,No,33,Yes,No,Fiber optic,No,Yes,No,No,Yes,No,Two year,Yes,Credit card (automatic),74.58,2242.65,No
CUST-00039,Male,1,No,No,53,Yes,Yes,Fiber optic,No,No,No,Yes,Yes,Yes,Two year,Yes,Mailed check,112.89,5665.52,No
CUST-00040,Male,0,Yes,No,0,Yes,Yes,DSL,Yes,Yes,No,No,Yes,No,Month-to-month,Yes,Mailed check,110.58,0.0,No
CUST-00041,Male,0,Yes,No,54,Yes,No,Fiber optic,Yes,Yes,Yes,No,No,Yes,One year,Yes,Electronic check,29.35,1630.61,No
CUST-00042,Male,0,No,Yes,14,No,No phone service,Fiber optic,Yes,Yes,No,Yes,No,Yes,Two year,No,Credit card (automatic),105.52,1404.79,No
CUST-00043,Female,0,No,No,14,Yes,No,Fiber optic,Yes,Yes,Yes,Yes,No,Yes,Month-to-month,Yes,Mailed check,41.38,609.44,No
CUST-00044,Female,0,Yes,Yes,22,Yes,Yes,No,No internet service,No internet service,No internet service,No internet service,No internet service,No internet service,One year,Yes,Credit card (automatic),108.99,2523.01,No
CUST-00045,Female,0,Yes,Yes,65,Yes,No,DSL,No,Yes,Yes,Yes,Yes,No,One year,Yes,Credit card (automatic),93.85,6447.04,No
CUST-00046,Female,0,No,No,45,No,No phone service,No,No internet service,No internet service,No internet service,No internet service,No internet service,No internet service,One year,No,Bank transfer (automatic),114.13,4758.5,No
CUST-00047,Female,1,Yes,No,8,Yes,No,Fiber optic,No,Yes,No,Yes,No,No,Month-to-month,No,Credit card (automatic),62.17,499.95,Yes
CUST-00048,Male,0,No,No,65,Yes,Yes,DSL,Yes,Yes,No,Yes,Yes,Yes,Month-to-month,Yes,Bank transfer (automatic),91.16,6137.65,No
CUST-00049,Female,0,Yes,No,65,Yes,Yes,No,No internet service,No internet service,No internet service,No internet service,No internet service,No internet service,Month-to-month,Yes,Electronic check,91.53,5738.57,No
CUST-00050,Female,0,Yes,No,17,Yes,No,Fiber optic,Yes,Yes,No,Yes,No,Yes,Month-to-month,No,Bank transfer (automatic),67.62,1094.38,No
CUST-00051,Male,0,No,No,16,Yes,Yes,No,No internet service,No internet service,No internet service,No internet service,No internet service,No internet service,Month-to-month,No,Credit card (automatic),115.45,1927.72,No
CUST-00052,Female,0,No,Yes,71,Yes,Yes,DSL,No,No,No,Yes,No,Yes,Month-to-month,Yes,Electronic check,42.37,2918.8,No
CUST-00053,Male,0,No,No,33,Yes,Yes,Fiber optic,Yes,No,No,Yes,No,Yes,Month-to-month,Yes,Bank transfer (automatic),116.62,3655.17,No
CUST-00054,Female,1,Yes,No,68,Yes,Yes,No,No internet service,No internet service,No internet service,No internet service,No internet service,No internet service,Month-to-month,No,Electronic check,99.21,6831.16,No
CUST-00055,Male,0,Yes,No,63,Yes,No,DSL,Yes,Yes,Yes,No,Yes,No,Month-to-month,No,Mailed check,79.61,5136.19,No
CUST-00056,Female,0,Yes,No,43,Yes,No,Fiber optic,Yes,No,Yes,No,Yes,Yes,Two year,No,Credit card (automatic),25.56,1159.93,No
CUST-00057,Female,0,No,No,28,Yes,No,Fiber optic,No,No,No,No,No,Yes,Two year,Yes,Mailed check,43.94,1117.36,No
CUST-00058,Male,0,Yes,No,61,Yes,Yes,Fiber optic,Yes,No,Yes,Yes,No,No,Month-to-month,Yes,Electronic check,102.13,5824.35,No
CUST-00059,Male,0,Yes,No,15,Yes,No,No,No internet service,No internet service,No internet service,No internet service,No internet service,No internet service,Month-to-month,No,Bank transfer (automatic),90.82,1437.84,Yes
CUST-00060,Male,0,No,No,51,Yes,Yes,Fiber optic,No,No,No,Yes,Yes,No,Two year,Yes,Electronic check,114.27,5864.92,No
CUST-00061,Male,0,Yes,No,1,Yes,Yes,DSL,No,Yes,No,Yes,No,Yes,One year,Yes,Mailed check,57.68,61.21,No
CUST-00062,Male,0,Yes,Yes,60,Yes,Yes,Fiber optic,No,Yes,No,No,No,Yes,One year,No,Credit card (automatic),107.45,6380.63,No
CUST-00063,Male,0,No,Yes,3,Yes,No,Fiber optic,Yes,No,Yes,No,Yes,No,One year,Yes,Electronic check,104.18,310.0,No
CUST-00064,Male,0,No,Yes,51,Yes,No,DSL,Yes,No,No,No,Yes,No,Month-to-month,No,Mailed check,114.61,5701.98,Yes
CUST-00065,Male,0,No,No,40,Yes,Yes,Fiber optic,No,Yes,Yes,No,No,No,Two year,Yes,Electronic check,45.25,1879.21,No
CUST-00066,Female,0,No,No,51,Yes,Yes,DSL,No,No,No,Yes,Yes,Yes,Two year,Yes,Electronic check,67.45,3502.01,No
CUST-00067,Female,0,No,No,30,Yes,No,DSL,Yes,Yes,Yes,Yes,Yes,No,Month-to-month,Yes,Credit card (automatic),26.1,766.2,No
CUST-00068,Male,1,No,Yes,25,Yes,Yes,DSL,Yes,No,No,No,Yes,Yes,One year,No,Bank transfer (automatic),77.09,1806.82,No
CUST-00069,Female,1,No,No,26,Yes,Yes,Fiber optic,No,No,No,Yes,Yes,No,Month-to-month,No,Mailed check,91.23,2135.92,No
CUST-00070,Female,0,No,No,50,Yes,No,Fiber optic,No,Yes,No,No,No,Yes,One year,Yes,Electronic check,41.8,1919.18,Yes
CUST-00071,Female,0,No,No,47,Yes,No,Fiber optic,No,No,Yes,Yes,No,No,Month-to-month,Yes,Credit card (automatic),34.97,1514.68,Yes
CUST-00072,Female,0,Yes,No,10,Yes,Yes,Fiber optic,Yes,No,No,No,Yes,Yes,Month-to-month,Yes,Electronic check,81.95,830.87,Yes
CUST-00073,Male,0,No,No,7,Yes,No,DSL,Yes,Yes,Yes,Yes,No,Yes,One year,No,Bank transfer (automatic),57.31,421.97,No
CUST-00074,Female,1,No,Yes,11,Yes,Yes,Fiber optic,No,No,Yes,Yes,Yes,Yes,Two year,Yes,Credit card (automatic),60.66,661.51,No
CUST-00075,Male,0,Yes,Yes,44,Yes,Yes,DSL,No,Yes,Yes,Yes,Yes,No,Month-to-month,Yes,Credit card (automatic),65.11,2815.71,No
CUST-00076,Female,1,No,Yes,33,Yes,No,Fiber optic,No,No,Yes,No,Yes,Yes,Two year,No,Electronic check,69.15,2114.05,No
CUST-00077,Female,1,Yes,No,71,Yes,Yes,DSL,No,Yes,Yes,No,Yes,No,Month-to-month,No,Credit card (automatic),37.55,2879.87,No
CUST-00078,Female,0,Yes,Yes,46,Yes,No,Fiber optic,No,No,No,No,Yes,Yes,One year,No,Electronic check,75.77,3649.37,No
CUST-00079,Male,0,No,No,20,Yes,No,Fiber optic,No,Yes,No,Yes,Yes,Yes,Two year,Yes,Credit card (automatic),24.91,489.92,No
CUST-00080,Female,0,Yes,No,40,Yes,No,DSL,Yes,Yes,Yes,Yes,No,Yes,Month-to-month,No,Electronic check,29.35,1079.38,No
CUST-00081,Male,1,No,No,21,Yes,Yes,DSL,Yes,Yes,No,Yes,No,No,Month-to-month,Yes,Credit card (automatic),89.15,2001.73,No
CUST-00082,Female,0,No,No,20,Yes,No,Fiber optic,Yes,No,No,Yes,Yes,Yes,Month-to-month,No,Bank transfer (automatic),91.14,1702.36,No
CUST-00083,Male,1,Yes,Yes,27,Yes,Yes,Fiber optic,Yes,No,Yes,Yes,No,Yes,One year,Yes,Bank transfer (automatic),44.63,1246.8,No
CUST-00084,Female,0,Yes,No,66,Yes,Yes,No,No internet service,No internet service,No internet service,No internet service,No internet service,No internet service,Two year,No,Bank transfer (automatic),36.47,2329.81,No
CUST-00085,Male,0,Yes,No,70,Yes,No,DSL,No,No,Yes,Yes,No,No,One year,No,Electronic check,23.4,1755.79,No
CUST-00086,Male,1,No,Yes,13,No,No phone service,No,No internet service,No internet service,No internet service,No internet service,No internet service,No internet service,Two year,Yes,Electronic check,59.89,792.11,No
CUST-00087,Female,0,No,No,51,Yes,No,DSL,No,No,No,No,No,Yes,Month-to-month,Yes,Electronic check,68.9,3322.32,No
CUST-00088,Male,0,Yes,No,42,Yes,No,DSL,Yes,Yes,No,No,Yes,Yes,Month-to-month,No,Bank transfer (automatic),107.95,4091.99,No
CUST-00089,Female,0,No,No,70,Yes,No,DSL,No,No,Yes,No,No,Yes,Month-to-month,Yes,Credit card (automatic),18.25,1204.01,Yes
CUST-00090,Female,0,No,No,18,Yes,Yes,DSL,No,No,No,Yes,Yes,Yes,One year,Yes,Electronic check,58.59,1026.22,No
CUST-00091,Female,0,Yes,No,26,Yes,No,Fiber optic,No,No,Yes,Yes,Yes,No,Month-to-month,Yes,Electronic check,59.93,1623.12,Yes
CUST-00092,Female,0,Yes,No,17,Yes,No,DSL,No,No,Yes,No,Yes,Yes,Two year,No,Electronic check,106.66,1710.27,No
CUST-00093,Female,1,Yes,Yes,12,No,No phone service,Fiber optic,Yes,No,No,Yes,No,No,Month-to-month,Yes,Credit card (automatic),37.6,429.68,Yes
CUST-00094,Female,1,Yes,Yes,0,Yes,Yes,DSL,Yes,No,Yes,Yes,Yes,Yes,Month-to-month,Yes,Electronic check,24.62,0.0,No
CUST-00095,Female,0,Yes,Yes,33,Yes,Yes,Fiber optic,Yes,No,No,Yes,No,No,Month-to-month,No,Mailed check,56.16,1683.86,No
CUST-00096,Female,0,Yes,No,12,Yes,No,No,No internet service,No internet service,No internet service,No internet service,No internet service,No internet service,One year,Yes,Credit card (automatic),79.23,1001.8,No
CUST-00097,Female,0,Yes,No,50,Yes,No,Fiber optic,No,Yes,No,No,No,No,One year,Yes,Bank transfer (automatic),103.81,4753.21,Yes
CUST-00098,Female,0,Yes,No,0,No,No phone service,Fiber optic,Yes,Yes,No,Yes,Yes,No,One year,No,Credit card (automatic),44.9,0.0,No
CUST-00099,Female,1,Yes,No,27,Yes,Yes,DSL,No,Yes,No,No,Yes,No,Two year,No,Electronic check,43.13,1110.47,No
CUST-00100,Male,0,Yes,No,31,No,No phone service,DSL,Yes,No,No,Yes,No,No,Two year,Yes,Electronic check,50.6,1556.03,No
CUST-00101,Male,0,No,No,71,Yes,Yes,Fiber optic,No,No,Yes,Yes,Yes,No,Month-to-month,No,Bank transfer (automatic),29.82,2079.28,No
CUST-00102,Female,0,No,No,54,Yes,No,No,No internet service,No internet service,No internet service,No internet service,No internet service,No internet service,Month-to-month,Yes,Electronic check,115.72,5940.51,No
CUST-00103,Female,0,Yes,Yes,25,Yes,Yes,DSL,No,Yes,No,No,Yes,Yes,Month-to-month,No,Electronic check,72.06,1713.48,No
CUST-00104,Female,0,No,No,13,Yes,No,Fiber optic,No,Yes,No,Yes,No,Yes,Month-to-month,Yes,Electronic check,45.22,640.66,No
CUST-00105,Female,0,No,No,67,Yes,Yes,No,No internet service,No internet service,No internet service,No internet service,No internet service,No internet service,Two year,No,Mailed check,54.17,3488.19,No
CUST-00106,Female,0,No,Yes,62,Yes,No,No,No internet service,No internet service,No internet service,No internet service,No internet service,No internet service,Month-to-month,Yes,Mailed check,104.6,6074.16,No
CUST-00107,Female,0,No,No,13,Yes,Yes,No,No internet service,No internet service,No internet service,No internet service,No internet service,No internet service,One year,Yes,Bank transfer (automatic),85.37,1054.43,No
CUST-00108,Female,0,No,No,26,No,No phone service,Fiber optic,No,Yes,No,No,Yes,Yes,One year,Yes,Bank transfer (automatic),73.32,1980.74,No
CUST-00109,Female,0,No,Yes,40,Yes,Yes,DSL,Yes,Yes,No,No,No,Yes,Month-to-month,No,Credit card (automatic),90.48,3480.86,No
CUST-00110,Male,0,Yes,Yes,2,Yes,Yes,No,No internet service,No internet service,No internet service,No internet service,No internet service,No internet service,One year,No,Electronic check,93.58,174.87,Yes
CUST-00111,Female,0,Yes,Yes,58,Yes,No,No,No internet service,No internet service,No internet service,No internet service,No internet service,No internet service,Two year,No,Credit card (automatic),37.42,2133.24,No
CUST-00112,Male,0,No,No,22,Yes,No,Fiber optic,No,No,No,Yes,Yes,Yes,Month-to-month,No,Electronic check,33.87,688.14,Yes
CUST-00113,Female,0,No,No,17,Yes,No,DSL,Yes,No,No,Yes,No,Yes,One year,No,Credit card (automatic),114.67,1909.88,No
CUST-00114,Female,0,Yes,No,40,No,No phone service,Fiber optic,Yes,No,No,No,No,No,One year,Yes,Electronic check,36.57,1568.77,No
CUST-00115,Male,0,No,No,7,Yes,No,DSL,No,Yes,Yes,Yes,Yes,Yes,Two year,No,Credit card (automatic),64.48,439.89,No
CUST-00116,Female,1,No,No,31,Yes,Yes,Fiber optic,Yes,Yes,No,No,No,No,Month-to-month,No,Electronic check,116.28,3614.87,Yes
CUST-00117,Male,1,No,No,40,Yes,Yes,Fiber optic,No,No,No,Yes,No,Yes,Two year,No,Mailed check,59.72,2526.94,No
CUST-00118,Female,0,No,No,44,Yes,Yes,Fiber optic,Yes,No,No,No,Yes,No,Month-to-month,Yes,Electronic check,69.48,3066.89,Yes
CUST-00119,Female,1,No,No,8,Yes,No,Fiber optic,Yes,Yes,No,No,No,Yes,One year,Yes,Bank transfer (automatic),97.84,711.87,No
CUST-00120,Male,0,Yes,No,47,Yes,Yes,Fiber optic,Yes,No,No,Yes,Yes,Yes,Month-to-month,Yes,Bank transfer (automatic),52.04,2306.4,No
CUST-00121,Female,0,Yes,No,23,Yes,Yes,Fiber optic,No,No,Yes,No,No,Yes,Month-to-month,Yes,Credit card (automatic),61.1,1516.11,Yes
CUST-00122,Male,0,No,No,43,Yes,Yes,No,No internet service,No internet service,No internet service,No internet service,No internet service,No internet service,Month-to-month,Yes,Credit card (automatic),51.22,2335.57,No
CUST-00123,Female,0,Yes,No,57,Yes,Yes,Fiber optic,Yes,No,No,No,No,No,One year,Yes,Mailed check,46.74,2803.07,No
CUST-00124,Male,0,No,Yes,65,Yes,No,Fiber optic,No,No,No,Yes,No,Yes,One year,Yes,Credit card (automatic),65.18,4276.92,No
CUST-00125,Male,0,No,Yes,17,Yes,No,Fiber optic,No,No,Yes,Yes,Yes,Yes,Two year,No,Bank transfer (automatic),92.59,1527.84,No
CUST-00126,Female,0,No,No,28,Yes,No,Fiber optic,No,No,Yes,No,No,Yes,Month-to-month,Yes,Credit card (automatic),104.73,3046.44,No
CUST-00127,Female,0,No,Yes,1,Yes,No,No,No internet service,No internet service,No internet service,No internet service,No internet service,No internet service,One year,Yes,Bank transfer (automatic),65.01,67.13,No
CUST-00128,Male,0,No,No,67,Yes,No,Fiber optic,No,No,Yes,No,No,No,Month-to-month,No,Bank transfer (automatic),50.1,3452.54,No
CUST-00129,Female,1,No,No,38,Yes,Yes,Fiber optic,No,Yes,No,Yes,No,No,Month-to-month,Yes,Mailed check,109.16,4151.13,Yes
CUST-00130,Female,0,No,Yes,40,Yes,No,Fiber optic,No,No,No,No,No,Yes,Month-to-month,Yes,Mailed check,51.59,1964.3,No
CUST-00131,Female,0,No,Yes,70,Yes,No,Fiber optic,Yes,Yes,No,Yes,No,No,Month-to-month,No,Electronic check,95.5,6598.67,No
CUST-00132,Male,0,No,Yes,21,Yes,No,No,No internet service,No internet service,No internet service,No internet service,No internet service,No internet service,Month-to-month,Yes,Bank transfer (automatic),92.86,1954.79,Yes
CUST-00133,Male,0,Yes,Yes,48,Yes,No,Fiber optic,Yes,Yes,No,Yes,No,Yes,Month-to-month,Yes,Credit card (automatic),22.98,1040.39,No
CUST-00134,Male,0,No,No,27,Yes,No,DSL,No,No,Yes,No,No,No,Month-to-month,Yes,Bank transfer (automatic),35.76,913.39,Yes
CUST-00135,Male,0,Yes,No,15,Yes,Yes,Fiber optic,Yes,No,Yes,No,No,No,Two year,Yes,Bank transfer (automatic),75.28,1195.11,No
CUST-00136,Male,0,Yes,No,67,Yes,No,No,No internet service,No internet service,No internet service,No internet service,No internet service,No internet service,Month-to-month,No,Electronic check,104.76,6765.92,No
CUST-00137,Male,0,No,No,61,Yes,Yes,DSL,Yes,No,Yes,No,Yes,No,Two year,No,Mailed check,77.4,5168.68,No
CUST-00138,Male,0,Yes,No,35,Yes,No,Fiber optic,Yes,No,Yes,Yes,Yes,Yes,Month-to-month,Yes,Electronic check,92.27,3188.37,Yes
CUST-00139,Male,0,No,No,21,Yes,Yes,DSL,No,No,Yes,No,Yes,No,Two year,No,Electronic check,91.44,1962.01,No
CUST-00140,Male,0,No,No,10,Yes,Yes,No,No internet service,No internet service,No internet service,No internet service,No internet service,No internet service,Month-to-month,Yes,Bank transfer (automatic),67.44,674.93,No
CUST-00141,Female,0,No,No,41,Yes,No,Fiber optic,No,No,Yes,Yes,No,No,Two year,No,Electronic check,74.08,3033.1,No
CUST-00142,Male,0,No,Yes,54,No,No phone service,Fiber optic,Yes,No,Yes,Yes,No,No,Month-to-month,Yes,Bank transfer (automatic),25.13,1462.87,Yes
CUST-00143,Female,0,Yes,Yes,34,Yes,No,DSL,No,Yes,Yes,No,No,Yes,Two year,No,Mailed check,110.77,3459.63,No
CUST-00144,Female,1,Yes,Yes,56,Yes,Yes,Fiber optic,No,No,Yes,Yes,Yes,Yes,Month-to-month,Yes,Electronic check,85.43,4636.48,No
CUST-00145,Female,1,No,Yes,33,Yes,Yes,DSL,No,No,Yes,No,Yes,Yes,One year,No,Bank transfer (automatic),33.45,1056.61,No
CUST-00146,Male,1,Yes,No,69,Yes,No,Fiber optic,No,No,No,Yes,No,Yes,Month-to-month,Yes,Credit card (automatic),42.4,2823.79,No
CUST-00147,Male,0,Yes,Yes,3,Yes,Yes,Fiber optic,Yes,Yes,Yes,No,No,Yes,One year,No,Electronic check,18.47,59.98,Yes
CUST-00148,Male,0,Yes,No,45,Yes,No,Fiber optic,No,No,No,Yes,No,No,Month-to-month,Yes,Bank transfer (automatic),44.4,1826.13,No
CUST-00149,Male,0,No,No,10,Yes,Yes,No,No internet service,No internet service,No internet service,No internet service,No internet service,No internet service,Two year,Yes,Credit card (automatic),49.66,475.09,No
CUST-00150,Female,0,Yes,No,60,Yes,No,DSL,Yes,Yes,No,No,Yes,No,Two year,No,Electronic check,86.31,5424.77,No
CUST-00151,Male,0,Yes,No,34,Yes,Yes,DSL,Yes,No,Yes,Yes,Yes,Yes,Month-to-month,No,Bank transfer (automatic),65.67,2116.12,No
CUST-00152,Male,0,Yes,Yes,68,Yes,No,No,No internet service,No internet service,No internet service,No internet service,No internet service,No internet service,Month-to-month,Yes,Bank transfer (automatic),102.28,7418.4,No
CUST-00153,Male,1,No,No,56,Yes,Yes,Fiber optic,No,Yes,No,No,Yes,Yes,One year,Yes,Bank transfer (automatic),26.68,1443.26,No
CUST-00154,Male,0,Yes,Yes,10,Yes,Yes,DSL,No,No,Yes,Yes,No,No,Month-to-month,No,Bank transfer (automatic),88.7,818.38,Yes
CUST-00155,Male,1,Yes,No,11,Yes,No,DSL,No,No,No,No,No,Yes,Month-to-month,Yes,Mailed check,105.49,1164.85,Yes
CUST-00156,Female,0,No,No,42,Yes,Yes,Fiber optic,Yes,Yes,Yes,No,No,Yes,Month-to-month,Yes,Credit card (automatic),60.13,2531.19,No
CUST-00157,Male,0,Yes,No,18,Yes,Yes,DSL,No,No,Yes,Yes,No,No,Month-to-month,No,Credit card (automatic),46.87,765.9,No
CUST-00158,Female,0,No,No,67,Yes,No,No,No internet service,No internet service,No internet service,No internet service,No internet service,No internet service,One year,No,Mailed check,62.56,4374.2,No
CUST-00159,Male,0,No,No,58,Yes,No,Fiber optic,Yes,No,No,No,No,No,Month-to-month,Yes,Mailed check,96.88,5216.43,No
CUST-00160,Female,0,No,Yes,1,Yes,No,No,No internet service,No internet service,No internet service,No internet service,No internet service,No internet service,Two year,Yes,Credit card (automatic),109.9,103.6,No
CUST-00161,Male,0,No,Yes,7,Yes,Yes,No,No internet service,No internet service,No internet service,No internet service,No internet service,No internet service,Month-to-month,No,Credit card (automatic),24.56,174.07,Yes
CUST-00162,Male,0,No,No,21,Yes,Yes,Fiber optic,Yes,Yes,Yes,No,No,No,Month-to-month,Yes,Credit card (automatic),70.85,1604.13,Yes
CUST-00163,Female,0,No,No,20,Yes,No,Fiber optic,No,Yes,No,Yes,No,No,Month-to-month,No,Mailed check,81.97,1482.22,No
CUST-00164,Female,1,Yes,No,28,Yes,Yes,Fiber optic,No,Yes,Yes,Yes,Yes,No,Month-to-month,Yes,Bank transfer (automatic),19.75,588.7,Yes
CUST-00165,Female,0,No,Yes,36,Yes,Yes,No,No internet service,No internet service,No internet service,No internet service,No internet service,No internet service,Month-to-month,Yes,Mailed check,36.12,1366.41,No
CUST-00166,Male,1,Yes,No,28,Yes,Yes,Fiber optic,No,Yes,No,Yes,No,No,Month-to-month,Yes,Credit card (automatic),24.26,633.32,Yes
CUST-00167,Female,0,Yes,No,36,Yes,No,DSL,Yes,No,No,No,Yes,Yes,Month-to-month,No,Mailed check,47.04,1650.44,No
CUST-00168,Male,0,No,No,20,No,No phone service,Fiber optic,Yes,No,Yes,Yes,No,No,Month-to-month,No,Credit card (automatic),38.54,833.38,No
CUST-00169,Male,0,Yes,No,11,Yes,No,Fiber optic,Yes,Yes,Yes,No,No,Yes,One year,Yes,Electronic check,66.68,681.61,No
CUST-00170,Female,0,Yes,No,47,Yes,No,DSL,No,Yes,Yes,No,No,No,Month-to-month,Yes,Bank transfer (automatic),83.53,3620.76,No
CUST-00171,Female,0,Yes,Yes,46,Yes,Yes,Fiber optic,No,No,No,Yes,Yes,No,Month-to-month,No,Credit card (automatic),102.22,4923.32,No
CUST-00172,Male,0,No,No,14,Yes,No,DSL,No,Yes,No,Yes,No,Yes,Month-to-month,Yes,Electronic check,48.43,674.08,No
CUST-00173,Male,0,Yes,Yes,66,Yes,No,No,No internet service,No internet service,No internet service,No internet service,No internet service,No internet service,Month-to-month,No,Credit card (automatic),23.04,1454.99,No
CUST-00174,Female,0,Yes,Yes,12,Yes,Yes,DSL,No,No,No,Yes,No,No,Month-to-month,No,Mailed check,18.38,206.09,No
CUST-00175,Female,0,No,No,58,Yes,No,Fiber optic,No,Yes,No,No,No,Yes,Month-to-month,Yes,Mailed check,102.46,6206.8,No
CUST-00176,Female,0,Yes,No,12,Yes,Yes,Fiber optic,Yes,No,No,Yes,No,Yes,Month-to-month,Yes,Mailed check,105.81,1254.36,Yes
CUST-00177,Male,0,Yes,No,71,Yes,Yes,No,No internet service,No internet service,No internet service,No internet service,No internet service,No internet service,Month-to-month,No,Credit card (automatic),28.1,1891.12,No
CUST-00178,Male,0,Yes,No,18,Yes,Yes,DSL,Yes,Yes,No,No,Yes,Yes,Two year,Yes,Credit card (automatic),19.02,372.72,No
CUST-00179,Male,0,No,No,56,Yes,Yes,Fiber optic,No,No,No,Yes,Yes,No,Month-to-month,Yes,Mailed check,98.03,5556.73,No
CUST-00180,Male,0,Yes,Yes,31,Yes,Yes,Fiber optic,Yes,Yes,Yes,Yes,Yes,No,Month-to-month,No,Bank transfer (automatic),82.07,2469.49,Yes
CUST-00181,Male,0,Yes,No,20,Yes,No,DSL,Yes,No,Yes,No,Yes,Yes,Month-to-month,No,Bank transfer (automatic),73.61,1536.88,Yes
CUST-00182,Male,0,No,Yes,13,Yes,Yes,DSL,Yes,Yes,Yes,No,No,Yes,Two year,Yes,Mailed check,71.32,926.5,No
CUST-00183,Female,0,No,No,23,Yes,No,Fiber optic,No,Yes,No,No,No,Yes,Month-to-month,No,Credit card (automatic),95.38,1978.5,No
CUST-00184,Male,0,No,No,48,No,No phone service,Fiber optic,No,No,Yes,No,Yes,No,Month-to-month,No,Bank transfer (automatic),47.33,2426.61,No
CUST-00185,Male,0,Yes,No,31,Yes,Yes,Fiber optic,Yes,No,No,No,Yes,No,Month-to-month,Yes,Mailed check,56.91,1611.2,No
CUST-00186,Male,0,No,No,10,Yes,Yes,DSL,Yes,No,No,Yes,Yes,Yes,Two year,Yes,Mailed check,25.79,283.14,No
CUST-00187,Female,1,No,Yes,59,Yes,No,DSL,No,No,Yes,No,Yes,No,Two year,Yes,Electronic check,74.61,4269.7,No
CUST-00188,Male,0,No,No,67,Yes,Yes,No,No internet service,No internet service,No internet service,No internet service,No internet service,No internet service,Two year,No,Mailed check,114.08,7681.33,No
CUST-00189,Male,0,Yes,Yes,60,Yes,No,Fiber optic,No,Yes,Yes,No,Yes,No,Month-to-month,No,Credit card (automatic),46.39,3061.49,No
CUST-00190,Female,0,No,Yes,4,Yes,Yes,Fiber optic,Yes,No,No,Yes,No,No,Month-to-month,Yes,Electronic check,110.92,423.2,Yes
CUST-00191,Male,0,No,Yes,35,Yes,Yes,Fiber optic,No,No,Yes,No,No,No,Month-to-month,Yes,Electronic check,90.92,3158.44,Yes
CUST-00192,Male,0,No,No,63,Yes,Yes,Fiber optic,Yes,No,No,Yes,No,Yes,Month-to-month,Yes,Bank transfer (automatic),41.39,2740.5,Yes
CUST-00193,Male,0,No,No,31,No,No phone service,DSL,No,No,No,No,Yes,Yes,One year,Yes,Electronic check,84.29,2595.74,No
CUST-00194,Male,0,No,No,70,Yes,Yes,DSL,No,No,Yes,Yes,Yes,Yes,One year,No,Credit card (automatic),54.62,3696.33,No
CUST-00195,Male,0,Yes,No,65,Yes,Yes,DSL,Yes,No,Yes,Yes,Yes,No,Month-to-month,Yes,Bank transfer (automatic),30.23,1815.86,No
CUST-00196,Female,0,Yes,No,9,Yes,No,No,No internet service,No internet service,No internet service,No internet service,No internet service,No internet service,Two year,No,Bank transfer (automatic),27.27,246.07,No
CUST-00197,Female,0,No,No,20,Yes,No,No,No internet service,No internet service,No internet service,No internet service,No internet service,No internet service,Month-to-month,No,Mailed check,19.72,398.48,Yes
CUST-00198,Female,1,No,No,39,Yes,No,Fiber optic,No,No,No,No,No,Yes,Two year,Yes,Credit card (automatic),97.78,3609.65,No
CUST-00199,Male,0,No,No,41,Yes,Yes,DSL,Yes,Yes,Yes,Yes,No,Yes,Month-to-month,No,Credit card (automatic),106.48,4220.65,No
CUST-00200,Male,1,Yes,No,71,Yes,No,DSL,No,Yes,Yes,Yes,No,No,Month-to-month,Yes,Electronic check,66.25,4514.3,Yes
CUST-00201,Male,0,Yes,Yes,45,Yes,No,Fiber optic,Yes,Yes,Yes,No,No,No,One year,Yes,Credit card (automatic),69.99,3103.8,No
CUST-00202,Female,1,Yes,No,40,Yes,No,Fiber optic,Yes,Yes,Yes,Yes,Yes,No,Two year,No,Bank transfer (automatic),87.16,3694.36,No
CUST-00203,Male,1,Yes,No,3,Yes,Yes,Fiber optic,Yes,No,No,Yes,No,No,Month-to-month,No,Bank transfer (automatic),88.09,255.42,Yes
CUST-00204,Male,0,No,Yes,13,Yes,Yes,No,No internet service,No internet service,No internet service,No internet service,No internet service,No internet service,Month-to-month,No,Credit card (automatic),50.41,625.51,No
CUST-00205,Female,0,No,No,13,Yes,Yes,Fiber optic,Yes,Yes,No,Yes,No,No,Two year,No,Electronic check,33.92,470.93,Yes
CUST-00206,Male,0,No,Yes,52,No,No phone service,DSL,Yes,No,No,Yes,No,Yes,Month-to-month,Yes,Mailed check,61.04,3371.56,No
CUST-00207,Female,0,No,Yes,28,Yes,Yes,Fiber optic,No,Yes,Yes,Yes,Yes,No,Month-to-month,Yes,Credit card (automatic),87.7,2599.64,No
CUST-00208,Female,0,Yes,Yes,22,Yes,Yes,DSL,No,Yes,Yes,Yes,No,Yes,Month-to-month,Yes,Electronic check,98.42,2270.37,No
CUST-00209,Female,0,No,No,30,Yes,No,DSL,Yes,Yes,Yes,No,No,Yes,One year,Yes,Electronic check,26.92,870.39,No
CUST-00210,Male,0,Yes,No,70,Yes,Yes,No,No internet service,No internet service,No internet service,No internet service,No internet service,No internet service,One year,No,Electronic check,76.83,5607.45,No
CUST-00211,Male,0,Yes,No,60,No,No phone service,Fiber optic,No,Yes,No,Yes,Yes,No,Month-to-month,Yes,Mailed check,23.41,1311.73,No
CUST-00212,Male,1,No,Yes,22,Yes,No,DSL,Yes,No,No,Yes,Yes,No,Two year,Yes,Mailed check,100.48,2004.08,No
CUST-00213,Male,0,Yes,No,7,Yes,No,DSL,No,No,Yes,No,Yes,No,Month-to-month,Yes,Mailed check,84.68,555.04,Yes
CUST-00214,Male,0,Yes,No,15,Yes,No,Fiber optic,No,No,No,No,No,Yes,Month-to-month,Yes,Electronic check,87.66,1279.3,No
CUST-00215,Male,0,No,Yes,25,Yes,No,Fiber optic,Yes,No,No,Yes,Yes,No,Month-to-month,No,Mailed check,94.17,2143.75,Yes
CUST-00216,Male,1,Yes,No,28,Yes,No,Fiber optic,Yes,No,No,Yes,No,No,One year,Yes,Electronic check,67.56,1988.91,No
CUST-00217,Female,0,Yes,Yes,5,Yes,No,DSL,Yes,Yes,Yes,No,Yes,No,Month-to-month,Yes,Credit card (automatic),47.89,246.22,No
CUST-00218,Male,0,No,Yes,36,Yes,No,Fiber optic,Yes,No,No,Yes,Yes,No,Month-to-month,No,Electronic check,96.57,3628.09,Yes
CUST-00219,Female,0,Yes,No,32,Yes,No,DSL,No,Yes,Yes,No,No,No,Two year,No,Credit card (automatic),95.74,2816.01,No
CUST-00220,Male,0,Yes,No,45,Yes,Yes,Fiber optic,No,No,Yes,Yes,Yes,No,Month-to-month,Yes,Credit card (automatic),31.49,1368.52,Yes
CUST-00221,Male,0,No,Yes,60,Yes,Yes,DSL,Yes,Yes,No,Yes,Yes,Yes,Month-to-month,No,Mailed check,108.28,6444.06,No
CUST-00222,Male,1,Yes,Yes,40,Yes,Yes,DSL,Yes,Yes,Yes,No,No,Yes,Month-to-month,No,Mailed check,40.12,1637.73,No
CUST-00223,Female,0,No,Yes,17,Yes,Yes,DSL,No,Yes,Yes,No,No,Yes,Month-to-month,Yes,Electronic check,48.65,877.13,Yes
CUST-00224,Female,0,Yes,Yes,15,Yes,Yes,DSL,Yes,Yes,Yes,No,No,No,Month-to-month,Yes,Credit card (automatic),39.59,650.5,No
CUST-00225,Female,1,Yes,Yes,50,Yes,No,DSL,No,Yes,Yes,Yes,Yes,Yes,Two year,Yes,Credit card (automatic),114.56,5249.37,No
CUST-00226,Female,0,No,No,36,Yes,No,No,No internet service,No internet service,No internet service,No internet service,No internet service,No internet service,Two year,Yes,Bank transfer (automatic),47.95,1775.1,No
CUST-00227,Male,0,No,No,13,Yes,No,DSL,No,No,Yes,Yes,No,Yes,Two year,Yes,Credit card (automatic),115.14,1387.51,No
CUST-00228,Female,1,Yes,No,67,Yes,Yes,Fiber optic,No,No,Yes,Yes,Yes,Yes,Month-to-month,Yes,Mailed check,81.79,5260.59,Yes
CUST-00229,Male,0,No,No,29,Yes,Yes,Fiber optic,No,Yes,Yes,Yes,No,No,One year,No,Mailed check,35.66,1090.41,Yes
CUST-00230,Male,0,Yes,No,59,Yes,No,DSL,No,Yes,Yes,Yes,Yes,Yes,Two year,No,Credit card (automatic),73.38,4757.25,No
CUST-00231,Female,0,No,Yes,52,Yes,No,Fiber optic,Yes,No,Yes,Yes,No,No,One year,No,Credit card (automatic),106.23,5553.21,No
CUST-00232,Female,0,Yes,Yes,35,Yes,Yes,No,No internet service,No internet service,No internet service,No internet service,No internet service,No internet service,Two year,Yes,Electronic check,74.17,2519.69,No
CUST-00233,Female,0,Yes,No,29,Yes,Yes,DSL,No,No,No,Yes,No,Yes,Month-to-month,Yes,Bank transfer (automatic),31.26,854.7,Yes
CUST-00234,Female,0,Yes,Yes,63,Yes,No,No,No internet service,No internet service,No internet service,No internet service,No internet service,No internet service,One year,No,Bank transfer (automatic),46.69,3107.68,No
CUST-00235,Female,0,Yes,Yes,13,Yes,Yes,No,No internet service,No internet service,No internet service,No internet service,No internet service,No internet service,One year,No,Electronic check,40.48,568.73,No
CUST-00236,Female,1,Yes,Yes,22,Yes,Yes,No,No internet service,No internet service,No internet service,No internet service,No internet service,No internet service,Two year,Yes,Electronic check,30.59,719.9,No
CUST-00237,Female,0,No,No,47,Yes,No,DSL,Yes,No,Yes,No,Yes,Yes,Two year,Yes,Bank transfer (automatic),50.73,2388.93,No
CUST-00238,Female,1,No,No,27,Yes,No,Fiber optic,Yes,No,Yes,Yes,No,No,Month-to-month,No,Bank transfer (automatic),84.11,2311.47,Yes
CUST-00239,Male,0,Yes,No,6,Yes,Yes,Fiber optic,Yes,No,No,Yes,No,Yes,Month-to-month,No,Electronic check,56.25,360.22,No
CUST-00240,Female,0,Yes,No,41,Yes,No,DSL,Yes,Yes,No,Yes,Yes,No,Month-to-month,Yes,Credit card (automatic),62.38,2776.95,No
CUST-00241,Female,0,No,No,9,Yes,No,Fiber optic,No,No,No,Yes,Yes,No,Month-to-month,Yes,Credit card (automatic),50.07,490.2,No
CUST-00242,Male,0,No,No,67,Yes,Yes,No,No internet service,No internet service,No internet service,No internet service,No internet service,No internet service,Two year,Yes,Mailed check,117.45,8167.83,No
CUST-00243,Female,0,No,Yes,43,Yes,Yes,No,No internet service,No internet service,No internet service,No internet service,No internet service,No internet service,Month-to-month,No,Bank transfer (automatic),76.62,3091.5,No
CUST-00244,Male,1,No,Yes,12,Yes,No,DSL,Yes,Yes,No,Yes,Yes,Yes,Two year,No,Bank transfer (automatic),101.39,1171.17,No
CUST-00245,Male,0,No,Yes,32,Yes,Yes,DSL,Yes,Yes,No,Yes,Yes,Yes,One year,Yes,Bank transfer (automatic),62.13,1895.2,No
CUST-00246,Female,0,Yes,Yes,31,Yes,No,DSL,No,No,Yes,No,Yes,No,Two year,Yes,Bank transfer (automatic),34.86,1010.09,No
CUST-00247,Male,0,Yes,Yes,47,Yes,No,DSL,No,Yes,No,Yes,No,Yes,Two year,Yes,Electronic check,102.68,4585.4,No
CUST-00248,Male,0,No,Yes,4,Yes,Yes,Fiber optic,No,No,No,No,No,Yes,Two year,Yes,Credit card (automatic),94.34,405.27,No
CUST-00249,Male,0,No,No,60,Yes,No,No,No internet service,No internet service,No internet service,No internet service,No internet service,No internet service,One year,Yes,Credit card (automatic),50.98,3224.18,No
CUST-00250,Male,0,No,No,2,No,No phone service,Fiber optic,No,No,Yes,Yes,Yes,No,Two year,No,Mailed check,78.64,142.93,No
CUST-00251,Female,0,No,No,23,Yes,Yes,No,No internet service,No internet service,No internet service,No internet service,No internet service,No internet service,Two year,Yes,Bank transfer (automatic),27.35,584.73,No
CUST-00252,Male,0,No,No,33,Yes,Yes,Fiber optic,Yes,No,Yes,Yes,No,Yes,Month-to-month,Yes,Mailed check,20.63,746.8,Yes
CUST-00253,Female,0,No,No,41,Yes,Yes,Fiber optic,No,Yes,Yes,No,Yes,Yes,Month-to-month,Yes,Credit card (automatic),99.58,3859.02,No
CUST-00254,Male,0,No,No,19,Yes,No,Fiber optic,Yes,Yes,Yes,No,Yes,Yes,Two year,Yes,Electronic check,112.19,2188.9,No
CUST-00255,Male,0,No,No,40,Yes,No,No,No internet service,No internet service,No internet service,No internet service,No internet service,No internet service,Month-to-month,No,Credit card (automatic),52.41,1972.95,No
CUST-00256,Male,1,No,Yes,19,Yes,No,No,No internet service,No internet service,No internet service,No internet service,No internet service,No internet service,Two year,Yes,Credit card (automatic),77.76,1398.74,No
CUST-00257,Male,0,Yes,Yes,5,Yes,Yes,Fiber optic,No,Yes,No,Yes,No,No,One year,Yes,Electronic check,89.73,448.52,Yes
CUST-00258,Female,0,No,No,56,Yes,No,No,No internet service,No internet service,No internet service,No internet service,No internet service,No internet service,Month-to-month,No,Electronic check,92.6,5172.81,No
CUST-00259,Female,0,No,No,41,Yes,No,Fiber optic,Yes,Yes,No,No,No,No,One year,No,Credit card (automatic),66.11,2789.75,No
CUST-00260,Male,0,Yes,Yes,24,Yes,Yes,No,No internet service,No internet service,No internet service,No internet service,No internet service,No internet service,One year,Yes,Credit card (automatic),79.33,1777.58,No
CUST-00261,Male,1,Yes,Yes,40,Yes,Yes,Fiber optic,Yes,No,Yes,No,Yes,No,Month-to-month,No,Mailed check,83.71,3189.49,No
CUST-00262,Female,0,Yes,No,40,Yes,No,DSL,No,No,No,Yes,No,No,One year,Yes,Bank transfer (automatic),28.33,1161.34,No
CUST-00263,Male,0,No,Yes,2,No,No phone service,No,No internet service,No internet service,No internet service,No internet service,No internet service,No internet service,Two year,Yes,Electronic check,82.51,151.73,No
CUST-00264,Male,0,No,No,42,Yes,Yes,DSL,No,No,No,Yes,Yes,No,Two year,No,Bank transfer (automatic),69.09,3139.33,No
CUST-00265,Male,0,No,Yes,45,Yes,Yes,No,No internet service,No internet service,No internet service,No internet service,No internet service,No internet service,One year,Yes,Mailed check,55.85,2351.8,No
CUST-00266,Female,0,No,No,56,Yes,Yes,Fiber optic,No,Yes,No,No,Yes,No,Month-to-month,Yes,Electronic check,44.17,2443.04,Yes
CUST-00267,Female,0,Yes,Yes,50,Yes,No,Fiber optic,Yes,Yes,No,No,No,Yes,One year,No,Electronic check,81.79,3769.42,No
CUST-00268,Female,0,No,No,4,Yes,No,DSL,Yes,No,No,No,No,No,Month-to-month,Yes,Bank transfer (automatic),34.68,143.85,No
CUST-00269,Male,0,No,Yes,14,Yes,Yes,DSL,Yes,Yes,Yes,No,No,No,Two year,No,Electronic check,99.08,1339.1,No
CUST-00270,Male,0,Yes,No,38,Yes,Yes,No,No internet service,No internet service,No internet service,No internet service,No internet service,No internet service,Two year,Yes,Credit card (automatic),35.18,1222.84,No
CUST-00271,Female,1,No,No,69,Yes,No,DSL,Yes,No,No,No,Yes,No,Month-to-month,No,Mailed check,95.16,6687.69,Yes
CUST-00272,Female,0,No,No,37,Yes,Yes,No,No internet service,No internet service,No internet service,No internet service,No internet service,No internet service,One year,No,Mailed check,99.74,4045.15,No
CUST-00273,Female,0,No,No,38,Yes,Yes,Fiber optic,No,No,Yes,No,No,No,Month-to-month,Yes,Electronic check,111.97,4570.48,No
CUST-00274,Female,0,No,No,51,Yes,Yes,Fiber optic,Yes,No,No,No,No,No,Month-to-month,Yes,Electronic check,64.33,3413.96,Yes
CUST-00275,Male,1,Yes,No,2,Yes,No,Fiber optic,Yes,Yes,Yes,No,Yes,No,Month-to-month,No,Bank transfer (automatic),24.37,43.99,Yes
CUST-00276,Female,0,Yes,No,28,Yes,No,DSL,Yes,Yes,No,Yes,No,Yes,Month-to-month,Yes,Mailed check,85.77,2574.41,No
CUST-00277,Male,1,Yes,No,30,Yes,Yes,Fiber optic,No,Yes,No,Yes,No,Yes,One year,Yes,Credit card (automatic),46.26,1497.92,Yes
CUST-00278,Female,0,Yes,No,65,Yes,No,Fiber optic,Yes,Yes,Yes,Yes,Yes,No,Two year,Yes,Credit card (automatic),27.27,1608.77,No
CUST-00279,Male,0,No,Yes,44,Yes,Yes,No,No internet service,No internet service,No internet service,No internet service,No internet service,No internet service,Month-to-month,Yes,Bank transfer (automatic),103.58,4213.32,Yes
CUST-00280,Female,0,No,No,21,Yes,No,Fiber optic,Yes,Yes,No,Yes,Yes,Yes,Two year,Yes,Mailed check,31.97,664.85,No
CUST-00281,Female,0,No,No,9,Yes,No,DSL,No,Yes,No,No,No,No,Month-to-month,No,Mailed check,68.64,605.66,Yes
CUST-00282,Female,0,Yes,No,20,Yes,Yes,No,No internet service,No internet service,No internet service,No internet service,No internet service,No internet service,Month-to-month,Yes,Credit card (automatic),96.85,1857.36,No
CUST-00283,Female,0,Yes,No,16,Yes,Yes,Fiber optic,No,Yes,No,No,No,No,One year,Yes,Mailed check,37.91,569.91,No
CUST-00284,Male,0,Yes,No,66,Yes,No,Fiber optic,Yes,No,No,Yes,Yes,Yes,One year,No,Mailed check,107.66,7175.35,No
CUST-00285,Female,0,No,No,6,Yes,No,No,No internet service,No internet service,No internet service,No internet service,No internet service,No internet service,Month-to-month,No,Mailed check,51.16,323.62,No
CUST-00286,Male,0,No,No,35,Yes,Yes,Fiber optic,Yes,No,Yes,Yes,No,Yes,Month-to-month,Yes,Credit card (automatic),57.64,2193.74,Yes
CUST-00287,Male,0,Yes,No,66,Yes,Yes,Fiber optic,Yes,Yes,No,Yes,Yes,Yes,One year,Yes,Electronic check,31.15,1974.12,No
CUST-00288,Male,0,Yes,No,29,Yes,Yes,Fiber optic,No,Yes,Yes,No,Yes,No,Two year,Yes,Mailed check,82.45,2488.24,No
CUST-00289,Male,0,No,No,70,Yes,Yes,DSL,No,No,No,No,No,No,Month-to-month,Yes,Electronic check,67.53,4999.56,Yes
CUST-00290,Female,0,No,No,28,Yes,Yes,Fiber optic,Yes,No,No,No,Yes,Yes,Month-to-month,No,Electronic check,115.42,3217.51,Yes
CUST-00291,Male,0,No,No,71,Yes,No,DSL,Yes,Yes,No,No,Yes,No,Month-to-month,No,Bank transfer (automatic),87.83,6761.11,No
CUST-00292,Male,1,Yes,No,32,Yes,Yes,Fiber optic,Yes,No,No,Yes,Yes,No,Month-to-month,Yes,Electronic check,93.9,2718.13,No
CUST-00293,Male,0,Yes,No,58,No,No phone service,DSL,Yes,Yes,Yes,Yes,Yes,No,Two year,No,Bank transfer (automatic),37.91,2374.89,No
CUST-00294,Female,0,Yes,Yes,19,Yes,Yes,DSL,Yes,Yes,Yes,No,Yes,Yes,Month-to-month,No,Mailed check,89.28,1829.48,No
CUST-00295,Female,0,Yes,No,28,Yes,No,No,No internet service,No internet service,No internet service,No internet service,No internet service,No internet service,One year,Yes,Credit card (automatic),73.74,1914.82,No
CUST-00296,Female,1,No,No,52,Yes,No,Fiber optic,No,No,No,No,No,No,Two year,Yes,Electronic check,58.38,2998.98,No
CUST-00297,Female,0,No,Yes,0,Yes,No,Fiber optic,No,Yes,No,Yes,Yes,Yes,Two year,No,Electronic check,96.27,0.0,No
CUST-00298,Male,0,No,Yes,33,Yes,Yes,Fiber optic,No,Yes,Yes,Yes,Yes,No,Month-to-month,No,Credit card (automatic),115.85,3748.1,No
CUST-00299,Male,1,Yes,No,43,Yes,Yes,Fiber optic,No,No,No,Yes,Yes,No,Two year,No,Bank transfer (automatic),27.48,1275.12,No
CUST-00300,Female,0,No,No,13,Yes,No,Fiber optic,Yes,No,Yes,Yes,No,Yes,Two year,Yes,Bank transfer (automatic),96.89,1313.22,No
CUST-00301,Male,0,No,No,36,Yes,No,No,No internet service,No internet service,No internet service,No internet service,No internet service,No internet service,One year,Yes,Bank transfer (automatic),109.95,3660.15,No
CUST-00302,Male,0,No,No,34,Yes,Yes,DSL,No,Yes,No,No,Yes,No,One year,Yes,Electronic check,49.52,1827.3,No
CUST-00303,Male,0,No,No,58,Yes,No,Fiber optic,No,No,Yes,Yes,No,Yes,One year,No,Mailed check,54.3,2863.54,No
CUST-00304,Female,0,No,No,23,Yes,No,DSL,No,No,No,No,Yes,No,Two year,Yes,Bank transfer (automatic),97.48,2284.94,No
CUST-00305,Female,0,Yes,Yes,64,Yes,Yes,Fiber optic,Yes,No,Yes,Yes,No,No,One year,Yes,Bank transfer (automatic),113.36,7287.96,Yes
CUST-00306,Male,0,No,No,5,Yes,No,No,No internet service,No internet service,No internet service,No internet service,No internet service,No internet service,Month-to-month,Yes,Credit card (automatic),111.89,511.61,Yes
CUST-00307,Female,1,No,Yes,67,Yes,Yes,No,No internet service,No internet service,No internet service,No internet service,No internet service,No internet service,Two year,No,Mailed check,23.56,1640.35,No
CUST-00308,Female,0,Yes,No,37,Yes,No,Fiber optic,Yes,Yes,No,No,No,Yes,Month-to-month,Yes,Mailed check,105.14,4250.07,No
CUST-00309,Female,0,Yes,No,0,Yes,No,DSL,Yes,Yes,Yes,Yes,Yes,Yes,One year,Yes,Mailed check,76.65,0.0,No
CUST-00310,Female,0,No,No,40,Yes,Yes,Fiber optic,No,Yes,Yes,No,Yes,Yes,One year,No,Mailed check,60.11,2411.08,No
CUST-00311,Female,0,No,No,30,Yes,No,Fiber optic,No,No,No,No,Yes,Yes,One year,No,Mailed check,102.55,3005.05,No
CUST-00312,Male,0,No,Yes,35,Yes,Yes,DSL,No,Yes,No,Yes,No,Yes,One year,Yes,Bank transfer (automatic),98.04,3688.9,No
CUST-00313,Female,0,No,No,53,Yes,No,Fiber optic,Yes,No,Yes,No,Yes,Yes,Month-to-month,Yes,Credit card (automatic),68.93,3965.86,Yes
CUST-00314,Male,0,Yes,Yes,30,Yes,No,Fiber optic,No,Yes,Yes,Yes,No,No,Month-to-month,Yes,Bank transfer (automatic),59.07,1735.63,No
CUST-00315,Male,0,No,Yes,28,Yes,Yes,DSL,Yes,Yes,Yes,Yes,Yes,Yes,Month-to-month,Yes,Mailed check,65.25,1969.83,Yes
CUST-00316,Female,0,Yes,No,2,Yes,Yes,Fiber optic,Yes,Yes,Yes,No,No,Yes,Two year,No,Credit card (automatic),49.84,93.79,Yes
CUST-00317,Male,0,No,Yes,57,Yes,No,DSL,No,No,Yes,No,Yes,No,One year,Yes,Electronic check,86.05,4863.53,No
CUST-00318,Male,0,No,No,60,Yes,Yes,DSL,No,Yes,No,Yes,Yes,Yes,Month-to-month,Yes,Electronic check,107.2,6112.87,Yes
CUST-00319,Male,0,No,No,5,Yes,Yes,Fiber optic,Yes,No,Yes,No,Yes,Yes,Month-to-month,Yes,Mailed check,43.05,203.36,No
CUST-00320,Female,0,Yes,Yes,19,Yes,Yes,DSL,Yes,No,Yes,Yes,Yes,Yes,Month-to-month,Yes,Bank transfer (automatic),100.55,2046.86,No
CUST-00321,Female,1,No,Yes,60,Yes,Yes,No,No internet service,No internet service,No internet service,No internet service,No internet service,No internet service,Month-to-month,Yes,Credit card (automatic),54.07,3383.2,No
CUST-00322,Male,0,No,No,45,Yes,No,Fiber optic,Yes,No,Yes,No,No,No,Two year,Yes,Credit card (automatic),31.18,1281.57,No
CUST-00323,Female,0,Yes,No,12,Yes,No,No,No internet service,No internet service,No internet service,No internet service,No internet service,No internet service,Two year,No,Bank transfer (automatic),22.05,278.22,No
CUST-00324,Female,0,No,No,22,Yes,Yes,Fiber optic,Yes,Yes,No,Yes,Yes,Yes,Month-to-month,Yes,Mailed check,65.94,1471.84,No
CUST-00325,Female,0,Yes,No,30,Yes,No,DSL,No,No,Yes,Yes,No,Yes,Month-to-month,No,Electronic check,74.83,2373.74,No
CUST-00326,Female,0,No,No,3,Yes,No,Fiber optic,No,Yes,Yes,Yes,Yes,Yes,Month-to-month,No,Electronic check,18.6,56.84,No
CUST-00327,Male,1,Yes,No,65,Yes,No,No,No internet service,No internet service,No internet service,No internet service,No internet service,No internet service,One year,No,Mailed check,83.26,5279.2,No
CUST-00328,Male,1,Yes,Yes,15,Yes,No,Fiber optic,No,No,Yes,Yes,Yes,Yes,One year,Yes,Credit card (automatic),69.85,1046.7,Yes
CUST-00329,Female,0,Yes,No,30,Yes,No,Fiber optic,Yes,No,No,No,Yes,No,Two year,Yes,Bank transfer (automatic),117.74,3279.03,Yes
CUST-00330,Female,0,No,No,47,Yes,No,Fiber optic,Yes,No,No,No,Yes,Yes,One year,No,Mailed check,28.45,1286.5,No
CUST-00331,Male,0,Yes,No,42,Yes,Yes,DSL,No,No,No,No,Yes,No,Month-to-month,Yes,Credit card (automatic),88.5,3361.9,No
CUST-00332,Male,0,Yes,No,3,Yes,No,DSL,No,Yes,Yes,Yes,No,Yes,Two year,No,Bank transfer (automatic),39.7,116.87,No
CUST-00333,Female,0,No,No,61,Yes,No,DSL,No,Yes,Yes,Yes,No,Yes,Month-to-month,Yes,Credit card (automatic),38.63,2163.79,No
CUST-00334,Male,0,Yes,Yes,47,Yes,Yes,Fiber optic,No,No,Yes,No,No,No,One year,Yes,Credit card (automatic),19.87,963.89,No
CUST-00335,Female,0,No,No,27,Yes,Yes,DSL,No,Yes,Yes,Yes,No,Yes,Month-to-month,Yes,Electronic check,18.65,545.1,Yes
CUST-00336,Female,0,No,No,15,Yes,No,Fiber optic,Yes,No,No,Yes,Yes,Yes,Month-to-month,No,Mailed check,36.66,576.37,Yes
CUST-00337,Male,0,Yes,No,68,Yes,No,Fiber optic,Yes,Yes,Yes,No,No,No,Month-to-month,Yes,Credit card (automatic),35.55,2275.95,No
CUST-00338,Male,1,Yes,Yes,29,Yes,No,Fiber optic,No,No,Yes,Yes,No,Yes,Month-to-month,Yes,Electronic check,18.04,523.9,Yes
CUST-00339,Female,0,No,No,64,Yes,No,DSL,No,No,No,No,Yes,Yes,One year,Yes,Mailed check,89.71,5984.84,No
CUST-00340,Female,0,Yes,No,68,Yes,Yes,Fiber optic,No,No,Yes,Yes,No,Yes,Month-to-month,No,Mailed check,68.37,4933.41,Yes
CUST-00341,Male,0,Yes,No,13,Yes,Yes,Fiber optic,No,No,Yes,No,Yes,No,Month-to-month,No,Bank transfer (automatic),57.61,716.43,No
CUST-00342,Female,1,Yes,Yes,33,Yes,Yes,No,No internet service,No internet service,No internet service,No internet service,No internet service,No internet service,Two year,Yes,Mailed check,28.38,932.25,No
CUST-00343,Male,1,Yes,No,55,No,No phone service,Fiber optic,No,Yes,Yes,Yes,No,Yes,Two year,No,Electronic check,51.39,2602.79,No
CUST-00344,Female,0,No,Yes,28,Yes,Yes,DSL,No,No,No,Yes,Yes,No,One year,Yes,Electronic check,65.06,1904.15,Yes
CUST-00345,Male,0,No,No,24,Yes,Yes,DSL,No,No,No,No,Yes,No,Month-to-month,Yes,Mailed check,117.8,2790.3,No
CUST-00346,Male,0,Yes,No,65,Yes,No,Fiber optic,Yes,Yes,Yes,Yes,No,No,Two year,Yes,Electronic check,69.06,4077.44,No
CUST-00347,Male,0,No,Yes,39,Yes,No,Fiber optic,No,No,No,No,Yes,No,One year,No,Credit card (automatic),19.95,782.63,No
CUST-00348,Female,0,Yes,No,14,Yes,No,DSL,No,Yes,Yes,No,Yes,Yes,One year,Yes,Credit card (automatic),38.77,574.41,No
CUST-00349,Female,0,Yes,No,31,Yes,Yes,Fiber optic,No,No,No,Yes,No,Yes,Two year,No,Bank transfer (automatic),53.45,1505.98,No
CUST-00350,Male,0,Yes,No,19,Yes,No,DSL,Yes,No,No,No,No,No,Month-to-month,No,Credit card (automatic),63.59,1184.85,Yes
CUST-00351,Female,0,Yes,No,52,No,No phone service,Fiber optic,No,Yes,No,No,No,No,Month-to-month,Yes,Mailed check,85.43,4426.25,No
CUST-00352,Male,0,No,No,66,Yes,Yes,DSL,Yes,Yes,Yes,Yes,No,Yes,Two year,No,Credit card (automatic),77.06,5594.1,No
CUST-00353,Male,1,Yes,No,48,Yes,No,No,No internet service,No internet service,No internet service,No internet service,No internet service,No internet service,Two year,No,Bank transfer (automatic),68.93,3122.5,No
CUST-00354,Female,0,No,No,66,Yes,No,DSL,Yes,Yes,Yes,No,No,Yes,Two year,No,Electronic check,101.79,7146.97,No
CUST-00355,Female,0,Yes,No,0,Yes,No,Fiber optic,Yes,No,Yes,No,No,Yes,Two year,Yes,Mailed check,37.62,0.0,No
CUST-00356,Male,0,No,No,38,Yes,No,Fiber optic,No,No,No,Yes,Yes,Yes,Month-to-month,No,Bank transfer (automatic),25.79,1070.97,No
CUST-00357,Female,0,No,Yes,60,Yes,Yes,DSL,No,Yes,No,No,No,Yes,Two year,Yes,Credit card (automatic),101.82,5873.02,No
CUST-00358,Female,0,No,No,54,Yes,No,No,No internet service,No internet service,No internet service,No internet service,No internet service,No internet service,Two year,No,Mailed check,64.22,3222.05,No
CUST-00359,Male,0,No,No,68,Yes,Yes,Fiber optic,Yes,No,No,No,No,Yes,Month-to-month,Yes,Mailed check,73.34,4869.18,No
CUST-00360,Male,1,Yes,No,1,Yes,Yes,DSL,Yes,No,No,No,No,Yes,One year,Yes,Electronic check,101.74,91.88,No
CUST-00361,Female,0,No,No,16,Yes,No,Fiber optic,No,No,No,Yes,Yes,Yes,One year,Yes,Credit card (automatic),112.58,1660.37,No
CUST-00362,Male,0,Yes,No,28,Yes,Yes,No,No internet service,No internet service,No internet service,No internet service,No internet service,No internet service,Month-to-month,Yes,Credit card (automatic),73.2,2048.02,No
CUST-00363,Male,0,No,No,3,Yes,No,No,No internet service,No internet service,No internet service,No internet service,No internet service,No internet service,Month-to-month,Yes,Credit card (automatic),99.23,323.92,Yes
CUST-00364,Female,0,No,No,63,No,No phone service,Fiber optic,Yes,No,No,Yes,No,No,Month-to-month,No,Credit card (automatic),72.48,4515.94,No
CUST-00365,Male,0,No,No,42,Yes,Yes,Fiber optic,No,Yes,Yes,No,No,No,Month-to-month,Yes,Bank transfer (automatic),21.33,924.57,No
CUST-00366,Male,0,Yes,Yes,11,Yes,Yes,DSL,No,No,Yes,No,Yes,No,Month-to-month,Yes,Electronic check,113.59,1301.24,Yes
CUST-00367,Female,0,No,No,49,Yes,No,No,No internet service,No internet service,No internet service,No internet service,No internet service,No internet service,Month-to-month,Yes,Mailed check,99.78,4436.05,No
CUST-00368,Female,0,Yes,No,67,Yes,No,DSL,Yes,Yes,Yes,No,Yes,No,Month-to-month,Yes,Credit card (automatic),93.34,6031.25,Yes
CUST-00369,Male,0,Yes,No,60,Yes,No,DSL,Yes,No,No,Yes,Yes,Yes,Two year,Yes,Electronic check,62.18,4101.68,No
CUST-00370,Male,0,Yes,No,50,Yes,No,No,No internet service,No internet service,No internet service,No internet service,No internet service,No internet service,Month-to-month,No,Mailed check,112.25,5059.12,No
CUST-00371,Female,0,No,Yes,4,Yes,Yes,DSL,Yes,No,Yes,No,No,Yes,Month-to-month,Yes,Credit card (automatic),66.98,266.32,Yes
CUST-00372,Female,0,No,Yes,27,Yes,No,Fiber optic,No,No,No,No,Yes,No,Two year,Yes,Mailed check,90.08,2596.3,No
CUST-00373,Female,0,No,No,9,Yes,Yes,Fiber optic,No,Yes,Yes,Yes,No,Yes,Month-to-month,Yes,Credit card (automatic),28.06,241.85,Yes
CUST-00374,Female,0,No,No,51,Yes,No,No,No internet service,No internet service,No internet service,No internet service,No internet service,No internet service,Month-to-month,Yes,Credit card (automatic),39.89,2236.46,No
CUST-00375,Male,1,No,No,16,Yes,Yes,Fiber optic,Yes,No,No,No,No,Yes,Month-to-month,No,Mailed check,60.42,964.03,Yes
CUST-00376,Female,0,No,No,64,Yes,Yes,Fiber optic,Yes,No,Yes,No,Yes,No,Month-to-month,No,Credit card (automatic),76.13,5275.75,No
CUST-00377,Female,0,No,Yes,20,Yes,Yes,DSL,No,No,Yes,No,No,No,Month-to-month,Yes,Bank transfer (automatic),98.56,1982.37,Yes
CUST-00378,Male,1,Yes,Yes,53,Yes,Yes,DSL,No,No,No,No,No,No,Two year,Yes,Bank transfer (automatic),42.09,2185.1,Yes
CUST-00379,Female,0,No,No,48,No,No phone service,No,No internet service,No internet service,No internet service,No internet service,No internet service,No internet service,One year,No,Mailed check,95.44,4773.62,No
CUST-00380,Male,0,Yes,No,21,Yes,Yes,Fiber optic,No,No,No,Yes,No,No,Month-to-month,No,Credit card (automatic),107.0,2452.95,No
CUST-00381,Female,0,Yes,No,68,Yes,No,DSL,No,Yes,No,Yes,Yes,Yes,Month-to-month,Yes,Mailed check,99.85,6621.54,No
CUST-00382,Female,0,No,No,63,Yes,Yes,Fiber optic,No,No,No,No,No,Yes,Month-to-month,Yes,Electronic check,80.24,5424.08,Yes
CUST-00383,Female,0,No,No,35,No,No phone service,DSL,No,Yes,No,Yes,Yes,No,Month-to-month,Yes,Electronic check,99.0,3575.61,No
CUST-00384,Male,0,Yes,Yes,20,Yes,No,Fiber optic,Yes,No,No,Yes,No,No,Month-to-month,No,Electronic check,105.75,2063.65,Yes
CUST-00385,Male,0,Yes,No,55,Yes,No,DSL,No,Yes,No,No,Yes,Yes,Two year,Yes,Credit card (automatic),73.51,3683.61,No
CUST-00386,Female,0,No,No,47,No,No phone service,DSL,No,No,Yes,No,Yes,No,Month-to-month,Yes,Mailed check,99.02,4478.4,No
CUST-00387,Male,1,Yes,Yes,17,Yes,Yes,Fiber optic,No,Yes,Yes,No,No,Yes,Two year,Yes,Electronic check,60.11,1089.58,No
CUST-00388,Male,0,Yes,No,14,Yes,Yes,No,No internet service,No internet service,No internet service,No internet service,No internet service,No internet service,Month-to-month,Yes,Credit card (automatic),70.25,903.87,No
CUST-00389,Male,1,Yes,No,43,Yes,Yes,Fiber optic,Yes,Yes,Yes,No,Yes,Yes,Month-to-month,No,Credit card (automatic),23.26,1014.62,Yes
CUST-00390,Male,0,Yes,No,44,Yes,Yes,Fiber optic,Yes,No,No,Yes,No,Yes,Two year,Yes,Electronic check,106.35,4690.48,No
CUST-00391,Male,0,No,No,35,Yes,No,DSL,Yes,No,No,No,No,No,One year,No,Bank transfer (automatic),32.04,1157.65,No
CUST-00392,Male,0,No,No,39,No,No phone service,Fiber optic,Yes,No,Yes,No,No,No,One year,No,Bank transfer (automatic),45.62,1935.39,No
CUST-00393,Female,0,Yes,Yes,50,Yes,No,No,No internet service,No internet service,No internet service,No internet service,No internet service,No internet service,One year,Yes,Bank transfer (automatic),49.75,2612.75,Yes
CUST-00394,Female,0,Yes,Yes,29,Yes,Yes,Fiber optic,Yes,No,Yes,No,No,No,Month-to-month,Yes,Bank transfer (automatic),29.59,859.93,No
CUST-00395,Male,0,Yes,Yes,25,Yes,Yes,DSL,No,No,No,No,Yes,No,Two year,Yes,Mailed check,110.18,2936.49,No
CUST-00396,Female,0,No,No,30,Yes,No,No,No internet service,No internet service,No internet service,No internet service,No internet service,No internet service,Two year,No,Mailed check,115.0,3589.15,No
CUST-00397,Female,1,No,Yes,55,Yes,No,Fiber optic,Yes,Yes,Yes,No,No,Yes,One year,Yes,Electronic check,104.52,6203.37,No
CUST-00398,Female,0,Yes,No,60,Yes,Yes,DSL,Yes,Yes,No,Yes,Yes,Yes,One year,Yes,Credit card (automatic),52.64,3300.12,No
CUST-00399,Female,0,Yes,Yes,16,Yes,Yes,Fiber optic,No,No,No,No,No,Yes,Month-to-month,No,Bank transfer (automatic),23.52,395.36,Yes
CUST-00400,Male,0,Yes,No,23,Yes,No,DSL,Yes,Yes,Yes,Yes,Yes,Yes,Month-to-month,No,Credit card (automatic),36.29,765.23,No
CUST-00401,Female,0,No,Yes,3,Yes,Yes,DSL,Yes,Yes,No,No,Yes,No,Month-to-month,No,Credit card (automatic),95.21,257.29,No
CUST-00402,Female,0,Yes,No,8,Yes,Yes,No,No internet service,No internet service,No internet service,No internet service,No internet service,No internet service,Month-to-month,No,Mailed check,46.6,406.77,Yes
CUST-00403,Male,0,Yes,Yes,1,Yes,Yes,Fiber optic,No,Yes,Yes,Yes,Yes,Yes,One year,No,Credit card (automatic),107.26,101.94,No
CUST-00404,Male,0,Yes,No,34,Yes,Yes,Fiber optic,No,No,No,No,No,No,Month-to-month,Yes,Credit card (automatic),101.51,3220.17,Yes
CUST-00405,Female,1,Yes,No,37,Yes,Yes,No,No internet service,No internet service,No internet service,No internet service,No internet service,No internet service,Month-to-month,Yes,Bank transfer (automatic),41.69,1437.24,No
CUST-00406,Female,0,Yes,No,44,Yes,Yes,Fiber optic,No,No,Yes,No,No,Yes,Two year,No,Electronic check,87.35,4026.26,No
CUST-00407,Female,0,No,Yes,14,Yes,No,Fiber optic,No,Yes,No,No,No,Yes,Month-to-month,Yes,Mailed check,62.23,792.18,No
CUST-00408,Female,0,No,Yes,41,Yes,Yes,No,No internet service,No internet service,No internet service,No internet service,No internet service,No internet service,One year,No,Bank transfer (automatic),39.49,1671.23,No
CUST-00409,Female,0,No,No,2,Yes,No,Fiber optic,No,Yes,No,Yes,Yes,Yes,Month-to-month,No,Electronic check,77.01,156.22,No
CUST-00410,Female,0,Yes,No,30,Yes,Yes,DSL,Yes,No,No,Yes,No,No,Month-to-month,Yes,Bank transfer (automatic),101.74,2836.9,No
CUST-00411,Male,0,No,No,51,Yes,No,No,No internet service,No internet service,No internet service,No internet service,No internet service,No internet service,One year,Yes,Electronic check,110.68,5233.12,No
CUST-00412,Female,1,Yes,No,40,Yes,Yes,DSL,Yes,Yes,Yes,Yes,Yes,Yes,Month-to-month,Yes,Bank transfer (automatic),23.87,884.65,No
CUST-00413,Female,0,No,No,56,Yes,No,DSL,No,No,Yes,No,Yes,No,Month-to-month,Yes,Bank transfer (automatic),59.87,3191.47,No
CUST-00414,Male,0,No,No,41,Yes,No,Fiber optic,Yes,No,No,Yes,No,No,Month-to-month,Yes,Electronic check,78.44,3307.24,No
CUST-00415,Male,1,Yes,No,52,Yes,Yes,No,No internet service,No internet service,No internet service,No internet service,No internet service,No internet service,One year,Yes,Bank transfer (automatic),51.8,2535.69,No
CUST-00416,Male,0,Yes,No,55,Yes,No,No,No internet service,No internet service,No internet service,No internet service,No internet service,No internet service,One year,No,Electronic check,49.77,2824.99,No
CUST-00417,Male,0,Yes,Yes,71,Yes,No,Fiber optic,No,No,No,No,No,No,Month-to-month,Yes,Credit card (automatic),95.19,7396.09,No
CUST-00418,Female,0,No,No,52,Yes,Yes,DSL,Yes,Yes,Yes,Yes,Yes,No,Two year,No,Credit card (automatic),96.25,5367.46,No
CUST-00419,Female,0,Yes,Yes,31,No,No phone service,Fiber optic,No,No,No,No,No,No,Month-to-month,No,Electronic check,90.89,2985.56,Yes
CUST-00420,Female,0,No,No,53,Yes,No,Fiber optic,Yes,Yes,Yes,Yes,Yes,No,One year,Yes,Bank transfer (automatic),107.85,6229.51,No
CUST-00421,Female,0,No,No,36,Yes,Yes,DSL,Yes,Yes,No,Yes,No,Yes,One year,Yes,Credit card (automatic),67.47,2483.56,No
CUST-00422,Female,0,No,No,7,Yes,No,Fiber optic,No,No,No,No,No,Yes,Two year,Yes,Electronic check,96.78,713.89,No
CUST-00423,Female,0,Yes,No,10,Yes,Yes,Fiber optic,Yes,Yes,No,No,Yes,No,Month-to-month,No,Mailed check,19.12,201.67,No
CUST-00424,Male,0,Yes,No,53,Yes,No,Fiber optic,No,No,No,Yes,Yes,No,Two year,No,Credit card (automatic),116.74,6774.44,No
CUST-00425,Female,0,Yes,No,59,Yes,No,Fiber optic,Yes,No,No,No,Yes,Yes,Month-to-month,No,Electronic check,109.92,6676.18,Yes
CUST-00426,Male,0,No,No,9,Yes,No,DSL,No,No,No,Yes,No,Yes,Month-to-month,No,Electronic check,102.13,877.45,Yes
CUST-00427,Male,0,No,Yes,69,Yes,No,Fiber optic,Yes,Yes,Yes,No,No,No,Month-to-month,Yes,Credit card (automatic),76.78,4975.37,Yes
CUST-00428,Female,0,Yes,Yes,41,Yes,Yes,DSL,Yes,Yes,Yes,No,Yes,No,Month-to-month,Yes,Bank transfer (automatic),72.42,2854.43,No
CUST-00429,Male,0,No,No,36,Yes,No,Fiber optic,No,Yes,Yes,No,Yes,No,Month-to-month,No,Mailed check,33.01,1250.57,Yes
CUST-00430,Female,0,No,Yes,57,Yes,Yes,Fiber optic,No,No,No,No,No,No,One year,No,Electronic check,23.4,1375.56,No
CUST-00431,Male,1,No,No,58,Yes,Yes,DSL,Yes,No,No,No,No,No,Month-to-month,No,Bank transfer (automatic),43.59,2386.26,No
CUST-00432,Female,0,Yes,No,23,Yes,No,DSL,Yes,No,Yes,No,Yes,Yes,Month-to-month,No,Bank transfer (automatic),33.1,816.09,No
CUST-00433,Male,0,No,No,27,Yes,No,DSL,No,No,Yes,No,No,Yes,Month-to-month,Yes,Electronic check,74.08,2192.71,Yes
CUST-00434,Female,0,No,No,36,No,No phone service,Fiber optic,Yes,Yes,Yes,Yes,Yes,No,Two year,Yes,Mailed check,51.25,1939.91,No
CUST-00435,Female,0,Yes,No,20,Yes,No,DSL,Yes,Yes,No,No,Yes,No,Month-to-month,Yes,Credit card (automatic),56.79,1036.33,No
CUST-00436,Female,0,Yes,No,32,Yes,Yes,DSL,Yes,Yes,No,No,Yes,Yes,Month-to-month,Yes,Mailed check,20.64,677.33,No
CUST-00437,Female,1,Yes,No,1,Yes,No,DSL,Yes,Yes,No,Yes,Yes,No,Month-to-month,Yes,Bank transfer (automatic),72.86,79.24,Yes
CUST-00438,Female,0,Yes,Yes,27,No,No phone service,Fiber optic,Yes,Yes,Yes,Yes,Yes,Yes,Two year,Yes,Electronic check,83.62,2173.28,No
CUST-00439,Male,0,Yes,No,14,Yes,Yes,Fiber optic,No,Yes,No,No,No,No,One year,Yes,Electronic check,51.44,732.46,No
CUST-00440,Male,0,Yes,No,0,Yes,Yes,Fiber optic,Yes,Yes,No,Yes,No,No,Two year,Yes,Mailed check,31.13,0.0,No
CUST-00441,Male,1,No,No,27,Yes,No,Fiber optic,No,Yes,Yes,Yes,No,Yes,Two year,Yes,Mailed check,88.37,2567.65,No
CUST-00442,Female,0,No,No,49,Yes,No,Fiber optic,Yes,No,Yes,Yes,No,Yes,Two year,Yes,Mailed check,30.9,1626.14,No
CUST-00443,Male,1,No,No,34,Yes,No,No,No internet service,No internet service,No internet service,No internet service,No internet service,No internet service,One year,Yes,Electronic check,99.69,3297.58,No
CUST-00444,Female,0,No,No,27,Yes,No,DSL,No,Yes,No,No,Yes,Yes,Two year,No,Electronic check,72.6,1901.27,No
CUST-00445,Female,0,Yes,No,8,Yes,No,Fiber optic,No,Yes,Yes,No,No,Yes,Month-to-month,No,Bank transfer (automatic),41.74,300.53,Yes
CUST-00446,Male,0,No,No,23,No,No phone service,Fiber optic,Yes,Yes,No,No,No,Yes,One year,No,Mailed check,107.87,2390.43,No
CUST-00447,Male,0,Yes,Yes,62,Yes,No,Fiber optic,Yes,No,No,No,Yes,No,Month-to-month,Yes,Bank transfer (automatic),32.18,2107.46,No
CUST-00448,Female,0,Yes,No,3,Yes,No,Fiber optic,No,Yes,No,Yes,No,No,Month-to-month,No,Bank transfer (automatic),78.12,212.27,No
CUST-00449,Male,0,No,No,55,Yes,No,No,No internet service,No internet service,No internet service,No internet service,No internet service,No internet service,Month-to-month,No,Mailed check,79.75,4125.48,No
CUST-00450,Female,0,No,Yes,40,Yes,No,No,No internet service,No internet service,No internet service,No internet service,No internet service,No internet service,Month-to-month,Yes,Credit card (automatic),21.73,909.23,No
CUST-00451,Female,0,Yes,No,66,Yes,Yes,Fiber optic,No,Yes,Yes,Yes,No,Yes,Month-to-month,No,Electronic check,78.97,5366.29,No
CUST-00452,Female,0,Yes,Yes,47,Yes,Yes,Fiber optic,Yes,Yes,Yes,No,Yes,Yes,Month-to-month,Yes,Credit card (automatic),87.42,4508.65,No
CUST-00453,Female,0,Yes,No,57,Yes,No,Fiber optic,Yes,Yes,Yes,No,No,Yes,One year,Yes,Electronic check,109.01,6077.64,No
CUST-00454,Female,0,Yes,No,38,Yes,No,Fiber optic,Yes,No,Yes,No,No,Yes,Month-to-month,Yes,Electronic check,88.89,3130.08,No
CUST-00455,Male,0,No,No,24,No,No phone service,No,No internet service,No internet service,No internet service,No internet service,No internet service,No internet service,One year,No,Electronic check,66.44,1647.09,No
CUST-00456,Male,0,Yes,No,59,Yes,No,Fiber optic,No,No,Yes,No,Yes,No,Month-to-month,Yes,Mailed check,103.33,5583.18,No
CUST-00457,Female,0,No,Yes,46,Yes,No,DSL,No,No,No,Yes,No,No,Two year,No,Mailed check,53.38,2267.27,No
CUST-00458,Female,0,Yes,Yes,60,Yes,Yes,Fiber optic,Yes,No,Yes,No,Yes,No,Month-to-month,Yes,Mailed check,103.55,6297.4,Yes
CUST-00459,Male,0,Yes,No,26,Yes,No,Fiber optic,No,No,No,Yes,Yes,No,Month-to-month,Yes,Electronic check,102.4,2647.48,Yes
CUST-00460,Male,0,Yes,No,41,Yes,Yes,No,No internet service,No internet service,No internet service,No internet service,No internet service,No internet service,Month-to-month,Yes,Mailed check,78.37,3061.26,No
CUST-00461,Female,0,No,No,51,Yes,No,No,No internet service,No internet service,No internet service,No internet service,No internet service,No internet service,One year,Yes,Bank transfer (automatic),52.46,2663.67,No
CUST-00462,Male,0,Yes,No,47,Yes,No,No,No internet service,No internet service,No internet service,No internet service,No internet service,No internet service,Month-to-month,Yes,Credit card (automatic),77.12,3891.65,Yes
CUST-00463,Female,0,No,No,31,Yes,No,Fiber optic,Yes,No,No,No,Yes,Yes,Month-to-month,Yes,Bank transfer (automatic),108.59,3517.77,No
CUST-00464,Male,0,No,No,23,Yes,No,DSL,No,Yes,Yes,Yes,No,Yes,Two year,Yes,Electronic check,81.65,1860.97,No
CUST-00465,Female,0,No,No,2,Yes,No,Fiber optic,Yes,No,No,Yes,No,No,Month-to-month,Yes,Mailed check,102.0,196.3,No
CUST-00466,Male,0,Yes,Yes,26,Yes,No,DSL,No,Yes,No,Yes,Yes,No,Month-to-month,Yes,Bank transfer (automatic),52.46,1386.38,No
CUST-00467,Female,0,No,No,39,Yes,No,No,No internet service,No internet service,No internet service,No internet service,No internet service,No internet service,One year,Yes,Credit card (automatic),47.23,1658.83,No
CUST-00468,Male,0,No,No,22,Yes,No,Fiber optic,No,No,Yes,Yes,No,No,Two year,No,Electronic check,43.58,1003.45,No
CUST-00469,Male,0,Yes,Yes,6,Yes,Yes,No,No internet service,No internet service,No internet service,No internet service,No internet service,No internet service,Month-to-month,Yes,Electronic check,67.13,427.14,No
CUST-00470,Female,0,Yes,No,36,Yes,No,Fiber optic,No,No,Yes,No,No,Yes,Month-to-month,Yes,Bank transfer (automatic),61.2,2036.53,No
CUST-00471,Male,0,No,No,6,Yes,No,DSL,No,No,Yes,No,No,No,Two year,Yes,Electronic check,103.42,608.44,No
CUST-00472,Female,0,No,No,21,Yes,No,Fiber optic,Yes,No,Yes,Yes,Yes,No,Month-to-month,Yes,Bank transfer (automatic),29.26,570.84,No
CUST-00473,Male,1,Yes,No,16,Yes,No,DSL,Yes,Yes,No,No,Yes,No,Month-to-month,Yes,Mailed check,73.4,1279.82,No
CUST-00474,Female,0,No,Yes,18,Yes,No,Fiber optic,Yes,Yes,No,No,No,Yes,One year,Yes,Electronic check,58.34,1118.59,No
CUST-00475,Male,0,No,No,38,Yes,Yes,Fiber optic,No,Yes,Yes,No,Yes,Yes,Month-to-month,Yes,Bank transfer (automatic),111.76,3839.24,No
CUST-00476,Female,0,No,Yes,35,Yes,No,Fiber optic,No,Yes,Yes,No,No,No,Two year,Yes,Mailed check,96.84,3708.26,No
CUST-00477,Male,0,Yes,No,14,Yes,Yes,DSL,No,No,No,No,Yes,No,One year,Yes,Credit card (automatic),61.34,797.24,No
CUST-00478,Female,0,No,No,62,Yes,Yes,No,No internet service,No internet service,No internet service,No internet service,No internet service,No internet service,Month-to-month,Yes,Bank transfer (automatic),82.06,4664.43,No
CUST-00479,Male,0,Yes,No,28,No,No phone service,Fiber optic,Yes,No,No,No,Yes,No,One year,No,Credit card (automatic),92.56,2349.41,No
CUST-00480,Female,0,Yes,Yes,59,Yes,Yes,No,No internet service,No internet service,No internet service,No internet service,No internet service,No internet service,Month-to-month,No,Credit card (automatic),25.11,1567.61,No
CUST-00481,Female,0,Yes,No,55,Yes,No,DSL,Yes,No,No,No,Yes,No,Two year,No,Electronic check,85.37,5094.7,No
CUST-00482,Female,1,No,No,39,Yes,Yes,DSL,No,No,Yes,Yes,No,Yes,Month-to-month,Yes,Bank transfer (automatic),31.95,1145.28,No
CUST-00483,Male,0,Yes,No,15,No,No phone service,No,No internet service,No internet service,No internet service,No internet service,No internet service,No internet service,One year,Yes,Mailed check,36.89,606.84,No
CUST-00484,Female,0,No,No,32,Yes,Yes,DSL,Yes,No,Yes,No,No,Yes,Month-to-month,No,Bank transfer (automatic),64.12,1976.27,Yes
CUST-00485,Male,0,Yes,Yes,15,Yes,No,Fiber optic,Yes,No,No,Yes,Yes,No,Month-to-month,No,Bank transfer (automatic),115.95,1801.46,No
CUST-00486,Female,0,No,No,29,No,No phone service,No,No internet service,No internet service,No internet service,No internet service,No internet service,No internet service,Two year,No,Electronic check,113.22,3602.7,No
CUST-00487,Male,0,No,No,65,Yes,Yes,Fiber optic,No,Yes,No,No,Yes,Yes,Month-to-month,Yes,Electronic check,108.23,6343.41,Yes
CUST-00488,Female,0,No,No,43,Yes,No,DSL,No,No,Yes,No,Yes,Yes,Month-to-month,Yes,Mailed check,21.43,930.11,No
CUST-00489,Male,0,Yes,No,37,No,No phone service,DSL,No,No,Yes,Yes,Yes,No,Two year,No,Electronic check,103.28,3940.58,No
CUST-00490,Male,0,No,No,50,Yes,Yes,Fiber optic,No,No,Yes,No,Yes,Yes,Month-to-month,Yes,Mailed check,95.62,4658.0,No
CUST-00491,Female,0,No,No,59,Yes,Yes,Fiber optic,No,No,Yes,No,No,Yes,One year,Yes,Mailed check,67.88,3692.51,No
CUST-00492,Male,0,Yes,No,17,Yes,Yes,DSL,Yes,No,No,No,No,Yes,Two year,Yes,Mailed check,50.54,879.99,No
CUST-00493,Male,0,Yes,Yes,4,Yes,No,Fiber optic,Yes,Yes,No,Yes,No,Yes,Two year,No,Bank transfer (automatic),93.56,340.33,No
CUST-00494,Female,1,No,Yes,39,Yes,Yes,Fiber optic,Yes,Yes,No,No,Yes,No,Month-to-month,Yes,Credit card (automatic),28.7,1214.09,No
CUST-00495,Male,0,Yes,No,5,Yes,No,No,No internet service,No internet service,No internet service,No internet service,No internet service,No internet service,Month-to-month,No,Credit card (automatic),83.04,412.05,Yes
CUST-00496,Male,0,Yes,Yes,11,Yes,No,DSL,No,No,No,Yes,No,Yes,One year,No,Electronic check,85.19,1013.98,No
CUST-00497,Male,0,Yes,No,11,Yes,Yes,Fiber optic,No,No,Yes,No,No,Yes,Month-to-month,Yes,Bank transfer (automatic),73.37,861.39,No
CUST-00498,Female,0,No,No,21,Yes,Yes,No,No internet service,No internet service,No internet service,No internet service,No internet service,No internet service,Two year,Yes,Bank transfer (automatic),105.78,2000.86,No
CUST-00499,Male,0,Yes,No,48,Yes,No,Fiber optic,No,No,Yes,No,No,Yes,Month-to-month,Yes,Credit card (automatic),50.99,2427.56,Yes
CUST-00500,Female,0,No,No,49,Yes,No,Fiber optic,No,No,Yes,No,Yes,No,Month-to-month,Yes,Credit card (automatic),65.82,3475.33,No
CUST-00501,Male,1,Yes,No,3,Yes,No,DSL,No,No,Yes,No,Yes,Yes,Two year,Yes,Bank transfer (automatic),93.87,274.41,No
CUST-00502,Male,0,Yes,Yes,49,Yes,Yes,DSL,Yes,No,Yes,Yes,No,No,Month-to-month,No,Bank transfer (automatic),89.67,4238.48,No
CUST-00503,Male,0,No,No,2,Yes,Yes,Fiber optic,No,No,Yes,Yes,Yes,No,Month-to-month,No,Bank transfer (automatic),74.25,154.01,Yes
CUST-00504,Female,0,Yes,Yes,15,Yes,Yes,DSL,Yes,No,Yes,Yes,Yes,Yes,Month-to-month,No,Electronic check,45.21,705.96,No
CUST-00505,Male,0,Yes,No,13,Yes,No,No,No internet service,No internet service,No internet service,No internet service,No internet service,No internet service,One year,Yes,Credit card (automatic),47.43,634.24,No
CUST-00506,Male,0,Yes,No,63,Yes,Yes,No,No internet service,No internet service,No internet service,No internet service,No internet service,No internet service,Month-to-month,Yes,Electronic check,92.12,5644.99,No
CUST-00507,Female,0,Yes,No,40,Yes,No,DSL,Yes,No,No,No,No,Yes,Two year,Yes,Mailed check,18.57,677.97,No
CUST-00508,Male,0,No,No,67,Yes,No,Fiber optic,Yes,No,No,No,No,Yes,Month-to-month,No,Credit card (automatic),83.27,6051.09,Yes
CUST-00509,Female,0,No,No,58,Yes,No,No,No internet service,No internet service,No internet service,No internet service,No internet service,No internet service,Month-to-month,Yes,Electronic check,42.83,2393.33,No
CUST-00510,Female,0,No,No,1,Yes,No,Fiber optic,Yes,No,No,No,No,No,Month-to-month,Yes,Bank transfer (automatic),85.3,90.34,Yes
CUST-00511,Male,1,No,No,9,Yes,No,Fiber optic,No,Yes,Yes,Yes,Yes,Yes,Month-to-month,Yes,Credit card (automatic),36.69,320.41,No
CUST-00512,Female,0,No,No,25,Yes,Yes,Fiber optic,Yes,Yes,Yes,No,Yes,No,Month-to-month,Yes,Bank transfer (automatic),55.64,1389.54,No
CUST-00513,Male,0,No,No,3,Yes,No,DSL,No,Yes,No,No,Yes,Yes,Month-to-month,Yes,Credit card (automatic),93.38,273.06,No
CUST-00514,Female,0,No,No,27,Yes,Yes,No,No internet service,No internet service,No internet service,No internet service,No internet service,No internet service,Two year,No,Mailed check,93.52,2313.61,No
CUST-00515,Female,0,Yes,Yes,1,Yes,No,No,No internet service,No internet service,No internet service,No internet service,No internet service,No internet service,Two year,No,Electronic check,38.97,37.64,No
CUST-00516,Male,0,No,Yes,65,Yes,Yes,DSL,No,Yes,No,No,Yes,Yes,Two year,Yes,Electronic check,55.63,3945.49,No
CUST-00517,Female,0,No,Yes,15,No,No phone service,DSL,No,No,No,Yes,No,No,Two year,No,Mailed check,68.25,943.97,No
CUST-00518,Female,0,No,Yes,56,Yes,No,No,No internet service,No internet service,No internet service,No internet service,No internet service,No internet service,Month-to-month,No,Bank transfer (automatic),76.74,4345.44,No
CUST-00519,Female,0,Yes,No,22,Yes,Yes,Fiber optic,Yes,No,No,No,Yes,Yes,Month-to-month,No,Bank transfer (automatic),92.24,2219.39,Yes
CUST-00520,Female,0,No,No,22,Yes,Yes,DSL,No,Yes,No,No,No,No,One year,Yes,Credit card (automatic),20.36,404.97,No
CUST-00521,Female,1,No,No,20,Yes,No,DSL,No,Yes,No,Yes,Yes,Yes,One year,Yes,Credit card (automatic),29.53,539.71,No
CUST-00522,Male,0,No,No,24,Yes,No,DSL,Yes,No,No,Yes,Yes,Yes,Month-to-month,No,Credit card (automatic),33.77,876.8,No
CUST-00523,Female,0,Yes,No,57,No,No phone service,No,No internet service,No internet service,No internet service,No internet service,No internet service,No internet service,Two year,No,Credit card (automatic),37.07,2212.54,No
CUST-00524,Male,0,No,No,36,Yes,Yes,Fiber optic,No,No,No,No,Yes,No,Month-to-month,No,Bank transfer (automatic),21.03,763.94,No
CUST-00525,Female,0,Yes,No,48,Yes,Yes,Fiber optic,No,Yes,Yes,Yes,Yes,No,Two year,Yes,Bank transfer (automatic),110.05,5321.11,No
CUST-00526,Male,0,Yes,No,14,Yes,Yes,No,No internet service,No internet service,No internet service,No internet service,No internet service,No internet service,Month-to-month,No,Bank transfer (automatic),34.22,524.58,No
CUST-00527,Male,0,Yes,No,27,Yes,No,Fiber optic,No,Yes,No,No,No,Yes,Month-to-month,No,Electronic check,25.36,619.12,Yes
CUST-00528,Female,0,Yes,No,66,No,No phone service,Fiber optic,No,Yes,No,No,Yes,Yes,Month-to-month,Yes,Mailed check,65.17,4103.77,No
CUST-00529,Female,0,No,No,3,Yes,No,No,No internet service,No internet service,No internet service,No internet service,No internet service,No internet service,Month-to-month,Yes,Mailed check,112.12,324.04,No
CUST-00530,Female,0,Yes,No,46,Yes,No,DSL,Yes,No,No,Yes,No,No,Two year,No,Electronic check,114.44,4863.62,No
CUST-00531,Male,0,Yes,Yes,49,Yes,Yes,No,No internet service,No internet service,No internet service,No internet service,No internet service,No internet service,Two year,No,Electronic check,85.64,4076.53,No
CUST-00532,Female,0,No,No,59,Yes,Yes,DSL,No,Yes,Yes,Yes,Yes,Yes,Month-to-month,Yes,Electronic check,35.83,2059.18,No
CUST-00533,Male,0,Yes,No,61,Yes,No,Fiber optic,No,No,No,No,Yes,Yes,Two year,Yes,Bank transfer (automatic),18.38,1224.06,No
CUST-00534,Male,0,Yes,No,66,No,No phone service,DSL,No,No,No,No,No,No,Month-to-month,No,Credit card (automatic),51.5,3359.59,No
CUST-00535,Male,0,Yes,No,71,Yes,Yes,No,No internet service,No internet service,No internet service,No internet service,No internet service,No internet service,One year,No,Credit card (automatic),30.55,2357.66,No
CUST-00536,Female,0,Yes,No,42,Yes,No,Fiber optic,Yes,Yes,Yes,Yes,Yes,No,Month-to-month,Yes,Credit card (automatic),93.51,4170.95,No
CUST-00537,Female,0,Yes,No,57,Yes,No,DSL,No,No,Yes,No,Yes,No,Month-to-month,No,Mailed check,114.91,6860.12,No
CUST-00538,Male,0,Yes,No,51,Yes,Yes,DSL,No,No,Yes,No,Yes,Yes,Month-to-month,Yes,Credit card (automatic),26.37,1299.29,No
CUST-00539,Male,0,No,No,68,No,No phone service,Fiber optic,Yes,Yes,Yes,Yes,Yes,No,Month-to-month,Yes,Electronic check,57.69,3865.63,No
CUST-00540,Female,0,No,No,45,No,No phone service,Fiber optic,Yes,Yes,No,Yes,No,No,Month-to-month,No,Electronic check,108.25,4427.54,No
CUST-00541,Male,0,No,No,24,Yes,Yes,Fiber optic,Yes,Yes,No,Yes,No,Yes,Month-to-month,No,Mailed check,90.83,2126.45,No
CUST-00542,Female,0,No,Yes,24,Yes,Yes,No,No internet service,No internet service,No internet service,No internet service,No internet service,No internet service,Month-to-month,Yes,Electronic check,104.98,2706.17,No
CUST-00543,Male,0,Yes,No,34,Yes,No,No,No internet service,No internet service,No internet service,No internet service,No internet service,No internet service,One year,No,Bank transfer (automatic),110.3,3961.25,No
CUST-00544,Female,0,Yes,Yes,60,Yes,Yes,Fiber optic,No,No,No,No,No,Yes,Month-to-month,No,Electronic check,59.26,3774.88,Yes
CUST-00545,Male,0,Yes,No,14,Yes,Yes,Fiber optic,Yes,Yes,Yes,Yes,Yes,No,Month-to-month,No,Electronic check,87.37,1155.07,Yes
CUST-00546,Female,0,No,No,34,Yes,Yes,DSL,No,No,Yes,No,No,Yes,One year,Yes,Electronic check,88.93,2848.27,No
CUST-00547,Male,0,No,Yes,28,Yes,Yes,No,No internet service,No internet service,No internet service,No internet service,No internet service,No internet service,Month-to-month,No,Mailed check,81.08,2344.41,Yes
CUST-00548,Female,1,Yes,No,37,Yes,Yes,DSL,Yes,No,Yes,Yes,No,No,Month-to-month,Yes,Bank transfer (automatic),50.58,1928.08,No
CUST-00549,Female,0,Yes,No,68,No,No phone service,Fiber optic,No,No,No,No,No,No,Two year,No,Electronic check,101.22,6463.53,No
CUST-00550,Male,0,No,Yes,23,Yes,No,Fiber optic,Yes,No,Yes,Yes,Yes,Yes,Two year,No,Bank transfer (automatic),94.89,2278.34,No
CUST-00551,Male,1,No,Yes,18,Yes,No,No,No internet service,No internet service,No internet service,No internet service,No internet service,No internet service,Month-to-month,No,Bank transfer (automatic),62.52,1097.49,No
CUST-00552,Female,1,No,No,45,Yes,No,Fiber optic,No,No,Yes,No,Yes,No,One year,Yes,Credit card (automatic),60.1,2913.72,No
CUST-00553,Male,0,No,No,48,Yes,No,No,No internet service,No internet service,No internet service,No internet service,No internet service,No internet service,Two year,No,Bank transfer (automatic),19.08,891.02,No
CUST-00554,Female,0,Yes,No,43,Yes,Yes,DSL,Yes,No,Yes,Yes,Yes,Yes,Two year,Yes,Bank transfer (automatic),102.34,4162.95,No
CUST-00555,Male,0,No,No,25,Yes,No,Fiber optic,No,No,No,No,No,Yes,Two year,Yes,Bank transfer (automatic),46.4,1089.44,No
CUST-00556,Female,0,No,No,24,Yes,No,DSL,Yes,Yes,No,No,No,No,Two year,No,Mailed check,65.08,1686.31,No
CUST-00557,Female,0,Yes,No,34,Yes,No,No,No internet service,No internet service,No internet service,No internet service,No internet service,No internet service,Two year,Yes,Credit card (automatic),59.13,2155.18,No
CUST-00558,Female,0,Yes,No,35,Yes,Yes,Fiber optic,No,Yes,No,No,Yes,Yes,Month-to-month,Yes,Mailed check,85.81,2958.82,No
CUST-00559,Female,0,Yes,No,13,Yes,Yes,Fiber optic,Yes,No,No,No,No,No,One year,No,Bank transfer (automatic),57.01,702.7,Yes
CUST-00560,Female,1,No,No,55,Yes,Yes,DSL,Yes,Yes,Yes,Yes,No,Yes,Two year,No,Mailed check,35.97,1893.1,No
CUST-00561,Female,0,No,No,5,Yes,No,Fiber optic,Yes,Yes,Yes,Yes,Yes,No,Month-to-month,Yes,Electronic check,104.86,512.24,Yes
CUST-00562,Male,0,No,No,31,Yes,Yes,DSL,Yes,Yes,No,No,Yes,Yes,Month-to-month,Yes,Mailed check,36.35,1024.16,Yes
CUST-00563,Male,0,No,No,25,Yes,Yes,DSL,No,No,No,No,Yes,No,One year,Yes,Mailed check,20.84,475.91,No
CUST-00564,Male,0,Yes,No,14,Yes,Yes,DSL,Yes,Yes,Yes,No,No,No,One year,Yes,Mailed check,37.62,571.71,No
CUST-00565,Female,0,Yes,Yes,48,Yes,No,DSL,No,No,No,No,Yes,Yes,Two year,No,Mailed check,63.51,3210.73,No
CUST-00566,Female,0,No,No,55,Yes,Yes,DSL,Yes,No,No,No,No,Yes,Month-to-month,No,Electronic check,60.32,3525.93,No
CUST-00567,Female,0,No,No,36,Yes,No,DSL,No,Yes,No,Yes,No,Yes,Two year,No,Electronic check,97.63,3499.67,No
CUST-00568,Female,0,No,No,52,Yes,No,DSL,No,Yes,No,No,Yes,No,Month-to-month,Yes,Credit card (automatic),37.49,1896.84,No
CUST-00569,Male,0,Yes,No,57,Yes,Yes,Fiber optic,Yes,No,Yes,Yes,Yes,Yes,Month-to-month,Yes,Mailed check,95.56,5002.42,No
CUST-00570,Male,1,No,No,35,Yes,Yes,Fiber optic,Yes,Yes,No,Yes,Yes,No,Month-to-month,No,Mailed check,27.64,978.64,No
CUST-00571,Female,0,Yes,No,10,Yes,Yes,No,No internet service,No internet service,No internet service,No internet service,No internet service,No internet service,Two year,Yes,Credit card (automatic),65.37,685.52,No
CUST-00572,Male,0,No,No,26,Yes,Yes,Fiber optic,Yes,No,No,No,No,Yes,Month-to-month,No,Credit card (automatic),104.53,2552.49,No
CUST-00573,Male,0,Yes,Yes,1,Yes,No,DSL,Yes,Yes,No,Yes,No,No,Month-to-month,Yes,Credit card (automatic),59.29,57.98,Yes
CUST-00574,Female,0,Yes,No,21,Yes,No,Fiber optic,No,Yes,Yes,No,No,No,Two year,No,Electronic check,114.33,2606.12,Yes
CUST-00575,Male,0,No,No,65,Yes,No,DSL,Yes,Yes,Yes,Yes,No,No,Month-to-month,Yes,Bank transfer (automatic),81.1,5633.92,Yes
CUST-00576,Female,0,Yes,No,16,Yes,No,Fiber optic,No,Yes,Yes,No,Yes,Yes,Month-to-month,No,Bank transfer (automatic),93.67,1588.13,No
CUST-00577,Male,0,Yes,No,3,Yes,Yes,Fiber optic,No,No,Yes,Yes,Yes,Yes,Month-to-month,Yes,Electronic check,68.99,187.91,Yes
CUST-00578,Female,1,No,No,13,Yes,No,Fiber optic,Yes,Yes,No,Yes,Yes,Yes,Two year,Yes,Credit card (automatic),60.98,739.72,No
CUST-00579,Female,0,Yes,Yes,6,Yes,No,Fiber optic,Yes,No,Yes,No,Yes,Yes,Two year,Yes,Mailed check,26.47,152.66,No
CUST-00580,Female,0,No,No,15,Yes,Yes,No,No internet service,No internet service,No internet service,No internet service,No internet service,No internet service,Month-to-month,No,Mailed check,29.99,432.18,No
CUST-00581,Female,0,Yes,Yes,65,Yes,No,DSL,No,No,Yes,Yes,No,Yes,Month-to-month,No,Electronic check,75.17,4523.47,No
CUST-00582,Male,0,Yes,No,18,No,No phone service,No,No internet service,No internet service,No internet service,No internet service,No internet service,No internet service,Two year,No,Mailed check,79.36,1368.33,No
CUST-00583,Female,0,Yes,No,0,Yes,Yes,Fiber optic,No,No,No,Yes,No,Yes,Month-to-month,No,Electronic check,116.48,0.0,Yes
CUST-00584,Female,0,Yes,No,30,Yes,Yes,No,No internet service,No internet service,No internet service,No internet service,No internet service,No internet service,Month-to-month,Yes,Credit card (automatic),103.77,2832.49,No
CUST-00585,Female,0,No,No,3,Yes,No,Fiber optic,No,Yes,Yes,No,No,No,Month-to-month,Yes,Bank transfer (automatic),102.45,301.4,Yes
CUST-00586,Male,0,No,No,57,Yes,Yes,Fiber optic,Yes,No,Yes,No,No,Yes,Two year,Yes,Credit card (automatic),46.66,2657.78,No
CUST-00587,Female,0,No,Yes,55,Yes,Yes,Fiber optic,Yes,Yes,No,No,No,No,One year,No,Mailed check,59.18,2956.06,Yes
CUST-00588,Male,0,Yes,No,52,Yes,Yes,No,No internet service,No internet service,No internet service,No internet service,No internet service,No internet service,Month-to-month,Yes,Bank transfer (automatic),28.21,1518.03,No
CUST-00589,Female,0,Yes,Yes,42,No,No phone service,Fiber optic,Yes,No,No,Yes,No,Yes,One year,No,Mailed check,76.15,2929.5,No
CUST-00590,Male,0,No,Yes,48,Yes,No,Fiber optic,No,Yes,No,Yes,Yes,Yes,Two year,No,Electronic check,24.95,1233.03,No
CUST-00591,Male,0,No,Yes,59,Yes,Yes,Fiber optic,Yes,No,No,Yes,Yes,Yes,Two year,Yes,Mailed check,62.68,4063.56,No
CUST-00592,Female,0,No,No,15,Yes,No,Fiber optic,Yes,Yes,No,No,Yes,Yes,One year,Yes,Mailed check,74.62,1020.94,No
CUST-00593,Male,0,No,No,59,Yes,No,No,No internet service,No internet service,No internet service,No internet service,No internet service,No internet service,Two year,Yes,Bank transfer (automatic),40.82,2298.64,No
CUST-00594,Female,0,Yes,No,46,Yes,No,DSL,No,No,No,No,No,Yes,Month-to-month,Yes,Bank transfer (automatic),95.54,4069.03,No
CUST-00595,Female,0,No,No,14,Yes,No,DSL,Yes,Yes,Yes,Yes,Yes,Yes,One year,No,Mailed check,85.48,1165.42,No
CUST-00596,Female,1,Yes,Yes,62,Yes,No,Fiber optic,Yes,No,No,No,Yes,No,Month-to-month,No,Bank transfer (automatic),32.79,2169.3,Yes
CUST-00597,Male,0,No,No,27,Yes,Yes,Fiber optic,Yes,No,No,Yes,Yes,Yes,One year,Yes,Credit card (automatic),116.37,3411.85,No
CUST-00598,Male,1,Yes,Yes,19,Yes,No,DSL,Yes,Yes,Yes,No,No,No,Month-to-month,Yes,Credit card (automatic),72.2,1465.01,Yes
CUST-00599,Female,1,No,No,62,Yes,No,Fiber optic,No,Yes,No,No,No,No,Month-to-month,Yes,Electronic check,20.64,1328.58,Yes
CUST-00600,Female,0,No,Yes,32,Yes,No,Fiber optic,Yes,Yes,No,Yes,Yes,Yes,Month-to-month,Yes,Mailed check,53.01,1770.01,Yes
CUST-00601,Male,0,Yes,No,35,Yes,No,DSL,No,No,No,No,Yes,Yes,Month-to-month,Yes,Bank transfer (automatic),115.93,3749.56,Yes
CUST-00602,Female,1,Yes,No,12,Yes,Yes,Fiber optic,Yes,Yes,Yes,No,No,No,Two year,Yes,Credit card (automatic),108.23,1233.49,No
CUST-00603,Female,0,No,No,61,Yes,Yes,No,No internet service,No internet service,No internet service,No internet service,No internet service,No internet service,Month-to-month,No,Credit card (automatic),33.12,1965.33,No
CUST-00604,Female,0,Yes,No,67,Yes,No,Fiber optic,No,Yes,Yes,Yes,No,No,Month-to-month,No,Bank transfer (automatic),103.5,6310.59,Yes
CUST-00605,Male,0,No,No,22,Yes,Yes,Fiber optic,Yes,No,No,No,No,No,Month-to-month,No,Mailed check,79.84,1869.47,Yes
CUST-00606,Male,0,Yes,Yes,71,Yes,No,DSL,No,Yes,Yes,Yes,No,No,One year,Yes,Bank transfer (automatic),20.17,1362.09,No
CUST-00607,Male,0,No,No,12,Yes,No,No,No internet service,No internet service,No internet service,No internet service,No internet service,No internet service,One year,Yes,Electronic check,93.74,1024.16,No
CUST-00608,Female,0,No,No,39,Yes,Yes,No,No internet service,No internet service,No internet service,No internet service,No internet service,No internet service,Month-to-month,Yes,Electronic check,59.28,2114.52,No
CUST-00609,Female,0,No,Yes,29,Yes,Yes,Fiber optic,No,Yes,Yes,Yes,No,Yes,Month-to-month,Yes,Credit card (automatic),57.61,1827.57,No
CUST-00610,Female,0,No,No,24,Yes,No,DSL,No,Yes,Yes,Yes,Yes,No,Month-to-month,No,Electronic check,56.28,1462.02,No
CUST-00611,Male,1,No,Yes,25,Yes,No,Fiber optic,No,Yes,Yes,Yes,Yes,No,One year,Yes,Mailed check,77.66,2119.63,No
CUST-00612,Female,0,No,No,23,Yes,Yes,Fiber optic,Yes,Yes,Yes,Yes,Yes,Yes,Month-to-month,Yes,Credit card (automatic),89.42,2244.52,No
CUST-00613,Female,0,No,Yes,38,Yes,No,No,No internet service,No internet service,No internet service,No internet service,No internet service,No internet service,Month-to-month,No,Bank transfer (automatic),82.76,3333.22,No
CUST-00614,Female,0,No,No,60,Yes,No,DSL,No,No,No,Yes,No,Yes,One year,No,Electronic check,42.18,2417.4,No
CUST-00615,Female,0,Yes,No,48,Yes,Yes,DSL,Yes,Yes,No,No,Yes,Yes,Month-to-month,Yes,Mailed check,88.68,4107.46,No
CUST-00616,Male,0,Yes,Yes,40,Yes,Yes,DSL,Yes,Yes,No,Yes,No,No,One year,Yes,Mailed check,31.55,1237.27,No
CUST-00617,Male,1,Yes,No,69,Yes,Yes,Fiber optic,No,Yes,Yes,Yes,No,Yes,Two year,Yes,Credit card (automatic),115.13,8396.78,No
CUST-00618,Female,0,No,No,19,Yes,No,DSL,Yes,Yes,No,No,Yes,No,Month-to-month,Yes,Bank transfer (automatic),65.36,1347.84,No
CUST-00619,Male,0,No,No,43,Yes,No,No,No internet service,No internet service,No internet service,No internet service,No internet service,No internet service,One year,Yes,Bank transfer (automatic),27.13,1152.66,No
CUST-00620,Male,0,No,No,15,Yes,Yes,DSL,Yes,Yes,Yes,Yes,Yes,No,One year,Yes,Credit card (automatic),75.66,1089.84,No
CUST-00621,Female,0,Yes,No,20,Yes,Yes,Fiber optic,No,No,Yes,No,No,No,Month-to-month,Yes,Credit card (automatic),75.7,1436.13,No
CUST-00622,Female,1,Yes,No,14,Yes,No,Fiber optic,No,No,Yes,Yes,No,No,One year,Yes,Credit card (automatic),21.88,291.4,No
CUST-00623,Male,0,Yes,Yes,38,No,No phone service,Fiber optic,No,Yes,Yes,Yes,No,Yes,Two year,Yes,Bank transfer (automatic),19.09,653.88,No
CUST-00624,Female,0,Yes,Yes,41,Yes,No,No,No internet service,No internet service,No internet service,No internet service,No internet service,No internet service,Two year,Yes,Mailed check,117.61,4565.61,No
CUST-00625,Male,0,Yes,No,60,Yes,Yes,Fiber optic,No,No,No,Yes,No,No,Month-to-month,Yes,Bank transfer (automatic),57.01,3280.3,Yes
CUST-00626,Female,1,No,Yes,3,Yes,Yes,DSL,Yes,Yes,Yes,Yes,No,No,Two year,No,Electronic check,42.55,134.69,No
CUST-00627,Male,0,Yes,No,23,No,No phone service,DSL,No,Yes,No,Yes,No,No,Two year,No,Bank transfer (automatic),72.77,1689.95,No
CUST-00628,Female,0,No,No,2,Yes,No,No,No internet service,No internet service,No internet service,No internet service,No internet service,No internet service,Two year,Yes,Bank transfer (automatic),18.83,36.39,No
CUST-00629,Male,0,No,No,0,Yes,No,No,No internet service,No internet service,No internet service,No internet service,No internet service,No internet service,Month-to-month,Yes,Electronic check,19.29,0.0,Yes
CUST-00630,Male,1,No,Yes,12,Yes,No,DSL,No,No,Yes,No,No,No,Month-to-month,No,Credit card (automatic),29.28,371.62,Yes
CUST-00631,Male,0,Yes,No,53,Yes,Yes,Fiber optic,Yes,No,Yes,No,Yes,No,Month-to-month,Yes,Electronic check,98.25,5321.86,Yes
CUST-00632,Female,0,Yes,No,39,Yes,Yes,Fiber optic,No,No,No,No,Yes,Yes,Month-to-month,No,Credit card (automatic),42.82,1526.44,No
CUST-00633,Male,0,No,Yes,10,Yes,Yes,Fiber optic,No,Yes,Yes,No,No,Yes,Month-to-month,No,Electronic check,68.35,648.1,No
CUST-00634,Male,0,Yes,No,41,Yes,Yes,No,No internet service,No internet service,No internet service,No internet service,No internet service,No internet service,Two year,Yes,Electronic check,40.36,1583.89,No
CUST-00635,Female,0,Yes,No,3,Yes,Yes,DSL,Yes,Yes,No,Yes,Yes,Yes,One year,No,Credit card (automatic),72.48,211.48,Yes
CUST-00636,Female,0,No,Yes,24,Yes,No,Fiber optic,No,No,No,No,Yes,Yes,Month-to-month,Yes,Electronic check,68.88,1495.95,No
CUST-00637,Male,1,No,No,35,Yes,Yes,Fiber optic,No,No,Yes,No,No,No,Month-to-month,Yes,Mailed check,58.07,2131.76,No
CUST-00638,Male,0,No,Yes,63,Yes,Yes,Fiber optic,Yes,No,Yes,Yes,Yes,No,Month-to-month,No,Electronic check,61.32,3840.26,No
CUST-00639,Female,1,No,No,43,Yes,Yes,Fiber optic,No,No,No,Yes,Yes,No,Month-to-month,Yes,Bank transfer (automatic),83.34,3867.86,No
CUST-00640,Female,0,No,No,39,Yes,No,Fiber optic,No,Yes,Yes,No,No,No,Month-to-month,Yes,Credit card (automatic),102.22,4000.68,Yes
CUST-00641,Female,0,Yes,No,44,Yes,No,DSL,No,Yes,No,No,Yes,Yes,Month-to-month,No,Credit card (automatic),49.94,2411.9,No
CUST-00642,Female,0,No,No,7,Yes,Yes,Fiber optic,Yes,No,Yes,No,Yes,Yes,Month-to-month,Yes,Credit card (automatic),71.21,518.48,Yes
CUST-00643,Female,0,Yes,No,34,No,No phone service,Fiber optic,Yes,Yes,No,Yes,Yes,Yes,Two year,No,Mailed check,103.42,3788.35,No
CUST-00644,Male,1,Yes,No,43,Yes,Yes,DSL,No,Yes,Yes,Yes,Yes,Yes,Two year,No,Bank transfer (automatic),34.79,1637.57,No
CUST-00645,Female,0,No,No,17,Yes,Yes,DSL,Yes,No,No,No,No,Yes,Two year,Yes,Electronic check,115.96,1960.18,No
CUST-00646,Male,0,No,Yes,46,Yes,No,Fiber optic,Yes,No,Yes,No,Yes,No,Month-to-month,Yes,Bank transfer (automatic),93.06,4394.73,Yes
CUST-00647,Male,0,Yes,Yes,24,Yes,Yes,DSL,Yes,No,No,Yes,Yes,No,One year,Yes,Credit card (automatic),54.61,1419.17,No
CUST-00648,Male,0,No,No,40,Yes,Yes,Fiber optic,No,Yes,No,No,No,No,Two year,No,Bank transfer (automatic),55.52,2254.25,No
CUST-00649,Female,0,Yes,No,4,Yes,Yes,No,No internet service,No internet service,No internet service,No internet service,No internet service,No internet service,Month-to-month,No,Credit card (automatic),38.53,140.34,Yes
CUST-00650,Male,0,No,Yes,63,Yes,Yes,DSL,Yes,No,No,No,No,No,One year,Yes,Credit card (automatic),44.79,2932.94,No
CUST-00651,Male,1,No,Yes,61,Yes,No,Fiber optic,Yes,Yes,Yes,No,Yes,No,Month-to-month,Yes,Mailed check,76.7,5086.44,Yes
CUST-00652,Female,0,Yes,No,71,Yes,Yes,Fiber optic,No,No,No,No,No,No,Month-to-month,No,Credit card (automatic),18.37,1377.61,No
CUST-00653,Male,0,Yes,No,2,Yes,Yes,Fiber optic,Yes,Yes,No,Yes,Yes,Yes,Two year,No,Bank transfer (automatic),20.32,43.01,Yes
CUST-00654,Male,0,No,No,36,Yes,Yes,DSL,No,Yes,Yes,Yes,No,Yes,One year,Yes,Mailed check,116.65,3846.02,No
CUST-00655,Female,1,No,No,40,Yes,Yes,No,No internet service,No internet service,No internet service,No internet service,No internet service,No internet service,One year,No,Bank transfer (automatic),41.55,1740.91,No
CUST-00656,Male,0,No,No,19,No,No phone service,Fiber optic,No,No,Yes,No,Yes,No,Month-to-month,Yes,Bank transfer (automatic),100.96,1738.79,Yes
CUST-00657,Male,0,Yes,No,66,Yes,No,DSL,Yes,No,Yes,Yes,Yes,No,Month-to-month,Yes,Electronic check,79.24,5680.3,No
CUST-00658,Male,0,No,No,39,Yes,No,Fiber optic,Yes,No,Yes,No,No,Yes,Two year,Yes,Bank transfer (automatic),62.6,2643.7,No
CUST-00659,Female,0,No,Yes,7,No,No phone service,Fiber optic,No,Yes,Yes,No,Yes,No,Month-to-month,Yes,Mailed check,91.22,699.88,Yes
CUST-00660,Female,0,No,No,4,Yes,No,No,No internet service,No internet service,No internet service,No internet service,No internet service,No internet service,Two year,Yes,Electronic check,23.0,88.38,No
CUST-00661,Female,1,No,No,24,Yes,Yes,No,No internet service,No internet service,No internet service,No internet service,No internet service,No internet service,Two year,Yes,Credit card (automatic),93.61,2264.74,Yes
CUST-00662,Male,0,Yes,No,38,Yes,Yes,DSL,No,Yes,No,No,Yes,No,Month-to-month,No,Electronic check,103.7,4002.67,No
CUST-00663,Male,0,Yes,Yes,36,Yes,Yes,Fiber optic,Yes,No,No,Yes,No,Yes,Month-to-month,No,Electronic check,46.02,1675.52,Yes
CUST-00664,Female,0,Yes,No,4,Yes,Yes,No,No internet service,No internet service,No internet service,No internet service,No internet service,No internet service,Month-to-month,Yes,Electronic check,48.16,189.26,Yes
CUST-00665,Male,0,No,Yes,7,Yes,Yes,Fiber optic,Yes,Yes,No,No,Yes,Yes,Month-to-month,Yes,Electronic check,28.3,217.39,No
CUST-00666,Male,0,No,Yes,3,Yes,Yes,Fiber optic,No,Yes,Yes,Yes,Yes,Yes,Month-to-month,Yes,Bank transfer (automatic),103.59,334.8,No
CUST-00667,Female,0,No,No,40,Yes,No,Fiber optic,Yes,Yes,Yes,Yes,No,No,Month-to-month,Yes,Electronic check,98.79,4038.81,No
CUST-00668,Female,0,Yes,No,59,Yes,Yes,Fiber optic,Yes,Yes,Yes,Yes,No,Yes,One year,No,Bank transfer (automatic),60.52,3676.19,No
CUST-00669,Male,0,Yes,No,53,Yes,No,Fiber optic,No,No,Yes,Yes,No,Yes,Two year,Yes,Bank transfer (automatic),55.77,3082.47,No
CUST-00670,Male,0,Yes,No,21,Yes,No,No,No internet service,No internet service,No internet service,No internet service,No internet service,No internet service,Month-to-month,Yes,Credit card (automatic),60.75,1302.21,No
CUST-00671,Male,0,Yes,No,18,Yes,No,DSL,Yes,No,No,No,No,Yes,Month-to-month,Yes,Bank transfer (automatic),60.03,1125.39,Yes
CUST-00672,Female,1,No,No,67,Yes,Yes,Fiber optic,Yes,Yes,Yes,No,No,No,Two year,Yes,Mailed check,60.96,4342.85,No
CUST-00673,Female,0,Yes,No,32,Yes,Yes,No,No internet service,No internet service,No internet service,No internet service,No internet service,No internet service,Month-to-month,No,Credit card (automatic),32.57,1141.85,Yes
CUST-00674,Female,0,Yes,Yes,21,Yes,Yes,DSL,No,Yes,Yes,Yes,No,No,Month-to-month,No,Credit card (automatic),19.35,434.72,Yes
CUST-00675,Female,0,No,No,64,Yes,Yes,Fiber optic,Yes,Yes,No,No,Yes,No,Month-to-month,Yes,Bank transfer (automatic),94.24,5584.26,Yes
CUST-00676,Male,0,Yes,No,10,Yes,Yes,Fiber optic,No,Yes,Yes,No,Yes,No,Month-to-month,No,Bank transfer (automatic),52.37,528.56,No
CUST-00677,Female,0,No,Yes,15,No,No phone service,Fiber optic,No,Yes,No,No,No,Yes,One year,Yes,Electronic check,67.09,1032.9,No
CUST-00678,Female,0,No,No,67,Yes,No,DSL,No,No,Yes,Yes,Yes,Yes,Month-to-month,Yes,Bank transfer (automatic),48.74,3112.58,Yes
CUST-00679,Female,0,No,No,43,Yes,Yes,DSL,No,Yes,Yes,No,Yes,Yes,Month-to-month,Yes,Electronic check,56.16,2403.06,No
CUST-00680,Female,0,No,No,8,Yes,No,Fiber optic,No,No,No,No,No,Yes,Month-to-month,Yes,Mailed check,25.49,221.57,Yes
CUST-00681,Female,0,No,No,71,Yes,No,Fiber optic,No,No,No,Yes,Yes,No,Two year,No,Credit card (automatic),55.03,3718.79,No
CUST-00682,Male,0,Yes,No,61,No,No phone service,Fiber optic,No,No,No,Yes,Yes,Yes,Month-to-month,Yes,Credit card (automatic),64.31,3779.56,No
CUST-00683,Male,0,Yes,Yes,14,No,No phone service,DSL,No,No,No,No,Yes,Yes,Month-to-month,Yes,Bank transfer (automatic),101.28,1533.7,No
CUST-00684,Female,0,No,Yes,5,Yes,Yes,Fiber optic,Yes,Yes,No,Yes,Yes,No,Month-to-month,No,Credit card (automatic),50.22,230.73,Yes
CUST-00685,Male,0,Yes,No,0,Yes,No,No,No internet service,No internet service,No internet service,No internet service,No internet service,No internet service,Two year,Yes,Credit card (automatic),26.85,0.0,No
CUST-00686,Female,0,No,No,19,Yes,No,Fiber optic,No,Yes,No,Yes,No,Yes,Month-to-month,Yes,Mailed check,93.92,1714.46,No
CUST-00687,Female,0,Yes,No,35,Yes,No,Fiber optic,Yes,Yes,Yes,No,No,No,Month-to-month,Yes,Credit card (automatic),55.56,1943.99,No
CUST-00688,Male,0,Yes,No,1,Yes,No,DSL,No,No,No,No,Yes,No,Two year,No,Electronic check,109.54,112.67,Yes
CUST-00689,Male,0,Yes,No,69,Yes,No,Fiber optic,No,Yes,Yes,No,No,Yes,Two year,Yes,Credit card (automatic),113.9,8089.29,No
CUST-00690,Female,1,Yes,No,1,Yes,No,Fiber optic,No,Yes,No,No,Yes,Yes,Month-to-month,Yes,Electronic check,105.19,115.29,Yes
CUST-00691,Female,0,Yes,Yes,2,Yes,No,Fiber optic,No,Yes,No,No,Yes,Yes,One year,Yes,Electronic check,40.66,73.75,Yes
CUST-00692,Female,0,Yes,Yes,6,No,No phone service,Fiber optic,No,Yes,Yes,No,No,No,Month-to-month,Yes,Electronic check,43.38,270.89,Yes
CUST-00693,Male,0,Yes,No,63,Yes,No,Fiber optic,No,No,No,Yes,Yes,Yes,Month-to-month,Yes,Electronic check,97.41,6561.03,No
CUST-00694,Female,0,No,No,40,Yes,Yes,DSL,No,Yes,No,No,Yes,Yes,Two year,Yes,Mailed check,62.61,2548.64,No
CUST-00695,Female,1,No,No,53,Yes,Yes,DSL,No,Yes,Yes,No,Yes,Yes,Two year,Yes,Mailed check,47.78,2773.28,No
CUST-00696,Female,0,No,No,40,Yes,No,Fiber optic,No,No,Yes,No,No,Yes,Month-to-month,No,Credit card (automatic),47.39,1864.39,No
CUST-00697,Male,0,Yes,No,4,Yes,No,Fiber optic,Yes,Yes,Yes,Yes,No,Yes,Month-to-month,No,Mailed check,75.75,318.14,No
CUST-00698,Female,0,Yes,No,62,Yes,Yes,Fiber optic,Yes,Yes,Yes,Yes,No,Yes,Month-to-month,Yes,Electronic check,107.5,6913.43,Yes
CUST-00699,Female,0,No,No,0,Yes,No,Fiber optic,Yes,Yes,Yes,No,No,Yes,One year,No,Mailed check,79.89,0.0,No
CUST-00700,Male,0,No,No,24,Yes,Yes,DSL,Yes,Yes,Yes,Yes,Yes,Yes,Month-to-month,No,Bank transfer (automatic),80.03,1941.0,No
CUST-00701,Female,0,Yes,No,45,Yes,No,No,No internet service,No internet service,No internet service,No internet service,No internet service,No internet service,Two year,Yes,Bank transfer (automatic),92.69,3971.61,No
CUST-00702,Female,1,No,No,14,No,No phone service,Fiber optic,No,No,Yes,No,No,No,One year,No,Mailed check,94.03,1323.99,No
CUST-00703,Male,0,No,Yes,68,Yes,Yes,Fiber optic,No,Yes,No,Yes,Yes,No,Month-to-month,No,Bank transfer (automatic),108.95,7977.69,No
CUST-00704,Female,0,No,No,16,Yes,Yes,Fiber optic,Yes,Yes,Yes,Yes,No,No,One year,No,Credit card (automatic),34.21,561.61,No
CUST-00705,Male,1,No,No,20,Yes,Yes,No,No internet service,No internet service,No internet service,No internet service,No internet service,No internet service,Month-to-month,Yes,Bank transfer (automatic),116.46,2372.94,No
CUST-00706,Male,0,Yes,No,52,Yes,Yes,No,No internet service,No internet service,No internet service,No internet service,No internet service,No internet service,Month-to-month,Yes,Credit card (automatic),50.88,2737.01,No
CUST-00707,Female,1,No,No,54,Yes,No,Fiber optic,Yes,Yes,Yes,Yes,Yes,Yes,Month-to-month,Yes,Mailed check,46.16,2506.76,Yes
CUST-00708,Female,1,No,No,9,Yes,Yes,Fiber optic,Yes,Yes,No,No,No,Yes,Month-to-month,Yes,Electronic check,68.98,614.34,Yes
CUST-00709,Female,0,No,Yes,56,Yes,Yes,No,No internet service,No internet service,No internet service,No internet service,No internet service,No internet service,Month-to-month,Yes,Mailed check,44.44,2426.14,No
CUST-00710,Female,0,No,No,64,Yes,Yes,Fiber optic,No,No,No,Yes,No,No,Month-to-month,Yes,Credit card (automatic),41.29,2748.3,No
CUST-00711,Male,0,Yes,Yes,36,Yes,No,No,No internet service,No internet service,No internet service,No internet service,No internet service,No internet service,Month-to-month,Yes,Bank transfer (automatic),114.68,4356.15,No
CUST-00712,Female,1,No,Yes,6,Yes,No,Fiber optic,Yes,No,No,No,No,No,Month-to-month,Yes,Mailed check,28.4,167.78,Yes
CUST-00713,Male,0,No,No,39,Yes,Yes,DSL,No,No,No,Yes,Yes,Yes,Month-to-month,Yes,Mailed check,116.99,4146.25,No
CUST-00714,Female,0,No,No,49,Yes,No,No,No internet service,No internet service,No internet service,No internet service,No internet service,No internet service,One year,No,Mailed check,80.25,3966.18,No
CUST-00715,Female,1,No,No,0,Yes,Yes,Fiber optic,No,Yes,No,Yes,No,No,Month-to-month,Yes,Credit card (automatic),113.86,0.0,Yes
CUST-00716,Female,1,No,No,19,Yes,No,Fiber optic,Yes,Yes,No,Yes,No,Yes,One year,Yes,Bank transfer (automatic),107.74,2038.46,No
CUST-00717,Male,0,Yes,No,30,Yes,Yes,No,No internet service,No internet service,No internet service,No internet service,No internet service,No internet service,Two year,Yes,Mailed check,82.84,2415.58,No
CUST-00718,Female,0,No,Yes,67,Yes,Yes,No,No internet service,No internet service,No internet service,No internet service,No internet service,No internet service,Month-to-month,No,Electronic check,76.98,5566.06,No
CUST-00719,Female,1,No,Yes,11,No,No phone service,DSL,No,Yes,No,No,Yes,Yes,Month-to-month,No,Credit card (automatic),117.26,1284.99,No
CUST-00720,Female,0,Yes,No,21,Yes,Yes,Fiber optic,Yes,No,Yes,Yes,Yes,No,One year,No,Credit card (automatic),69.52,1547.21,No
CUST-00721,Female,1,No,Yes,0,Yes,Yes,Fiber optic,No,No,Yes,Yes,Yes,No,Month-to-month,Yes,Bank transfer (automatic),35.88,0.0,Yes
CUST-00722,Male,0,Yes,No,0,Yes,Yes,Fiber optic,No,No,No,No,No,No,Month-to-month,No,Electronic check,117.29,0.0,Yes
CUST-00723,Female,0,No,No,2,Yes,No,DSL,No,Yes,No,Yes,No,No,One year,No,Mailed check,50.35,108.31,No
CUST-00724,Male,0,Yes,No,20,Yes,No,DSL,Yes,No,Yes,No,No,Yes,Month-to-month,Yes,Bank transfer (automatic),26.74,507.35,Yes
CUST-00725,Male,0,Yes,Yes,12,Yes,Yes,DSL,Yes,Yes,Yes,No,Yes,Yes,Two year,No,Credit card (automatic),89.69,1147.03,No
CUST-00726,Male,0,No,No,60,Yes,Yes,DSL,No,Yes,No,Yes,Yes,Yes,Month-to-month,Yes,Electronic check,62.6,3922.09,No
CUST-00727,Male,0,Yes,No,12,Yes,Yes,DSL,No,Yes,Yes,Yes,No,No,Month-to-month,Yes,Mailed check,56.8,689.93,Yes
CUST-00728,Male,0,No,Yes,32,Yes,No,Fiber optic,No,Yes,Yes,No,No,Yes,One year,No,Credit card (automatic),81.16,2620.48,No
CUST-00729,Male,0,Yes,No,5,Yes,Yes,Fiber optic,Yes,Yes,Yes,Yes,Yes,No,One year,No,Mailed check,23.29,112.06,No
CUST-00730,Female,0,Yes,No,24,Yes,Yes,DSL,Yes,Yes,No,No,Yes,Yes,Month-to-month,Yes,Bank transfer (automatic),87.82,2124.81,No
CUST-00731,Male,0,No,No,22,Yes,Yes,Fiber optic,No,No,No,Yes,No,No,Month-to-month,No,Electronic check,68.34,1468.7,Yes
CUST-00732,Male,0,Yes,No,25,Yes,No,Fiber optic,No,No,No,No,No,Yes,Month-to-month,No,Bank transfer (automatic),67.02,1805.79,Yes
CUST-00733,Male,0,No,Yes,3,Yes,Yes,Fiber optic,Yes,Yes,No,Yes,No,Yes,One year,Yes,Mailed check,108.0,329.32,Yes
CUST-00734,Female,0,Yes,No,34,Yes,No,DSL,Yes,No,No,Yes,Yes,Yes,One year,Yes,Mailed check,101.12,3299.89,No
CUST-00735,Female,0,Yes,No,24,Yes,Yes,DSL,Yes,No,Yes,Yes,Yes,No,Month-to-month,No,Credit card (automatic),71.16,1586.37,No
CUST-00736,Male,0,No,Yes,19,Yes,Yes,Fiber optic,No,No,No,No,No,No,Two year,No,Electronic check,75.83,1496.67,Yes
CUST-00737,Female,0,No,No,0,Yes,Yes,Fiber optic,Yes,No,Yes,No,Yes,Yes,Month-to-month,Yes,Electronic check,98.7,0.0,No
CUST-00738,Male,1,Yes,Yes,67,Yes,No,DSL,Yes,No,No,Yes,No,Yes,Month-to-month,No,Mailed check,59.13,3850.82,No
CUST-00739,Male,1,No,No,22,Yes,Yes,DSL,No,No,Yes,Yes,No,Yes,Month-to-month,Yes,Mailed check,85.12,1746.11,No
CUST-00740,Female,0,No,Yes,21,Yes,Yes,No,No internet service,No internet service,No internet service,No internet service,No internet service,No internet service,Month-to-month,Yes,Mailed check,72.08,1579.13,No
CUST-00741,Male,1,Yes,No,61,Yes,Yes,Fiber optic,Yes,Yes,No,Yes,No,Yes,One year,No,Credit card (automatic),67.96,3955.19,No
CUST-00742,Female,0,Yes,No,0,Yes,No,No,No internet service,No internet service,No internet service,No internet service,No internet service,No internet service,Month-to-month,Yes,Mailed check,116.47,0.0,Yes
CUST-00743,Female,0,No,No,58,Yes,Yes,No,No internet service,No internet service,No internet service,No internet service,No internet service,No internet service,Two year,Yes,Electronic check,19.75,1197.33,No
CUST-00744,Male,0,Yes,No,67,Yes,Yes,Fiber optic,No,Yes,No,Yes,No,Yes,Month-to-month,Yes,Electronic check,59.46,4296.46,Yes
CUST-00745,Male,0,No,No,18,Yes,Yes,Fiber optic,No,Yes,Yes,No,Yes,No,Month-to-month,No,Credit card (automatic),111.02,2192.04,Yes
CUST-00746,Female,0,No,No,29,No,No phone service,DSL,No,Yes,Yes,Yes,Yes,No,Month-to-month,Yes,Electronic check,110.81,3111.31,No
CUST-00747,Male,0,No,No,0,Yes,No,DSL,No,No,Yes,Yes,No,Yes,Month-to-month,Yes,Credit card (automatic),92.77,0.0,No
CUST-00748,Male,0,No,No,47,Yes,No,No,No internet service,No internet service,No internet service,No internet service,No internet service,No internet service,Month-to-month,No,Bank transfer (automatic),77.19,3558.11,No
CUST-00749,Male,0,No,No,18,Yes,No,Fiber optic,No,Yes,Yes,No,Yes,No,Month-to-month,No,Mailed check,87.08,1435.02,No
CUST-00750,Female,0,No,No,51,Yes,No,DSL,Yes,Yes,Yes,Yes,Yes,Yes,Month-to-month,Yes,Mailed check,43.29,2165.83,No
CUST-00751,Female,0,Yes,No,21,Yes,Yes,No,No internet service,No internet service,No internet service,No internet service,No internet service,No internet service,One year,Yes,Electronic check,66.84,1387.86,No
CUST-00752,Male,0,No,No,49,Yes,No,DSL,Yes,No,Yes,No,No,No,Month-to-month,Yes,Mailed check,71.61,3279.69,No
CUST-00753,Female,0,Yes,Yes,65,Yes,No,Fiber optic,Yes,No,Yes,No,No,Yes,One year,No,Electronic check,24.37,1705.49,No
CUST-00754,Female,0,No,No,5,No,No phone service,DSL,No,No,Yes,Yes,Yes,Yes,One year,Yes,Mailed check,104.62,501.38,No
CUST-00755,Female,0,Yes,Yes,63,No,No phone service,Fiber optic,Yes,Yes,No,No,Yes,Yes,Month-to-month,Yes,Credit card (automatic),63.67,4218.65,No
CUST-00756,Female,1,Yes,No,20,Yes,No,Fiber optic,Yes,No,No,No,Yes,No,Month-to-month,No,Mailed check,107.89,1974.93,No
CUST-00757,Female,0,Yes,Yes,18,Yes,No,Fiber optic,Yes,No,No,No,Yes,Yes,Month-to-month,No,Credit card (automatic),57.0,929.57,No
CUST-00758,Male,0,No,No,36,Yes,Yes,No,No internet service,No internet service,No internet service,No internet service,No internet service,No internet service,Month-to-month,Yes,Mailed check,58.89,2330.13,No
CUST-00759,Male,0,Yes,No,62,Yes,Yes,Fiber optic,Yes,No,No,Yes,Yes,No,One year,No,Credit card (automatic),42.42,2431.74,No
CUST-00760,Male,0,Yes,No,28,Yes,No,DSL,Yes,No,No,No,Yes,No,Month-to-month,Yes,Credit card (automatic),82.43,2430.76,No
CUST-00761,Female,0,No,No,59,No,No phone service,No,No internet service,No internet service,No internet service,No internet service,No internet service,No internet service,Month-to-month,No,Bank transfer (automatic),72.85,4388.0,Yes
CUST-00762,Female,0,Yes,No,33,Yes,No,Fiber optic,Yes,No,No,Yes,Yes,Yes,Month-to-month,Yes,Electronic check,109.3,3572.96,Yes
CUST-00763,Male,0,Yes,No,0,Yes,No,Fiber optic,No,Yes,Yes,Yes,Yes,No,Month-to-month,No,Mailed check,60.92,0.0,Yes
CUST-00764,Female,0,No,No,47,Yes,Yes,DSL,No,Yes,No,Yes,No,No,One year,Yes,Mailed check,82.81,3758.67,No
CUST-00765,Male,0,Yes,No,20,Yes,No,DSL,No,No,Yes,Yes,Yes,No,One year,Yes,Electronic check,88.76,1917.25,No
CUST-00766,Male,0,Yes,No,33,Yes,Yes,Fiber optic,No,No,Yes,No,Yes,Yes,Month-to-month,No,Credit card (automatic),49.99,1783.34,Yes
CUST-00767,Male,0,No,No,25,Yes,Yes,Fiber optic,No,Yes,No,No,No,No,One year,No,Bank transfer (automatic),106.08,2704.88,Yes
CUST-00768,Female,0,Yes,Yes,35,Yes,Yes,DSL,Yes,No,No,Yes,No,Yes,Two year,Yes,Electronic check,56.09,1992.47,No
CUST-00769,Female,0,Yes,No,22,Yes,Yes,DSL,No,No,No,Yes,No,Yes,One year,Yes,Mailed check,81.74,1771.52,No
CUST-00770,Male,0,Yes,No,46,Yes,No,DSL,No,No,Yes,No,Yes,No,Two year,No,Electronic check,79.58,3862.43,No
CUST-00771,Male,0,Yes,No,43,Yes,Yes,DSL,Yes,Yes,Yes,Yes,Yes,No,Month-to-month,Yes,Bank transfer (automatic),60.14,2784.08,No
CUST-00772,Male,0,No,No,19,Yes,No,DSL,No,Yes,Yes,No,Yes,Yes,Two year,Yes,Bank transfer (automatic),36.33,721.68,No
CUST-00773,Male,0,No,No,26,Yes,No,Fiber optic,Yes,Yes,No,Yes,No,No,Month-to-month,No,Credit card (automatic),77.25,2018.66,No
CUST-00774,Female,0,No,No,60,Yes,Yes,No,No internet service,No internet service,No internet service,No internet service,No internet service,No internet service,Two year,No,Mailed check,55.55,3422.72,No
CUST-00775,Female,1,No,Yes,36,Yes,Yes,Fiber optic,Yes,Yes,Yes,Yes,Yes,Yes,One year,No,Mailed check,55.91,1899.94,Yes
CUST-00776,Male,0,Yes,No,51,Yes,Yes,Fiber optic,Yes,No,Yes,No,No,Yes,Month-to-month,Yes,Credit card (automatic),67.29,3768.95,No
CUST-00777,Male,1,No,Yes,61,Yes,No,DSL,No,Yes,No,No,Yes,Yes,Two year,Yes,Credit card (automatic),85.72,5684.74,No
CUST-00778,Female,0,No,No,65,Yes,Yes,DSL,Yes,Yes,No,No,No,Yes,Month-to-month,Yes,Electronic check,90.96,6452.36,No
CUST-00779,Female,0,Yes,No,23,Yes,No,Fiber optic,No,Yes,Yes,No,No,No,Month-to-month,No,Electronic check,60.71,1303.29,Yes
CUST-00780,Male,0,Yes,Yes,11,Yes,No,Fiber optic,No,Yes,Yes,Yes,Yes,Yes,Month-to-month,No,Electronic check,29.99,339.97,Yes
CUST-00781,Male,0,Yes,No,15,Yes,No,No,No internet service,No internet service,No internet service,No internet service,No internet service,No internet service,One year,Yes,Electronic check,97.17,1503.13,No
CUST-00782,Male,0,No,No,35,Yes,No,DSL,No,No,No,No,Yes,No,Month-to-month,No,Credit card (automatic),84.94,2886.74,No
CUST-00783,Female,0,Yes,Yes,1,Yes,Yes,Fiber optic,Yes,No,No,No,No,Yes,Two year,No,Bank transfer (automatic),98.07,105.23,No
CUST-00784,Female,0,Yes,No,61,Yes,Yes,Fiber optic,Yes,No,Yes,No,Yes,No,Month-to-month,Yes,Bank transfer (automatic),49.59,3195.81,Yes
CUST-00785,Female,0,Yes,Yes,63,Yes,Yes,No,No internet service,No internet service,No internet service,No internet service,No internet service,No internet service,Month-to-month,No,Electronic check,108.91,7162.7,No
CUST-00786,Male,0,No,No,28,Yes,Yes,Fiber optic,Yes,No,Yes,Yes,No,Yes,Month-to-month,No,Electronic check,44.27,1122.77,Yes
CUST-00787,Male,1,No,No,30,Yes,Yes,No,No internet service,No internet service,No internet service,No internet service,No internet service,No internet service,Two year,Yes,Credit card (automatic),46.98,1547.68,No
CUST-00788,Female,0,No,No,14,Yes,Yes,Fiber optic,No,Yes,Yes,No,Yes,No,Month-to-month,Yes,Electronic check,71.64,1046.76,No
CUST-00789,Female,0,No,No,54,Yes,No,Fiber optic,Yes,No,Yes,No,No,Yes,Month-to-month,Yes,Mailed check,117.73,6954.31,No
CUST-00790,Male,0,No,No,32,Yes,Yes,No,No internet service,No internet service,No internet service,No internet service,No internet service,No internet service,Two year,No,Bank transfer (automatic),38.22,1121.96,No
CUST-00791,Female,0,No,Yes,51,Yes,No,Fiber optic,Yes,No,Yes,Yes,Yes,Yes,Month-to-month,No,Electronic check,101.85,5396.25,Yes
CUST-00792,Female,0,No,No,19,Yes,No,No,No internet service,No internet service,No internet service,No internet service,No internet service,No internet service,Month-to-month,Yes,Electronic check,18.24,363.53,No
CUST-00793,Male,1,Yes,No,37,Yes,No,DSL,Yes,Yes,No,No,No,Yes,One year,No,Bank transfer (automatic),41.75,1410.26,No
CUST-00794,Female,0,Yes,Yes,2,Yes,No,DSL,No,Yes,Yes,Yes,Yes,No,Month-to-month,No,Bank transfer (automatic),52.61,96.05,No
CUST-00795,Male,0,Yes,No,53,No,No phone service,Fiber optic,Yes,No,No,Yes,No,Yes,Month-to-month,No,Mailed check,82.86,4621.93,Yes
CUST-00796,Male,0,No,Yes,65,Yes,Yes,Fiber optic,No,No,Yes,Yes,Yes,No,Month-to-month,Yes,Mailed check,29.38,2023.4,Yes
CUST-00797,Male,0,No,No,17,Yes,No,Fiber optic,No,Yes,Yes,Yes,No,Yes,One year,No,Credit card (automatic),30.87,567.84,No
CUST-00798,Male,0,Yes,No,6,Yes,No,DSL,Yes,Yes,Yes,No,No,No,One year,Yes,Mailed check,32.64,206.5,No
CUST-00799,Male,0,Yes,No,34,Yes,Yes,Fiber optic,No,No,Yes,Yes,Yes,Yes,One year,Yes,Mailed check,84.26,2716.08,No
CUST-00800,Male,1,No,No,59,Yes,No,DSL,Yes,Yes,Yes,Yes,Yes,No,Month-to-month,Yes,Electronic check,29.46,1901.07,No
CUST-00801,Male,0,No,No,23,Yes,Yes,No,No internet service,No internet service,No internet service,No internet service,No internet service,No internet service,Month-to-month,Yes,Electronic check,57.82,1267.95,Yes
CUST-00802,Female,1,No,Yes,38,Yes,No,DSL,Yes,Yes,No,Yes,No,Yes,Month-to-month,Yes,Mailed check,33.67,1337.6,No
CUST-00803,Male,0,No,No,11,Yes,No,DSL,Yes,No,Yes,No,No,No,One year,Yes,Credit card (automatic),56.21,621.94,No
CUST-00804,Male,0,No,No,52,Yes,Yes,DSL,Yes,Yes,Yes,No,Yes,No,Month-to-month,No,Credit card (automatic),89.4,4297.64,No
CUST-00805,Female,0,No,No,63,Yes,Yes,No,No internet service,No internet service,No internet service,No internet service,No internet service,No internet service,Month-to-month,No,Bank transfer (automatic),45.77,3129.84,No
CUST-00806,Female,0,No,No,3,Yes,Yes,Fiber optic,No,Yes,No,Yes,Yes,No,Month-to-month,No,Mailed check,79.76,243.49,No
CUST-00807,Female,1,No,Yes,4,Yes,Yes,Fiber optic,Yes,No,No,Yes,Yes,No,Month-to-month,Yes,Bank transfer (automatic),42.85,157.41,Yes
CUST-00808,Male,0,Yes,No,15,Yes,Yes,Fiber optic,No,Yes,Yes,No,Yes,Yes,Month-to-month,Yes,Mailed check,91.76,1344.29,Yes
CUST-00809,Female,0,No,Yes,26,Yes,Yes,No,No internet service,No internet service,No internet service,No internet service,No internet service,No internet service,Month-to-month,Yes,Mailed check,95.71,2620.35,No
CUST-00810,Male,0,No,Yes,3,Yes,Yes,DSL,Yes,No,No,No,Yes,No,Two year,No,Electronic check,49.04,150.6,No
CUST-00811,Male,0,No,No,71,Yes,No,DSL,No,No,No,No,No,Yes,Two year,Yes,Mailed check,20.38,1366.96,No
CUST-00812,Male,0,Yes,Yes,47,Yes,Yes,Fiber optic,No,No,Yes,Yes,Yes,No,One year,No,Electronic check,30.91,1472.94,No
CUST-00813,Male,0,Yes,Yes,7,Yes,No,Fiber optic,No,Yes,No,Yes,Yes,Yes,One year,Yes,Credit card (automatic),67.1,451.74,Yes
CUST-00814,Female,0,No,No,45,Yes,Yes,DSL,No,Yes,Yes,No,Yes,Yes,Two year,No,Credit card (automatic),56.21,2543.25,No
CUST-00815,Female,0,Yes,Yes,43,Yes,Yes,Fiber optic,Yes,No,No,Yes,No,No,Month-to-month,Yes,Mailed check,52.56,2177.8,No
CUST-00816,Male,0,Yes,Yes,66,Yes,No,Fiber optic,Yes,No,Yes,No,No,No,Month-to-month,Yes,Credit card (automatic),75.93,5007.65,No
CUST-00817,Male,0,Yes,Yes,51,Yes,No,Fiber optic,No,No,Yes,Yes,No,No,Two year,Yes,Mailed check,34.15,1860.84,No
CUST-00818,Male,0,No,Yes,33,Yes,No,No,No internet service,No internet service,No internet service,No internet service,No internet service,No internet service,One year,Yes,Bank transfer (automatic),63.67,1980.09,No
CUST-00819,Female,1,No,No,61,Yes,No,Fiber optic,Yes,No,Yes,No,No,No,Month-to-month,Yes,Credit card (automatic),38.34,2105.7,No
CUST-00820,Male,0,No,No,20,Yes,Yes,Fiber optic,No,No,No,No,No,Yes,Month-to-month,No,Mailed check,116.11,2161.97,Yes
CUST-00821,Male,0,No,No,23,Yes,Yes,DSL,No,Yes,Yes,Yes,No,No,Month-to-month,Yes,Bank transfer (automatic),22.86,561.73,No
CUST-00822,Female,0,No,No,43,Yes,Yes,No,No internet service,No internet service,No internet service,No internet service,No internet service,No internet service,Month-to-month,Yes,Bank transfer (automatic),19.58,827.64,Yes
CUST-00823,Female,0,No,Yes,40,Yes,Yes,DSL,Yes,Yes,No,No,Yes,Yes,One year,Yes,Mailed check,74.42,3119.54,No
CUST-00824,Male,0,No,Yes,28,Yes,Yes,No,No internet service,No internet service,No internet service,No internet service,No internet service,No internet service,Month-to-month,Yes,Credit card (automatic),24.26,615.53,Yes
CUST-00825,Female,0,Yes,Yes,5,Yes,No,Fiber optic,Yes,Yes,No,No,Yes,No,One year,Yes,Credit card (automatic),99.1,460.45,No
CUST-00826,Female,0,No,No,55,Yes,Yes,DSL,No,No,No,Yes,No,Yes,Two year,Yes,Mailed check,99.96,5573.61,No
CUST-00827,Male,0,No,No,13,Yes,Yes,DSL,Yes,Yes,Yes,No,No,No,Month-to-month,No,Electronic check,61.23,831.06,No
CUST-00828,Female,1,No,No,49,Yes,No,No,No internet service,No internet service,No internet service,No internet service,No internet service,No internet service,Month-to-month,Yes,Credit card (automatic),101.84,5277.48,Yes
CUST-00829,Male,0,No,No,51,Yes,No,No,No internet service,No internet service,No internet service,No internet service,No internet service,No internet service,One year,Yes,Credit card (automatic),92.05,4828.83,No
CUST-00830,Female,0,No,Yes,0,Yes,No,No,No internet service,No internet service,No internet service,No internet service,No internet service,No internet service,Month-to-month,Yes,Credit card (automatic),31.54,0.0,No
CUST-00831,Male,0,No,No,11,No,No phone service,Fiber optic,Yes,Yes,No,Yes,No,No,Month-to-month,Yes,Mailed check,103.96,1067.11,Yes
CUST-00832,Male,0,No,No,23,Yes,No,DSL,Yes,No,Yes,No,Yes,Yes,Month-to-month,Yes,Mailed check,105.43,2501.6,No
CUST-00833,Male,1,No,No,36,Yes,No,Fiber optic,No,Yes,Yes,No,No,Yes,Month-to-month,Yes,Mailed check,50.27,1782.68,No
CUST-00834,Female,0,Yes,No,69,No,No phone service,DSL,No,No,Yes,Yes,Yes,Yes,Two year,No,Bank transfer (automatic),95.5,7136.26,No
CUST-00835,Male,0,Yes,No,2,Yes,No,Fiber optic,Yes,Yes,No,Yes,No,No,Two year,No,Credit card (automatic),107.74,220.45,Yes
CUST-00836,Female,0,No,No,26,No,No phone service,Fiber optic,Yes,Yes,Yes,Yes,Yes,Yes,Month-to-month,No,Electronic check,92.56,2426.62,No
CUST-00837,Male,0,No,No,52,Yes,Yes,Fiber optic,No,No,Yes,Yes,Yes,Yes,One year,Yes,Credit card (automatic),27.4,1447.1,No
CUST-00838,Male,0,Yes,No,16,Yes,Yes,DSL,Yes,Yes,Yes,Yes,Yes,No,Month-to-month,Yes,Bank transfer (automatic),27.46,468.47,Yes
CUST-00839,Female,0,No,No,14,Yes,No,No,No internet service,No internet service,No internet service,No internet service,No internet service,No internet service,Month-to-month,Yes,Credit card (automatic),116.24,1468.29,No
CUST-00840,Male,0,No,Yes,38,Yes,No,No,No internet service,No internet service,No internet service,No internet service,No internet service,No internet service,Two year,Yes,Mailed check,72.14,2938.84,No
CUST-00841,Male,0,Yes,No,3,Yes,No,Fiber optic,No,Yes,No,No,No,No,Month-to-month,Yes,Credit card (automatic),82.44,224.03,No
CUST-00842,Female,0,No,No,16,Yes,No,No,No internet service,No internet service,No internet service,No internet service,No internet service,No internet service,One year,No,Electronic check,109.23,1776.57,No
CUST-00843,Male,0,No,Yes,10,Yes,No,Fiber optic,Yes,Yes,No,No,No,Yes,Month-to-month,Yes,Credit card (automatic),18.74,187.5,No
CUST-00844,Male,0,No,No,11,Yes,No,DSL,No,Yes,No,Yes,No,No,Month-to-month,No,Mailed check,60.67,650.07,No
CUST-00845,Male,0,Yes,Yes,31,Yes,Yes,No,No internet service,No internet service,No internet service,No internet service,No internet service,No internet service,Month-to-month,No,Credit card (automatic),74.64,2142.02,No
CUST-00846,Male,0,Yes,No,26,Yes,No,DSL,Yes,Yes,No,No,Yes,No,Month-to-month,Yes,Mailed check,18.21,437.86,No
CUST-00847,Female,0,No,No,43,Yes,No,DSL,No,Yes,No,No,Yes,Yes,Month-to-month,No,Bank transfer (automatic),80.44,3626.44,No
CUST-00848,Female,0,Yes,No,42,Yes,No,DSL,Yes,Yes,No,No,No,No,Month-to-month,No,Bank transfer (automatic),103.09,3995.08,No
CUST-00849,Male,0,Yes,Yes,48,Yes,No,Fiber optic,No,Yes,Yes,No,Yes,No,Month-to-month,No,Bank transfer (automatic),23.49,1169.75,No
CUST-00850,Female,0,Yes,No,42,Yes,Yes,Fiber optic,No,Yes,No,Yes,Yes,Yes,Two year,Yes,Credit card (automatic),98.42,4538.99,No
CUST-00851,Male,0,No,No,2,Yes,No,DSL,No,Yes,Yes,Yes,No,No,Month-to-month,Yes,Credit card (automatic),115.75,239.92,No
CUST-00852,Female,0,Yes,No,28,Yes,Yes,No,No internet service,No internet service,No internet service,No internet service,No internet service,No internet service,Two year,Yes,Bank transfer (automatic),110.03,2819.1,Yes
CUST-00853,Male,1,Yes,No,34,No,No phone service,No,No internet service,No internet service,No internet service,No internet service,No internet service,No internet service,Month-to-month,Yes,Bank transfer (automatic),71.7,2458.31,No
CUST-00854,Male,1,Yes,No,47,Yes,No,DSL,Yes,Yes,Yes,Yes,Yes,Yes,One year,Yes,Mailed check,104.05,5217.45,No
CUST-00855,Male,1,No,No,38,Yes,No,Fiber optic,No,No,Yes,No,No,No,Two year,Yes,Mailed check,95.06,3940.72,No
CUST-00856,Male,0,Yes,Yes,23,Yes,No,No,No internet service,No internet service,No internet service,No internet service,No internet service,No internet service,One year,No,Electronic check,99.77,2399.19,No
CUST-00857,Male,0,Yes,Yes,19,No,No phone service,Fiber optic,Yes,No,No,Yes,No,No,Month-to-month,No,Mailed check,57.81,1056.58,Yes
CUST-00858,Male,0,No,No,14,Yes,No,DSL,No,Yes,Yes,No,Yes,No,Month-to-month,No,Credit card (automatic),65.56,872.16,No
CUST-00859,Female,0,Yes,Yes,17,Yes,Yes,DSL,No,No,Yes,Yes,No,Yes,Two year,No,Bank transfer (automatic),41.91,752.91,No
CUST-00860,Male,0,Yes,No,59,No,No phone service,No,No internet service,No internet service,No internet service,No internet service,No internet service,No internet service,Month-to-month,Yes,Electronic check,23.16,1437.58,No
CUST-00861,Female,0,Yes,Yes,40,Yes,No,Fiber optic,Yes,No,Yes,Yes,Yes,Yes,One year,Yes,Bank transfer (automatic),77.72,3100.33,No
CUST-00862,Male,0,No,No,68,Yes,Yes,Fiber optic,No,No,Yes,No,No,Yes,Month-to-month,No,Bank transfer (automatic),48.96,3054.16,No
CUST-00863,Female,1,No,No,10,Yes,Yes,Fiber optic,No,Yes,No,No,No,Yes,Month-to-month,No,Bank transfer (automatic),68.27,706.19,Yes
CUST-00864,Female,0,Yes,No,55,Yes,No,DSL,No,No,Yes,No,Yes,No,Month-to-month,Yes,Credit card (automatic),114.27,6398.54,No
CUST-00865,Female,0,Yes,No,17,Yes,No,DSL,Yes,No,No,No,No,No,One year,Yes,Mailed check,24.31,372.92,No
CUST-00866,Male,0,Yes,Yes,11,Yes,No,DSL,Yes,Yes,No,Yes,Yes,No,Month-to-month,No,Mailed check,105.35,1191.86,No
CUST-00867,Male,1,Yes,No,15,Yes,No,DSL,No,Yes,Yes,Yes,Yes,Yes,One year,No,Mailed check,26.68,370.78,No
CUST-00868,Female,0,Yes,No,26,Yes,No,DSL,Yes,Yes,Yes,Yes,No,Yes,One year,Yes,Credit card (automatic),83.36,2308.6,No
CUST-00869,Male,0,Yes,No,16,No,No phone service,DSL,Yes,Yes,Yes,Yes,No,No,Month-to-month,Yes,Mailed check,52.33,866.35,Yes
CUST-00870,Female,1,No,No,30,Yes,Yes,Fiber optic,Yes,No,Yes,No,Yes,Yes,Month-to-month,Yes,Bank transfer (automatic),28.01,764.96,Yes
CUST-00871,Male,0,Yes,No,34,Yes,No,DSL,Yes,Yes,No,Yes,Yes,Yes,Month-to-month,No,Credit card (automatic),93.69,3205.74,No
CUST-00872,Female,0,Yes,No,26,No,No phone service,Fiber optic,No,Yes,No,No,Yes,Yes,Month-to-month,No,Electronic check,87.86,2423.88,No
CUST-00873,Female,0,Yes,No,31,Yes,No,DSL,Yes,No,No,Yes,Yes,Yes,One year,No,Mailed check,82.03,2710.76,No
CUST-00874,Male,0,No,No,16,Yes,Yes,Fiber optic,Yes,No,Yes,No,No,Yes,Month-to-month,Yes,Credit card (automatic),114.49,1679.94,No
CUST-00875,Female,0,Yes,No,10,Yes,Yes,Fiber optic,No,No,Yes,Yes,Yes,No,Month-to-month,Yes,Electronic check,20.37,186.54,Yes
CUST-00876,Male,0,No,No,0,Yes,Yes,DSL,No,Yes,Yes,No,No,No,Two year,Yes,Bank transfer (automatic),61.47,0.0,No
CUST-00877,Female,1,Yes,No,48,Yes,No,Fiber optic,No,Yes,Yes,Yes,No,Yes,Month-to-month,Yes,Bank transfer (automatic),74.27,3374.34,No
CUST-00878,Female,1,Yes,Yes,40,Yes,Yes,Fiber optic,No,No,Yes,No,Yes,Yes,One year,Yes,Electronic check,53.77,2191.25,Yes
CUST-00879,Male,0,Yes,No,19,Yes,No,Fiber optic,No,No,No,No,Yes,No,Two year,Yes,Bank transfer (automatic),84.95,1649.19,No
CUST-00880,Male,0,Yes,No,70,Yes,Yes,DSL,Yes,Yes,No,Yes,No,No,One year,No,Credit card (automatic),107.92,7750.53,No
CUST-00881,Male,0,Yes,No,36,Yes,No,Fiber optic,Yes,Yes,No,Yes,No,No,Month-to-month,No,Mailed check,87.7,3054.83,No
CUST-00882,Female,0,Yes,No,15,Yes,No,DSL,Yes,Yes,No,No,Yes,Yes,Month-to-month,Yes,Bank transfer (automatic),74.94,1020.66,No
CUST-00883,Male,0,No,No,38,Yes,Yes,Fiber optic,No,No,No,Yes,Yes,Yes,Two year,No,Credit card (automatic),91.78,3513.78,No
CUST-00884,Female,0,Yes,No,44,Yes,No,DSL,No,No,Yes,Yes,Yes,No,Month-to-month,Yes,Mailed check,28.96,1278.06,No
CUST-00885,Female,0,Yes,No,63,Yes,No,Fiber optic,Yes,No,No,No,No,No,One year,Yes,Credit card (automatic),81.0,5034.76,No
CUST-00886,Male,0,Yes,No,46,No,No phone service,Fiber optic,No,Yes,No,No,No,Yes,One year,Yes,Bank transfer (automatic),58.72,2582.02,No
CUST-00887,Male,1,No,Yes,22,No,No phone service,No,No internet service,No internet service,No internet service,No internet service,No internet service,No internet service,Month-to-month,No,Credit card (automatic),49.88,1172.65,Yes
CUST-00888,Female,0,Yes,Yes,31,Yes,No,No,No internet service,No internet service,No internet service,No internet service,No internet service,No internet service,Two year,Yes,Mailed check,68.71,2074.67,No
CUST-00889,Female,0,No,Yes,48,No,No phone service,Fiber optic,Yes,No,Yes,Yes,No,No,Two year,No,Electronic check,98.47,4373.77,No
CUST-00890,Male,0,Yes,No,18,No,No phone service,No,No internet service,No internet service,No internet service,No internet service,No internet service,No internet service,Month-to-month,Yes,Bank transfer (automatic),59.26,1121.75,No
CUST-00891,Male,0,Yes,No,66,Yes,Yes,Fiber optic,No,No,Yes,Yes,No,No,Month-to-month,Yes,Bank transfer (automatic),88.24,5982.57,No
CUST-00892,Male,0,No,Yes,38,Yes,No,Fiber optic,Yes,Yes,Yes,Yes,No,No,One year,Yes,Mailed check,76.89,2810.3,No
CUST-00893,Male,0,No,No,59,No,No phone service,No,No internet service,No internet service,No internet service,No internet service,No internet service,No internet service,Two year,No,Credit card (automatic),109.62,6016.33,No
CUST-00894,Male,0,Yes,No,10,Yes,No,Fiber optic,Yes,Yes,Yes,No,Yes,Yes,Month-to-month,No,Mailed check,62.48,617.26,Yes
CUST-00895,Female,0,No,Yes,48,Yes,Yes,Fiber optic,Yes,Yes,Yes,Yes,Yes,Yes,Two year,Yes,Electronic check,99.99,4382.86,No
CUST-00896,Female,0,No,No,14,Yes,Yes,DSL,Yes,No,Yes,Yes,No,Yes,One year,Yes,Mailed check,102.2,1351.46,No
CUST-00897,Female,0,Yes,No,60,Yes,Yes,Fiber optic,Yes,Yes,No,No,No,Yes,One year,Yes,Electronic check,64.42,4223.86,No
CUST-00898,Female,0,Yes,No,42,Yes,Yes,DSL,Yes,No,No,Yes,No,No,Month-to-month,Yes,Bank transfer (automatic),66.86,2611.83,No
CUST-00899,Male,1,Yes,No,14,Yes,No,DSL,Yes,No,No,No,Yes,No,One year,No,Mailed check,51.34,686.41,No
CUST-00900,Male,0,No,No,4,Yes,Yes,No,No internet service,No internet service,No internet service,No internet service,No internet service,No internet service,Month-to-month,Yes,Mailed check,67.56,250.73,Yes
CUST-00901,Male,1,Yes,No,28,Yes,No,DSL,No,No,No,Yes,No,Yes,One year,No,Bank transfer (automatic),42.93,1301.09,No
CUST-00902,Female,0,Yes,No,61,Yes,No,DSL,No,No,Yes,No,No,No,Two year,No,Electronic check,103.83,6871.78,No
CUST-00903,Female,1,No,No,59,Yes,No,No,No internet service,No internet service,No internet service,No internet service,No internet service,No internet service,Two year,No,Electronic check,42.99,2312.94,No
CUST-00904,Male,0,No,No,68,Yes,Yes,DSL,No,No,No,No,No,Yes,Month-to-month,Yes,Credit card (automatic),43.76,3212.68,Yes
CUST-00905,Male,0,Yes,No,21,Yes,Yes,DSL,No,No,No,Yes,Yes,Yes,Month-to-month,Yes,Mailed check,107.57,2097.37,No
CUST-00906,Female,0,No,No,12,Yes,Yes,Fiber optic,No,Yes,Yes,Yes,Yes,No,Month-to-month,Yes,Credit card (automatic),71.22,837.08,No
CUST-00907,Female,0,No,Yes,49,No,No phone service,DSL,Yes,No,Yes,No,Yes,Yes,Month-to-month,Yes,Bank transfer (automatic),28.51,1421.1,Yes
CUST-00908,Male,0,No,No,46,Yes,No,No,No internet service,No internet service,No internet service,No internet service,No internet service,No internet service,Month-to-month,Yes,Mailed check,52.57,2400.04,No
CUST-00909,Male,0,Yes,No,28,Yes,Yes,DSL,No,No,No,Yes,Yes,Yes,Month-to-month,Yes,Electronic check,88.54,2298.6,No
CUST-00910,Female,0,Yes,No,16,Yes,No,No,No internet service,No internet service,No internet service,No internet service,No internet service,No internet service,Month-to-month,Yes,Electronic check,58.58,991.94,No
CUST-00911,Male,0,Yes,Yes,19,Yes,Yes,DSL,Yes,No,Yes,No,No,No,Month-to-month,No,Electronic check,60.32,1189.04,No
CUST-00912,Male,0,No,Yes,5,Yes,Yes,DSL,No,No,No,Yes,No,No,Month-to-month,No,Bank transfer (automatic),67.87,369.29,No
CUST-00913,Male,0,Yes,No,21,Yes,No,DSL,No,No,Yes,No,No,Yes,Month-to-month,No,Bank transfer (automatic),40.25,820.39,No
CUST-00914,Female,0,Yes,Yes,8,Yes,Yes,DSL,Yes,Yes,Yes,Yes,Yes,Yes,One year,Yes,Credit card (automatic),60.41,476.55,No
CUST-00915,Female,0,No,No,31,Yes,Yes,Fiber optic,Yes,Yes,Yes,Yes,Yes,Yes,One year,Yes,Bank transfer (automatic),39.53,1188.61,No
CUST-00916,Female,0,No,No,32,No,No phone service,Fiber optic,No,No,Yes,Yes,Yes,No,Month-to-month,Yes,Bank transfer (automatic),53.07,1549.81,Yes
CUST-00917,Female,1,Yes,No,69,Yes,Yes,No,No internet service,No internet service,No internet service,No internet service,No internet service,No internet service,One year,No,Credit card (automatic),71.24,4478.05,No
CUST-00918,Female,0,No,Yes,48,Yes,No,DSL,Yes,Yes,No,Yes,No,Yes,Two year,No,Mailed check,87.37,4412.95,No
CUST-00919,Female,0,Yes,Yes,29,Yes,No,Fiber optic,Yes,No,No,No,No,Yes,Month-to-month,No,Credit card (automatic),81.39,2258.75,Yes
CUST-00920,Female,1,Yes,Yes,15,Yes,Yes,DSL,No,Yes,Yes,No,Yes,Yes,One year,Yes,Electronic check,75.55,1130.33,No
CUST-00921,Male,0,Yes,Yes,64,Yes,No,Fiber optic,Yes,No,Yes,No,Yes,Yes,One year,Yes,Electronic check,77.55,5438.64,No
CUST-00922,Male,0,No,No,13,No,No phone service,Fiber optic,No,Yes,No,No,No,No,One year,Yes,Mailed check,69.09,811.52,No
CUST-00923,Male,0,No,No,55,Yes,Yes,Fiber optic,No,Yes,Yes,No,Yes,No,One year,Yes,Mailed check,79.46,4385.73,No
CUST-00924,Male,0,Yes,Yes,36,Yes,Yes,DSL,Yes,Yes,Yes,No,Yes,Yes,One year,No,Mailed check,55.55,2007.09,No
CUST-00925,Male,0,Yes,Yes,48,Yes,Yes,Fiber optic,Yes,Yes,Yes,Yes,No,Yes,Two year,No,Mailed check,107.94,5697.73,No
CUST-00926,Male,0,Yes,Yes,49,Yes,No,Fiber optic,No,No,No,No,Yes,No,Month-to-month,Yes,Mailed check,77.06,4028.42,Yes
CUST-00927,Male,0,Yes,No,35,Yes,No,Fiber optic,Yes,Yes,Yes,Yes,Yes,Yes,One year,No,Bank transfer (automatic),111.66,3569.5,No
CUST-00928,Female,0,No,No,51,Yes,Yes,DSL,No,Yes,Yes,No,No,Yes,Month-to-month,No,Mailed check,58.46,2777.0,No
CUST-00929,Female,0,Yes,No,22,Yes,No,Fiber optic,Yes,No,No,No,Yes,No,One year,Yes,Bank transfer (automatic),57.45,1146.08,No
CUST-00930,Male,0,Yes,No,65,Yes,No,No,No internet service,No internet service,No internet service,No internet service,No internet service,No internet service,Two year,Yes,Credit card (automatic),114.5,6991.24,No
CUST-00931,Male,0,No,No,70,Yes,Yes,DSL,No,No,No,Yes,Yes,No,Two year,No,Credit card (automatic),90.91,5997.57,No
CUST-00932,Female,0,Yes,No,44,Yes,Yes,Fiber optic,No,No,Yes,Yes,No,No,Month-to-month,No,Mailed check,69.87,2822.12,No
CUST-00933,Male,0,Yes,Yes,27,Yes,Yes,Fiber optic,No,Yes,No,Yes,Yes,Yes,Month-to-month,No,Mailed check,89.85,2439.16,Yes
CUST-00934,Male,0,Yes,No,19,Yes,No,Fiber optic,No,Yes,Yes,No,Yes,No,Two year,No,Credit card (automatic),57.67,1199.83,No
CUST-00935,Female,1,Yes,Yes,48,Yes,No,No,No internet service,No internet service,No internet service,No internet service,No internet service,No internet service,Two year,Yes,Bank transfer (automatic),93.88,4780.06,No
CUST-00936,Male,1,Yes,No,56,Yes,Yes,No,No internet service,No internet service,No internet service,No internet service,No internet service,No internet service,One year,No,Mailed check,38.96,2052.33,No
CUST-00937,Female,0,No,Yes,58,Yes,No,DSL,Yes,No,No,No,Yes,Yes,Two year,Yes,Mailed check,113.09,6930.47,No
CUST-00938,Male,0,No,No,25,Yes,Yes,No,No internet service,No internet service,No internet service,No internet service,No internet service,No internet service,Month-to-month,Yes,Mailed check,64.09,1756.79,Yes
CUST-00939,Female,0,No,Yes,18,Yes,Yes,Fiber optic,Yes,No,Yes,No,Yes,No,Two year,No,Credit card (automatic),27.29,524.15,No
CUST-00940,Female,0,No,No,12,Yes,Yes,Fiber optic,Yes,No,Yes,No,No,No,Two year,Yes,Mailed check,102.5,1222.29,No
CUST-00941,Female,0,Yes,No,61,Yes,No,Fiber optic,Yes,Yes,Yes,No,Yes,No,Month-to-month,Yes,Credit card (automatic),107.44,6251.49,Yes
CUST-00942,Male,0,No,No,13,Yes,No,No,No internet service,No internet service,No internet service,No internet service,No internet service,No internet service,Month-to-month,Yes,Mailed check,91.0,1241.65,Yes
CUST-00943,Female,0,No,No,10,Yes,No,Fiber optic,Yes,No,Yes,Yes,No,No,Month-to-month,No,Credit card (automatic),80.97,856.09,Yes
CUST-00944,Male,0,No,No,66,Yes,No,No,No internet service,No internet service,No internet service,No internet service,No internet service,No internet service,Month-to-month,Yes,Bank transfer (automatic),110.84,7018.2,No
CUST-00945,Male,1,No,No,11,No,No phone service,Fiber optic,No,Yes,No,No,Yes,No,Month-to-month,Yes,Mailed check,80.21,833.64,No
CUST-00946,Male,0,No,No,34,Yes,No,Fiber optic,Yes,Yes,Yes,Yes,No,No,Month-to-month,Yes,Bank transfer (automatic),97.14,3416.45,Yes
CUST-00947,Male,0,No,Yes,38,Yes,Yes,Fiber optic,No,No,No,No,Yes,Yes,Two year,Yes,Credit card (automatic),65.12,2666.8,Yes
CUST-00948,Female,0,No,No,31,Yes,Yes,Fiber optic,Yes,Yes,No,No,Yes,No,Month-to-month,Yes,Credit card (automatic),90.72,2542.74,No
CUST-00949,Female,0,No,No,13,Yes,Yes,Fiber optic,Yes,Yes,No,No,No,Yes,Month-to-month,Yes,Mailed check,117.9,1682.01,Yes
CUST-00950,Male,0,Yes,No,64,Yes,Yes,Fiber optic,No,No,No,No,No,Yes,Two year,Yes,Bank transfer (automatic),56.25,3378.13,No
CUST-00951,Male,0,No,No,26,Yes,No,Fiber optic,No,No,No,No,Yes,No,Month-to-month,Yes,Credit card (automatic),90.01,2269.78,No
CUST-00952,Female,0,Yes,No,59,Yes,Yes,No,No internet service,No internet service,No internet service,No internet service,No internet service,No internet service,Month-to-month,No,Bank transfer (automatic),32.89,1767.0,No
CUST-00953,Male,0,No,No,42,Yes,Yes,DSL,Yes,Yes,Yes,Yes,No,No,Month-to-month,No,Credit card (automatic),81.51,3119.11,No
CUST-00954,Female,0,No,No,64,No,No phone service,DSL,Yes,No,No,Yes,No,No,Month-to-month,No,Bank transfer (automatic),50.29,3072.28,No
CUST-00955,Male,0,No,No,54,Yes,No,Fiber optic,No,No,No,No,No,Yes,Month-to-month,No,Credit card (automatic),104.66,5725.13,Yes
CUST-00956,Male,0,Yes,Yes,34,Yes,Yes,Fiber optic,No,No,Yes,Yes,No,No,Month-to-month,No,Credit card (automatic),53.96,1981.81,No
CUST-00957,Female,1,Yes,Yes,31,No,No phone service,DSL,Yes,No,No,No,No,No,Month-to-month,Yes,Bank transfer (automatic),62.51,1771.1,No
CUST-00958,Male,0,No,No,18,Yes,Yes,Fiber optic,No,No,Yes,Yes,No,No,Two year,No,Electronic check,116.03,2107.71,No
CUST-00959,Female,0,Yes,No,38,Yes,Yes,No,No internet service,No internet service,No internet service,No internet service,No internet service,No internet service,Month-to-month,Yes,Electronic check,39.54,1477.32,No
CUST-00960,Male,0,No,No,19,Yes,No,Fiber optic,Yes,No,No,Yes,Yes,No,Month-to-month,Yes,Mailed check,74.48,1553.59,Yes
CUST-00961,Male,0,Yes,Yes,27,Yes,No,No,No internet service,No internet service,No internet service,No internet service,No internet service,No internet service,One year,No,Mailed check,104.38,2641.9,No
CUST-00962,Male,0,Yes,No,2,Yes,Yes,No,No internet service,No internet service,No internet service,No internet service,No internet service,No internet service,Two year,No,Electronic check,49.48,96.38,Yes
CUST-00963,Female,0,Yes,No,31,Yes,Yes,DSL,Yes,No,Yes,No,Yes,Yes,Month-to-month,Yes,Credit card (automatic),19.53,548.94,No
CUST-00964,Male,0,No,No,57,Yes,No,No,No internet service,No internet service,No internet service,No internet service,No internet service,No internet service,Month-to-month,No,Credit card (automatic),107.63,6643.17,No
CUST-00965,Male,0,Yes,No,53,Yes,No,Fiber optic,Yes,Yes,No,No,Yes,Yes,Month-to-month,Yes,Electronic check,79.96,4341.64,No
CUST-00966,Male,0,Yes,No,41,Yes,No,No,No internet service,No internet service,No internet service,No internet service,No internet service,No internet service,One year,No,Bank transfer (automatic),41.04,1712.2,No
CUST-00967,Male,0,No,Yes,14,Yes,No,DSL,Yes,No,Yes,No,No,No,Month-to-month,No,Bank transfer (automatic),45.63,581.16,No
CUST-00968,Female,0,Yes,No,61,Yes,Yes,DSL,Yes,Yes,Yes,No,No,Yes,Month-to-month,No,Credit card (automatic),97.96,5496.32,Yes
CUST-00969,Female,0,No,No,30,Yes,No,DSL,No,No,Yes,No,No,No,Two year,Yes,Bank transfer (automatic),82.21,2609.48,No
CUST-00970,Male,0,No,No,60,Yes,Yes,DSL,Yes,No,Yes,Yes,No,No,Two year,No,Bank transfer (automatic),91.26,5529.78,No
CUST-00971,Female,0,Yes,Yes,25,Yes,No,DSL,No,No,No,No,No,No,Month-to-month,Yes,Mailed check,75.72,1779.04,No
CUST-00972,Male,0,No,No,68,Yes,Yes,DSL,Yes,No,Yes,Yes,Yes,No,Month-to-month,Yes,Bank transfer (automatic),97.0,6661.72,Yes
CUST-00973,Male,0,Yes,Yes,56,Yes,No,Fiber optic,No,No,No,Yes,No,No,One year,Yes,Mailed check,100.11,6131.03,No
CUST-00974,Male,0,Yes,No,19,Yes,Yes,Fiber optic,No,Yes,Yes,No,Yes,No,Month-to-month,Yes,Electronic check,56.69,991.74,Yes
CUST-00975,Female,0,No,Yes,65,Yes,No,DSL,Yes,Yes,Yes,No,No,Yes,Month-to-month,Yes,Electronic check,108.1,7687.28,No
CUST-00976,Female,0,Yes,Yes,20,Yes,No,Fiber optic,Yes,Yes,Yes,No,No,No,Month-to-month,Yes,Credit card (automatic),68.52,1445.8,No
CUST-00977,Female,0,Yes,Yes,59,No,No phone service,DSL,No,Yes,Yes,No,Yes,No,Month-to-month,Yes,Bank transfer (automatic),34.02,1864.36,No
CUST-00978,Female,1,No,Yes,62,Yes,Yes,DSL,Yes,Yes,No,Yes,No,No,Month-to-month,Yes,Credit card (automatic),39.85,2626.2,Yes
CUST-00979,Female,0,No,Yes,50,Yes,No,Fiber optic,No,Yes,No,Yes,Yes,Yes,One year,Yes,Bank transfer (automatic),91.38,4791.99,Yes
CUST-00980,Female,0,Yes,No,38,Yes,Yes,DSL,No,No,No,No,Yes,No,Month-to-month,Yes,Credit card (automatic),55.73,2149.05,Yes
CUST-00981,Female,0,No,Yes,10,Yes,Yes,Fiber optic,Yes,No,Yes,No,Yes,Yes,Two year,No,Credit card (automatic),44.24,466.68,No
CUST-00982,Female,0,No,No,56,Yes,No,DSL,No,Yes,No,Yes,Yes,No,One year,No,Mailed check,78.48,4079.54,No
CUST-00983,Female,0,No,Yes,2,Yes,No,No,No internet service,No internet service,No internet service,No internet service,No internet service,No internet service,Month-to-month,Yes,Mailed check,96.23,200.99,Yes
CUST-00984,Male,1,No,No,36,Yes,No,No,No internet service,No internet service,No internet service,No internet service,No internet service,No internet service,Month-to-month,No,Bank transfer (automatic),28.92,1070.46,No
CUST-00985,Female,0,Yes,No,24,Yes,Yes,DSL,No,No,No,Yes,No,Yes,Two year,No,Electronic check,62.91,1444.82,No
CUST-00986,Female,0,Yes,Yes,20,Yes,No,Fiber optic,No,No,Yes,Yes,No,Yes,Month-to-month,Yes,Credit card (automatic),95.15,1975.46,No
CUST-00987,Female,0,No,No,41,Yes,No,DSL,No,Yes,Yes,Yes,Yes,Yes,One year,No,Credit card (automatic),108.36,4601.68,No
CUST-00988,Female,0,Yes,Yes,0,Yes,Yes,DSL,Yes,Yes,Yes,Yes,No,Yes,Month-to-month,No,Bank transfer (automatic),19.36,0.0,Yes
CUST-00989,Female,0,No,No,22,Yes,Yes,DSL,Yes,No,Yes,Yes,No,No,Month-to-month,Yes,Electronic check,83.61,1709.81,Yes
CUST-00990,Female,0,No,No,23,Yes,No,No,No internet service,No internet service,No internet service,No internet service,No internet service,No internet service,Two year,No,Electronic check,77.74,1738.77,No
CUST-00991,Female,0,Yes,Yes,46,No,No phone service,DSL,Yes,Yes,Yes,No,Yes,No,Month-to-month,Yes,Credit card (automatic),69.77,3144.69,Yes
CUST-00992,Female,0,Yes,No,6,Yes,Yes,Fiber optic,No,No,Yes,No,Yes,No,Month-to-month,Yes,Bank transfer (automatic),34.02,217.35,No
CUST-00993,Female,0,Yes,Yes,37,Yes,No,No,No internet service,No internet service,No internet service,No internet service,No internet service,No internet service,Month-to-month,Yes,Bank transfer (automatic),92.18,3367.06,No
CUST-00994,Female,0,Yes,No,46,Yes,Yes,Fiber optic,No,No,No,No,Yes,No,Month-to-month,No,Credit card (automatic),57.28,2759.56,No
CUST-00995,Female,0,No,No,34,Yes,Yes,No,No internet service,No internet service,No internet service,No internet service,No internet service,No internet service,One year,No,Electronic check,41.46,1399.12,Yes
CUST-00996,Male,0,No,No,61,Yes,Yes,No,No internet service,No internet service,No internet service,No internet service,No internet service,No internet service,Month-to-month,Yes,Mailed check,103.0,5739.05,No
CUST-00997,Male,0,Yes,No,2,Yes,No,Fiber optic,No,Yes,Yes,Yes,Yes,No,Month-to-month,No,Mailed check,48.7,100.38,Yes
CUST-00998,Female,0,No,Yes,19,Yes,Yes,Fiber optic,No,No,Yes,No,Yes,No,Month-to-month,Yes,Mailed check,37.84,775.81,Yes
CUST-00999,Female,0,Yes,Yes,43,Yes,No,Fiber optic,Yes,No,No,Yes,Yes,No,Month-to-month,Yes,Credit card (automatic),49.2,2123.35,Yes
CUST-01000,Male,0,Yes,Yes,31,No,No phone service,No,No internet service,No internet service,No internet service,No internet service,No internet service,No internet service,Two year,No,Electronic check,36.11,1164.65,No
CUST-01001,Female,0,Yes,No,25,Yes,Yes,Fiber optic,No,No,No,No,Yes,No,Month-to-month,Yes,Electronic check,95.73,2526.72,No
CUST-01002,Male,0,No,Yes,47,Yes,No,DSL,No,Yes,Yes,Yes,No,Yes,Month-to-month,No,Mailed check,36.21,1690.77,No
CUST-01003,Male,0,No,No,4,Yes,No,No,No internet service,No internet service,No internet service,No internet service,No internet service,No internet service,Two year,No,Bank transfer (automatic),89.67,340.73,No
CUST-01004,Male,0,Yes,No,58,Yes,No,No,No internet service,No internet service,No internet service,No internet service,No internet service,No internet service,One year,Yes,Bank transfer (automatic),34.25,2129.56,No
CUST-01005,Male,0,Yes,Yes,60,Yes,Yes,Fiber optic,Yes,No,Yes,No,No,No,Month-to-month,No,Credit card (automatic),40.63,2598.06,No
CUST-01006,Male,0,Yes,No,48,Yes,No,Fiber optic,Yes,Yes,No,Yes,No,No,Month-to-month,Yes,Bank transfer (automatic),52.25,2688.32,No
CUST-01007,Female,0,Yes,No,29,Yes,No,Fiber optic,No,No,No,No,Yes,No,Month-to-month,No,Electronic check,113.01,3490.83,Yes
CUST-01008,Male,0,No,No,16,Yes,No,DSL,Yes,Yes,Yes,No,Yes,No,Month-to-month,Yes,Electronic check,109.38,1621.66,Yes
CUST-01009,Female,0,No,No,69,Yes,No,Fiber optic,No,No,No,Yes,Yes,No,One year,Yes,Credit card (automatic),26.51,1797.99,No
CUST-01010,Female,0,Yes,No,57,Yes,No,DSL,No,Yes,No,No,No,Yes,Two year,Yes,Bank transfer (automatic),51.58,2758.68,No
CUST-01011,Male,0,Yes,No,62,Yes,No,Fiber optic,No,Yes,Yes,No,Yes,Yes,Month-to-month,No,Electronic check,52.63,3038.03,No
CUST-01012,Male,0,No,No,60,Yes,No,Fiber optic,No,Yes,Yes,Yes,Yes,No,Two year,Yes,Credit card (automatic),39.16,2481.88,No
CUST-01013,Female,0,Yes,No,62,No,No phone service,DSL,Yes,Yes,Yes,Yes,No,Yes,Month-to-month,No,Bank transfer (automatic),61.56,3802.48,No
CUST-01014,Male,0,No,Yes,14,Yes,Yes,DSL,No,Yes,No,Yes,No,Yes,Month-to-month,No,Mailed check,92.8,1192.85,No
CUST-01015,Male,0,No,No,0,Yes,Yes,DSL,Yes,Yes,Yes,Yes,Yes,Yes,Month-to-month,Yes,Credit card (automatic),27.93,0.0,No
CUST-01016,Female,0,Yes,Yes,12,Yes,No,Fiber optic,No,No,Yes,Yes,Yes,No,Month-to-month,Yes,Mailed check,85.17,1122.87,No
CUST-01017,Female,0,No,Yes,47,Yes,No,DSL,Yes,Yes,Yes,Yes,No,No,Two year,No,Credit card (automatic),44.08,1952.59,No
CUST-01018,Male,0,No,No,33,Yes,Yes,DSL,No,Yes,Yes,No,Yes,Yes,One year,Yes,Bank transfer (automatic),82.24,2658.1,No
CUST-01019,Female,0,No,No,29,Yes,No,No,No internet service,No internet service,No internet service,No internet service,No internet service,No internet service,Month-to-month,Yes,Credit card (automatic),86.19,2546.76,No
CUST-01020,Male,0,No,No,18,Yes,No,Fiber optic,No,Yes,Yes,Yes,No,Yes,Month-to-month,No,Electronic check,90.81,1536.37,No
CUST-01021,Male,0,Yes,Yes,63,Yes,Yes,Fiber optic,No,Yes,Yes,Yes,No,Yes,One year,No,Mailed check,104.17,7176.66,No
CUST-01022,Male,0,No,No,65,No,No phone service,Fiber optic,No,No,Yes,No,Yes,No,One year,No,Bank transfer (automatic),107.96,7206.73,No
CUST-01023,Female,0,No,No,56,Yes,Yes,DSL,Yes,No,Yes,Yes,Yes,No,Month-to-month,Yes,Mailed check,93.91,4974.35,No
CUST-01024,Female,0,No,Yes,43,Yes,Yes,DSL,Yes,No,Yes,No,No,Yes,Two year,Yes,Credit card (automatic),66.11,2812.37,No
CUST-01025,Female,0,Yes,No,11,Yes,No,Fiber optic,Yes,No,No,Yes,No,Yes,Month-to-month,Yes,Credit card (automatic),22.42,239.76,Yes
CUST-01026,Female,0,Yes,No,39,Yes,Yes,Fiber optic,No,Yes,No,No,Yes,No,One year,Yes,Credit card (automatic),111.71,4027.6,No
CUST-01027,Female,1,Yes,No,23,Yes,No,Fiber optic,No,Yes,No,Yes,Yes,No,Month-to-month,Yes,Credit card (automatic),78.13,1719.58,Yes
CUST-01028,Male,0,No,Yes,10,Yes,No,Fiber optic,Yes,Yes,No,Yes,No,No,Two year,No,Credit card (automatic),71.46,722.28,Yes
CUST-01029,Male,0,Yes,Yes,65,Yes,Yes,Fiber optic,No,No,Yes,No,Yes,Yes,Month-to-month,Yes,Credit card (automatic),41.95,2502.13,Yes
CUST-01030,Male,0,Yes,No,0,Yes,No,DSL,No,No,Yes,Yes,No,Yes,Month-to-month,No,Electronic check,86.42,0.0,Yes
CUST-01031,Male,0,Yes,No,57,Yes,No,No,No internet service,No internet service,No internet service,No internet service,No internet service,No internet service,One year,No,Mailed check,117.47,6751.14,No
CUST-01032,Female,0,No,No,27,Yes,Yes,DSL,Yes,No,Yes,No,No,No,Two year,Yes,Credit card (automatic),51.0,1358.84,No
CUST-01033,Male,0,Yes,Yes,67,Yes,No,No,No internet service,No internet service,No internet service,No internet service,No internet service,No internet service,Two year,Yes,Mailed check,97.96,6154.1,No
CUST-01034,Female,0,Yes,No,58,Yes,No,No,No internet service,No internet service,No internet service,No internet service,No internet service,No internet service,Month-to-month,Yes,Bank transfer (automatic),47.11,2848.64,No
CUST-01035,Male,0,Yes,No,70,Yes,Yes,DSL,No,No,Yes,Yes,No,Yes,Two year,Yes,Mailed check,66.77,4288.66,No
CUST-01036,Female,1,No,Yes,21,Yes,No,No,No internet service,No internet service,No internet service,No internet service,No internet service,No internet service,One year,Yes,Mailed check,39.33,788.0,No
CUST-01037,Female,0,No,No,28,Yes,No,No,No internet service,No internet service,No internet service,No internet service,No internet service,No internet service,Month-to-month,Yes,Electronic check,69.28,1785.15,Yes
CUST-01038,Male,0,Yes,No,68,Yes,No,No,No internet service,No internet service,No internet service,No internet service,No internet service,No internet service,Month-to-month,Yes,Electronic check,63.93,4545.13,Yes
CUST-01039,Male,0,Yes,Yes,44,Yes,Yes,Fiber optic,No,Yes,No,No,No,Yes,Two year,Yes,Mailed check,21.89,988.73,No
CUST-01040,Male,0,Yes,Yes,69,Yes,Yes,No,No internet service,No internet service,No internet service,No internet service,No internet service,No internet service,One year,No,Mailed check,56.18,3634.88,No
CUST-01041,Male,0,No,No,16,Yes,Yes,Fiber optic,Yes,No,No,No,Yes,Yes,Month-to-month,No,Bank transfer (automatic),24.27,392.78,No
CUST-01042,Female,0,No,No,38,No,No phone service,No,No internet service,No internet service,No internet service,No internet service,No internet service,No internet service,Month-to-month,Yes,Mailed check,63.06,2490.44,No
CUST-01043,Male,0,Yes,No,39,Yes,Yes,Fiber optic,No,No,No,No,No,No,Month-to-month,No,Bank transfer (automatic),116.02,4103.22,No
CUST-01044,Male,0,No,No,27,Yes,Yes,No,No internet service,No internet service,No internet service,No internet service,No internet service,No internet service,Month-to-month,Yes,Electronic check,47.3,1318.79,No
CUST-01045,Female,0,Yes,Yes,1,Yes,Yes,Fiber optic,No,Yes,No,Yes,No,No,Two year,Yes,Electronic check,69.56,66.94,No
CUST-01046,Male,0,No,No,26,Yes,Yes,Fiber optic,No,Yes,Yes,No,No,Yes,Month-to-month,Yes,Mailed check,31.02,747.68,No
CUST-01047,Male,1,Yes,No,20,Yes,No,No,No internet service,No internet service,No internet service,No internet service,No internet service,No internet service,One year,No,Bank transfer (automatic),33.4,710.91,No
CUST-01048,Male,0,No,Yes,6,Yes,Yes,Fiber optic,Yes,Yes,Yes,Yes,No,No,Month-to-month,Yes,Bank transfer (automatic),53.55,328.12,No
CUST-01049,Male,0,Yes,No,60,Yes,No,DSL,Yes,Yes,No,No,No,No,Month-to-month,No,Mailed check,66.97,4055.6,No
CUST-01050,Male,0,No,Yes,51,Yes,Yes,DSL,No,No,No,No,No,Yes,Month-to-month,Yes,Bank transfer (automatic),88.14,4797.63,No
CUST-01051,Female,0,Yes,Yes,47,Yes,No,No,No internet service,No internet service,No internet service,No internet service,No internet service,No internet service,Month-to-month,Yes,Mailed check,63.67,2851.91,No
CUST-01052,Male,1,Yes,Yes,18,No,No phone service,No,No internet service,No internet service,No internet service,No internet service,No internet service,No internet service,Two year,Yes,Electronic check,20.44,332.17,No
CUST-01053,Male,0,Yes,Yes,11,Yes,No,Fiber optic,No,No,No,Yes,Yes,No,Two year,No,Credit card (automatic),45.1,540.62,No
CUST-01054,Male,0,Yes,No,70,Yes,Yes,No,No internet service,No internet service,No internet service,No internet service,No internet service,No internet service,Month-to-month,Yes,Credit card (automatic),20.48,1365.58,Yes
CUST-01055,Male,0,No,No,1,Yes,No,DSL,No,Yes,No,Yes,Yes,Yes,One year,Yes,Mailed check,109.79,112.72,No
CUST-01056,Male,1,Yes,No,16,Yes,Yes,DSL,No,No,Yes,No,No,Yes,Month-to-month,No,Credit card (automatic),20.9,366.3,Yes
CUST-01057,Female,0,No,No,2,Yes,No,Fiber optic,Yes,Yes,Yes,Yes,Yes,No,Month-to-month,Yes,Electronic check,22.96,43.47,No
CUST-01058,Male,0,No,No,20,Yes,Yes,Fiber optic,Yes,No,No,No,No,No,Month-to-month,Yes,Electronic check,47.83,1050.87,No
CUST-01059,Female,0,Yes,No,50,Yes,No,DSL,No,No,No,Yes,No,No,One year,Yes,Electronic check,81.23,4092.9,No
CUST-01060,Female,0,Yes,No,9,Yes,Yes,Fiber optic,No,Yes,Yes,Yes,No,No,Month-to-month,No,Bank transfer (automatic),53.8,528.65,Yes
CUST-01061,Male,0,Yes,No,54,Yes,No,DSL,Yes,No,No,Yes,No,Yes,Two year,Yes,Bank transfer (automatic),24.16,1196.63,No
CUST-01062,Male,1,Yes,No,35,Yes,Yes,Fiber optic,No,No,Yes,No,Yes,No,One year,Yes,Mailed check,101.63,3579.12,No
CUST-01063,Male,0,No,No,50,Yes,Yes,Fiber optic,Yes,Yes,No,No,Yes,No,Month-to-month,Yes,Bank transfer (automatic),88.02,4792.13,Yes
CUST-01064,Male,0,No,Yes,16,Yes,Yes,No,No internet service,No internet service,No internet service,No internet service,No internet service,No internet service,One year,No,Credit card (automatic),57.64,858.7,No
CUST-01065,Female,0,No,No,60,Yes,No,No,No internet service,No internet service,No internet service,No internet service,No internet service,No internet service,Month-to-month,Yes,Credit card (automatic),85.69,4910.25,No
CUST-01066,Male,0,No,No,12,Yes,Yes,Fiber optic,Yes,Yes,No,Yes,Yes,Yes,Month-to-month,Yes,Bank transfer (automatic),45.46,514.15,Yes
CUST-01067,Male,0,Yes,No,64,Yes,Yes,DSL,Yes,No,No,No,Yes,Yes,Month-to-month,No,Bank transfer (automatic),70.79,4952.31,No
CUST-01068,Male,1,No,Yes,47,Yes,Yes,No,No internet service,No internet service,No internet service,No internet service,No internet service,No internet service,Month-to-month,No,Electronic check,106.05,4748.62,No
CUST-01069,Male,0,Yes,No,69,Yes,No,DSL,Yes,No,No,No,Yes,Yes,Month-to-month,No,Electronic check,28.77,1834.64,No
CUST-01070,Male,0,Yes,No,46,Yes,No,DSL,Yes,No,Yes,Yes,Yes,No,Month-to-month,Yes,Electronic check,102.69,5004.15,No
CUST-01071,Male,0,No,Yes,9,Yes,Yes,DSL,Yes,No,Yes,Yes,Yes,Yes,Two year,Yes,Electronic check,96.85,874.0,No
CUST-01072,Female,0,No,No,56,Yes,Yes,No,No internet service,No internet service,No internet service,No internet service,No internet service,No internet service,Month-to-month,No,Electronic check,112.91,6436.64,No
CUST-01073,Female,0,No,Yes,12,Yes,No,No,No internet service,No internet service,No internet service,No internet service,No internet service,No internet service,One year,Yes,Credit card (automatic),69.38,850.35,No
CUST-01074,Male,0,No,No,60,Yes,No,No,No internet service,No internet service,No internet service,No internet service,No internet service,No internet service,Two year,No,Bank transfer (automatic),45.49,2791.09,No
CUST-01075,Male,0,No,No,57,No,No phone service,Fiber optic,Yes,No,Yes,Yes,Yes,No,One year,Yes,Mailed check,53.31,3010.88,Yes
CUST-01076,Male,0,No,No,67,Yes,Yes,DSL,No,No,No,No,Yes,No,One year,Yes,Bank transfer (automatic),81.98,6015.08,No
CUST-01077,Female,0,Yes,No,28,Yes,Yes,No,No internet service,No internet service,No internet service,No internet service,No internet service,No internet service,Two year,Yes,Credit card (automatic),32.08,839.69,No
CUST-01078,Male,0,Yes,No,15,Yes,No,Fiber optic,No,Yes,Yes,Yes,Yes,No,Month-to-month,Yes,Mailed check,53.17,870.58,Yes
CUST-01079,Female,0,Yes,Yes,62,Yes,Yes,Fiber optic,Yes,No,Yes,No,No,Yes,Month-to-month,Yes,Credit card (automatic),90.64,5386.36,Yes
CUST-01080,Male,1,No,Yes,46,Yes,No,DSL,Yes,No,Yes,Yes,No,Yes,One year,Yes,Electronic check,75.37,3252.01,No
CUST-01081,Male,0,Yes,Yes,42,Yes,No,DSL,No,No,No,No,Yes,No,Month-to-month,Yes,Mailed check,24.28,1045.4,No
CUST-01082,Male,0,Yes,Yes,22,Yes,No,No,No internet service,No internet service,No internet service,No internet service,No internet service,No internet service,Month-to-month,No,Credit card (automatic),67.69,1605.89,Yes
CUST-01083,Male,0,Yes,No,29,Yes,No,DSL,Yes,Yes,No,No,No,No,Month-to-month,No,Bank transfer (automatic),70.42,1986.19,No
CUST-01084,Female,0,Yes,No,56,Yes,Yes,DSL,No,Yes,No,Yes,No,Yes,Two year,No,Credit card (automatic),88.08,4513.64,No
CUST-01085,Female,0,Yes,Yes,29,Yes,No,Fiber optic,Yes,Yes,No,No,No,No,Month-to-month,No,Credit card (automatic),19.07,557.07,Yes
CUST-01086,Male,0,Yes,Yes,66,Yes,Yes,DSL,Yes,No,Yes,No,Yes,No,One year,Yes,Bank transfer (automatic),60.84,4405.07,No
CUST-01087,Male,0,No,No,55,Yes,Yes,DSL,Yes,No,No,No,Yes,No,Month-to-month,No,Bank transfer (automatic),106.66,5736.73,No
CUST-01088,Female,0,No,No,23,Yes,No,No,No internet service,No internet service,No internet service,No internet service,No internet service,No internet service,Two year,Yes,Electronic check,20.51,426.44,No
CUST-01089,Female,0,No,No,7,Yes,Yes,DSL,No,Yes,No,No,Yes,No,Month-to-month,No,Bank transfer (automatic),85.24,596.78,No
CUST-01090,Female,0,Yes,No,43,Yes,Yes,Fiber optic,Yes,Yes,Yes,No,No,No,Two year,Yes,Bank transfer (automatic),40.32,1693.45,No
CUST-01091,Female,1,No,No,33,Yes,Yes,Fiber optic,Yes,Yes,Yes,Yes,No,No,Month-to-month,No,Electronic check,56.75,1710.45,Yes
CUST-01092,Male,0,No,Yes,34,Yes,No,DSL,Yes,No,Yes,Yes,No,No,Month-to-month,No,Credit card (automatic),106.41,3889.16,No
CUST-01093,Female,0,Yes,No,49,Yes,No,Fiber optic,No,Yes,Yes,Yes,Yes,Yes,One year,Yes,Credit card (automatic),54.25,2721.39,No
CUST-01094,Male,0,No,Yes,16,Yes,No,DSL,No,No,No,Yes,No,Yes,Month-to-month,Yes,Bank transfer (automatic),72.55,1080.52,Yes
CUST-01095,Female,0,Yes,Yes,1,Yes,Yes,DSL,Yes,Yes,Yes,Yes,No,Yes,Month-to-month,No,Electronic check,26.96,29.26,Yes
CUST-01096,Female,0,No,Yes,53,Yes,Yes,DSL,Yes,Yes,No,Yes,Yes,No,Month-to-month,Yes,Credit card (automatic),50.47,2715.7,No
CUST-01097,Female,0,Yes,No,43,Yes,No,DSL,No,No,No,Yes,No,No,Month-to-month,Yes,Credit card (automatic),32.17,1435.65,No
CUST-01098,Female,1,Yes,No,48,Yes,Yes,Fiber optic,Yes,Yes,No,No,No,No,Two year,No,Credit card (automatic),74.16,3619.07,No
CUST-01099,Female,1,No,Yes,1,Yes,No,DSL,Yes,No,No,Yes,No,No,Two year,No,Credit card (automatic),63.98,70.1,No
CUST-01100,Male,0,Yes,No,71,Yes,No,DSL,Yes,Yes,No,No,No,No,Two year,No,Bank transfer (automatic),44.46,3403.28,No
CUST-01101,Male,0,No,No,69,Yes,No,No,No internet service,No internet service,No internet service,No internet service,No internet service,No internet service,Two year,No,Credit card (automatic),117.96,7352.21,No
CUST-01102,Female,1,Yes,No,8,Yes,Yes,DSL,No,No,No,No,No,Yes,Two year,Yes,Electronic check,33.33,240.75,No
CUST-01103,Female,0,No,Yes,0,Yes,Yes,DSL,No,Yes,Yes,Yes,No,No,Two year,No,Electronic check,100.55,0.0,No
CUST-01104,Male,1,No,No,68,Yes,No,Fiber optic,No,Yes,Yes,No,No,No,Month-to-month,Yes,Bank transfer (automatic),21.58,1412.87,Yes
CUST-01105,Female,0,Yes,No,8,Yes,No,No,No internet service,No internet service,No internet service,No internet service,No internet service,No internet service,Month-to-month,Yes,Mailed check,102.68,827.83,Yes
CUST-01106,Female,0,No,Yes,13,Yes,No,DSL,Yes,Yes,Yes,No,Yes,No,Month-to-month,No,Credit card (automatic),65.7,826.49,Yes
CUST-01107,Male,0,No,Yes,26,Yes,Yes,DSL,Yes,No,No,Yes,Yes,No,Month-to-month,Yes,Bank transfer (automatic),100.82,2819.6,Yes
CUST-01108,Female,0,No,Yes,8,Yes,No,Fiber optic,No,No,No,Yes,No,No,Two year,Yes,Mailed check,92.72,692.77,No
CUST-01109,Female,0,Yes,Yes,35,Yes,No,Fiber optic,No,No,No,No,Yes,Yes,Two year,Yes,Bank transfer (automatic),75.26,2400.87,No
CUST-01110,Male,0,Yes,No,2,Yes,Yes,DSL,Yes,Yes,Yes,No,Yes,No,Month-to-month,No,Bank transfer (automatic),55.16,106.85,Yes
CUST-01111,Male,0,No,No,22,Yes,Yes,DSL,Yes,No,Yes,No,Yes,Yes,Month-to-month,No,Mailed check,84.55,1725.85,Yes
CUST-01112,Male,0,No,No,29,Yes,Yes,DSL,Yes,Yes,No,No,Yes,Yes,Month-to-month,Yes,Electronic check,101.25,2989.99,No
CUST-01113,Female,0,Yes,Yes,18,Yes,No,DSL,Yes,No,No,Yes,Yes,No,One year,No,Mailed check,68.33,1223.17,No
CUST-01114,Male,0,Yes,No,66,Yes,Yes,DSL,Yes,No,Yes,No,No,Yes,Two year,Yes,Credit card (automatic),59.49,4089.65,No
CUST-01115,Male,0,No,No,49,No,No phone service,Fiber optic,No,Yes,No,No,No,No,Month-to-month,No,Mailed check,32.29,1447.02,No
CUST-01116,Male,0,Yes,No,47,Yes,No,DSL,Yes,No,Yes,No,No,No,Month-to-month,No,Credit card (automatic),107.62,5315.49,No
CUST-01117,Male,0,Yes,No,2,Yes,No,Fiber optic,Yes,No,Yes,Yes,Yes,No,One year,No,Credit card (automatic),44.73,85.46,No
CUST-01118,Male,1,No,Yes,65,Yes,Yes,Fiber optic,No,No,No,No,Yes,No,Month-to-month,Yes,Electronic check,30.35,2040.39,Yes
CUST-01119,Male,1,Yes,No,26,Yes,No,DSL,Yes,Yes,No,Yes,Yes,Yes,Two year,Yes,Bank transfer (automatic),24.62,613.36,No
CUST-01120,Female,0,Yes,No,39,Yes,Yes,No,No internet service,No internet service,No internet service,No internet service,No internet service,No internet service,Month-to-month,No,Mailed check,93.08,3872.46,Yes
CUST-01121,Female,0,Yes,No,17,Yes,Yes,No,No internet service,No internet service,No internet service,No internet service,No internet service,No internet service,Two year,Yes,Credit card (automatic),85.5,1550.62,No
CUST-01122,Male,0,No,No,26,Yes,Yes,DSL,No,Yes,No,No,No,Yes,Two year,Yes,Mailed check,30.05,751.03,No
CUST-01123,Male,1,Yes,Yes,10,Yes,No,DSL,Yes,Yes,No,Yes,No,No,One year,No,Mailed check,71.01,768.26,No
CUST-01124,Male,0,No,Yes,38,Yes,Yes,Fiber optic,Yes,Yes,No,No,Yes,No,One year,No,Credit card (automatic),33.27,1219.01,No
CUST-01125,Female,0,Yes,No,18,Yes,No,DSL,Yes,Yes,No,No,Yes,No,Month-to-month,Yes,Credit card (automatic),56.36,1094.76,Yes
CUST-01126,Female,0,Yes,No,6,Yes,No,No,No internet service,No internet service,No internet service,No internet service,No internet service,No internet service,Month-to-month,Yes,Bank transfer (automatic),96.29,542.28,No
CUST-01127,Female,0,No,No,56,Yes,Yes,DSL,No,No,Yes,Yes,Yes,No,Two year,Yes,Mailed check,40.78,2186.81,No
CUST-01128,Female,0,No,Yes,1,Yes,No,Fiber optic,Yes,No,Yes,Yes,Yes,No,Month-to-month,Yes,Credit card (automatic),20.77,22.37,No
CUST-01129,Female,0,No,No,37,Yes,Yes,DSL,Yes,Yes,Yes,Yes,Yes,No,Month-to-month,No,Bank transfer (automatic),37.33,1265.42,No
CUST-01130,Female,1,No,No,4,Yes,Yes,DSL,Yes,No,Yes,No,No,Yes,Two year,Yes,Mailed check,58.05,241.57,No
CUST-01131,Female,1,Yes,No,35,Yes,Yes,DSL,Yes,No,No,No,No,Yes,Month-to-month,No,Mailed check,42.17,1529.67,Yes
CUST-01132,Female,0,No,Yes,67,Yes,Yes,Fiber optic,No,No,Yes,No,No,No,Two year,Yes,Credit card (automatic),90.22,6615.56,No
CUST-01133,Female,0,No,Yes,56,Yes,No,No,No internet service,No internet service,No internet service,No internet service,No internet service,No internet service,Month-to-month,Yes,Electronic check,96.92,5940.18,No
CUST-01134,Male,0,No,No,19,Yes,Yes,No,No internet service,No internet service,No internet service,No internet service,No internet service,No internet service,One year,Yes,Credit card (automatic),42.05,795.83,No
CUST-01135,Male,0,Yes,No,4,Yes,No,DSL,Yes,No,Yes,Yes,Yes,No,Month-to-month,Yes,Mailed check,44.86,185.12,No
CUST-01136,Male,0,Yes,No,23,Yes,No,Fiber optic,No,Yes,No,No,No,Yes,Two year,Yes,Electronic check,74.01,1585.04,No
CUST-01137,Male,0,No,No,29,Yes,Yes,Fiber optic,No,No,No,Yes,Yes,Yes,One year,No,Credit card (automatic),93.25,2556.1,No
CUST-01138,Female,0,No,No,27,Yes,No,Fiber optic,Yes,No,Yes,Yes,No,No,One year,Yes,Electronic check,113.94,3112.34,No
CUST-01139,Female,0,No,Yes,52,Yes,Yes,DSL,No,Yes,Yes,Yes,No,Yes,Month-to-month,Yes,Bank transfer (automatic),48.06,2367.96,No
CUST-01140,Male,0,No,Yes,50,Yes,Yes,Fiber optic,Yes,Yes,Yes,No,No,Yes,Two year,No,Credit card (automatic),109.11,5146.58,No
CUST-01141,Female,0,Yes,Yes,6,Yes,Yes,No,No internet service,No internet service,No internet service,No internet service,No internet service,No internet service,Month-to-month,No,Mailed check,36.18,196.36,No
CUST-01142,Male,0,No,No,41,Yes,No,No,No internet service,No internet service,No internet service,No internet service,No internet service,No internet service,Month-to-month,Yes,Mailed check,22.11,829.16,No
CUST-01143,Female,1,Yes,No,34,Yes,Yes,Fiber optic,No,No,No,Yes,No,No,Two year,Yes,Electronic check,97.25,3446.32,No
CUST-01144,Male,1,No,No,33,Yes,No,DSL,Yes,Yes,No,No,No,Yes,Two year,No,Electronic check,65.86,1962.27,No
CUST-01145,Female,1,No,Yes,53,Yes,Yes,No,No internet service,No internet service,No internet service,No internet service,No internet service,No internet service,Month-to-month,No,Bank transfer (automatic),25.69,1469.35,No
CUST-01146,Female,0,Yes,No,28,Yes,No,No,No internet service,No internet service,No internet service,No internet service,No internet service,No internet service,One year,Yes,Credit card (automatic),25.11,643.83,No
CUST-01147,Male,0,No,No,9,Yes,Yes,Fiber optic,No,Yes,Yes,Yes,Yes,No,One year,No,Bank transfer (automatic),19.36,162.27,No
CUST-01148,Female,0,No,No,26,Yes,No,No,No internet service,No internet service,No internet service,No internet service,No internet service,No internet service,One year,Yes,Electronic check,48.63,1224.01,No
CUST-01149,Male,1,No,Yes,12,Yes,Yes,No,No internet service,No internet service,No internet service,No internet service,No internet service,No internet service,One year,No,Mailed check,91.54,1148.28,No
CUST-01150,Male,0,No,No,41,Yes,No,Fiber optic,No,No,Yes,No,No,Yes,Month-to-month,Yes,Bank transfer (automatic),84.53,3604.86,Yes
CUST-01151,Male,0,Yes,No,36,Yes,Yes,Fiber optic,No,No,No,Yes,No,No,Month-to-month,No,Credit card (automatic),117.97,4031.65,No
CUST-01152,Male,0,No,No,60,Yes,No,Fiber optic,Yes,No,Yes,No,Yes,Yes,Two year,No,Mailed check,77.39,4482.73,No
CUST-01153,Female,0,No,No,20,Yes,Yes,Fiber optic,Yes,Yes,No,No,No,Yes,Month-to-month,No,Credit card (automatic),29.05,618.33,No
CUST-01154,Female,0,Yes,Yes,2,Yes,No,DSL,No,Yes,No,Yes,Yes,Yes,One year,No,Electronic check,115.85,231.55,No
CUST-01155,Female,0,No,No,7,Yes,Yes,Fiber optic,Yes,Yes,Yes,No,Yes,Yes,Two year,No,Electronic check,87.3,605.99,No
CUST-01156,Male,0,Yes,No,69,Yes,Yes,DSL,No,No,No,Yes,Yes,Yes,Month-to-month,No,Credit card (automatic),55.4,3924.65,No
CUST-01157,Female,0,No,No,16,Yes,Yes,Fiber optic,Yes,No,No,No,Yes,Yes,Two year,No,Credit card (automatic),42.7,677.3,No
CUST-01158,Male,1,No,No,9,Yes,No,No,No internet service,No internet service,No internet service,No internet service,No internet service,No internet service,Month-to-month,Yes,Electronic check,40.22,357.2,Yes
CUST-01159,Female,0,No,Yes,12,Yes,No,Fiber optic,No,Yes,Yes,No,Yes,No,Month-to-month,Yes,Bank transfer (automatic),113.62,1444.87,No
CUST-01160,Female,0,Yes,Yes,11,Yes,Yes,DSL,No,No,Yes,No,Yes,Yes,Month-to-month,No,Bank transfer (automatic),59.94,716.23,No
CUST-01161,Female,0,Yes,No,65,Yes,No,No,No internet service,No internet service,No internet service,No internet service,No internet service,No internet service,One year,No,Credit card (automatic),66.68,4376.9,No
CUST-01162,Male,1,No,Yes,22,Yes,Yes,DSL,No,Yes,Yes,No,No,No,Month-to-month,Yes,Credit card (automatic),101.68,2142.71,No
CUST-01163,Female,0,Yes,No,64,Yes,Yes,No,No internet service,No internet service,No internet service,No internet service,No internet service,No internet service,Month-to-month,No,Electronic check,114.39,7979.42,No
CUST-01164,Female,1,No,Yes,51,No,No phone service,Fiber optic,No,Yes,No,Yes,Yes,No,One year,Yes,Credit card (automatic),18.44,978.42,No
CUST-01165,Male,0,Yes,Yes,60,Yes,No,Fiber optic,No,No,Yes,No,No,No,Month-to-month,No,Credit card (automatic),117.02,7237.91,No
CUST-01166,Female,1,No,No,25,Yes,Yes,Fiber optic,No,No,Yes,No,No,No,Month-to-month,Yes,Mailed check,25.55,652.38,Yes
CUST-01167,Male,1,Yes,Yes,14,Yes,No,DSL,No,Yes,No,No,No,No,One year,Yes,Credit card (automatic),101.68,1491.96,No
CUST-01168,Female,0,No,No,21,Yes,No,Fiber optic,Yes,Yes,Yes,No,No,No,One year,Yes,Credit card (automatic),113.03,2504.47,No
CUST-01169,Male,0,Yes,No,64,Yes,Yes,DSL,No,Yes,Yes,No,Yes,No,Two year,Yes,Credit card (automatic),74.11,5019.26,No
CUST-01170,Male,0,Yes,No,25,Yes,No,Fiber optic,No,No,Yes,Yes,No,Yes,Month-to-month,Yes,Bank transfer (automatic),73.17,2003.32,No
CUST-01171,Female,0,Yes,No,20,Yes,No,Fiber optic,No,No,Yes,No,No,No,Month-to-month,Yes,Electronic check,84.9,1667.84,Yes
CUST-01172,Male,0,Yes,Yes,23,Yes,No,Fiber optic,No,Yes,No,Yes,Yes,Yes,One year,No,Electronic check,53.28,1162.36,No
CUST-01173,Male,0,No,No,15,Yes,Yes,No,No internet service,No internet service,No internet service,No internet service,No internet service,No internet service,Two year,Yes,Mailed check,34.58,507.71,No
CUST-01174,Male,0,No,No,31,Yes,Yes,Fiber optic,Yes,Yes,Yes,No,Yes,Yes,One year,No,Bank transfer (automatic),24.64,804.6,No
CUST-01175,Male,0,Yes,No,15,Yes,No,Fiber optic,No,No,Yes,Yes,No,Yes,Month-to-month,No,Bank transfer (automatic),106.11,1604.61,No
CUST-01176,Male,0,No,No,41,Yes,No,No,No internet service,No internet service,No internet service,No internet service,No internet service,No internet service,Two year,No,Electronic check,72.73,3199.43,No
CUST-01177,Male,0,Yes,No,31,No,No phone service,DSL,Yes,No,No,Yes,Yes,No,One year,No,Credit card (automatic),87.41,2566.71,No
CUST-01178,Female,0,No,No,49,Yes,Yes,No,No internet service,No internet service,No internet service,No internet service,No internet service,No internet service,Month-to-month,No,Electronic check,51.21,2628.24,Yes
CUST-01179,Male,0,Yes,No,40,Yes,No,DSL,No,Yes,No,No,Yes,No,Two year,No,Credit card (automatic),98.7,3750.09,No
CUST-01180,Male,0,No,Yes,23,Yes,Yes,Fiber optic,Yes,Yes,No,No,Yes,No,Month-to-month,No,Credit card (automatic),52.99,1291.68,No
CUST-01181,Female,0,No,Yes,12,Yes,Yes,No,No internet service,No internet service,No internet service,No internet service,No internet service,No internet service,Two year,Yes,Bank transfer (automatic),20.98,248.65,No
CUST-01182,Female,1,Yes,No,9,Yes,No,No,No internet service,No internet service,No internet service,No internet service,No internet service,No internet service,One year,No,Electronic check,51.69,510.75,No
CUST-01183,Female,0,Yes,Yes,41,Yes,Yes,DSL,Yes,No,No,No,Yes,Yes,Month-to-month,Yes,Mailed check,103.03,4366.78,No
CUST-01184,Female,0,Yes,Yes,40,No,No phone service,DSL,No,Yes,No,Yes,Yes,Yes,Month-to-month,Yes,Electronic check,105.59,4427.79,No
CUST-01185,Female,0,Yes,Yes,2,Yes,No,No,No internet service,No internet service,No internet service,No internet service,No internet service,No internet service,Month-to-month,Yes,Mailed check,111.47,202.55,No
CUST-01186,Female,0,Yes,No,54,Yes,No,No,No internet service,No internet service,No internet service,No internet service,No internet service,No internet service,Month-to-month,Yes,Bank transfer (automatic),67.95,3818.32,No
CUST-01187,Female,1,No,No,15,Yes,No,Fiber optic,Yes,Yes,No,Yes,No,No,Month-to-month,Yes,Credit card (automatic),113.66,1677.22,Yes
CUST-01188,Male,1,Yes,No,43,No,No phone service,DSL,Yes,Yes,Yes,No,Yes,No,Month-to-month,No,Electronic check,67.92,2817.25,Yes
CUST-01189,Male,0,No,No,29,Yes,Yes,Fiber optic,No,No,Yes,No,Yes,Yes,Month-to-month,No,Bank transfer (automatic),33.39,1025.48,No
CUST-01190,Female,0,Yes,No,36,Yes,Yes,DSL,Yes,No,Yes,No,No,No,One year,No,Bank transfer (automatic),68.2,2321.95,No
CUST-01191,Male,0,No,No,59,Yes,Yes,No,No internet service,No internet service,No internet service,No internet service,No internet service,No internet service,Month-to-month,Yes,Credit card (automatic),104.86,5793.04,Yes
CUST-01192,Male,0,No,No,23,Yes,No,Fiber optic,No,No,Yes,No,No,Yes,Month-to-month,Yes,Mailed check,96.57,2156.84,Yes
CUST-01193,Male,1,Yes,No,25,Yes,Yes,Fiber optic,Yes,Yes,Yes,No,Yes,No,Month-to-month,Yes,Credit card (automatic),61.41,1574.97,Yes
CUST-01194,Female,0,Yes,No,57,Yes,No,DSL,No,Yes,Yes,No,Yes,No,Month-to-month,Yes,Electronic check,39.25,2128.66,No
CUST-01195,Female,0,No,No,8,Yes,No,Fiber optic,No,No,Yes,No,Yes,No,Two year,Yes,Bank transfer (automatic),76.11,616.02,No
CUST-01196,Male,0,No,No,60,Yes,No,Fiber optic,Yes,Yes,Yes,Yes,No,Yes,Month-to-month,No,Credit card (automatic),111.12,6513.65,No
CUST-01197,Female,1,Yes,No,18,Yes,Yes,Fiber optic,Yes,Yes,No,Yes,No,Yes,One year,Yes,Mailed check,35.75,630.21,No
CUST-01198,Male,0,No,No,27,Yes,No,No,No internet service,No internet service,No internet service,No internet service,No internet service,No internet service,Month-to-month,No,Mailed check,100.7,2557.46,No
CUST-01199,Male,0,No,No,6,Yes,No,Fiber optic,No,No,Yes,Yes,No,Yes,Month-to-month,No,Mailed check,32.73,189.39,Yes
CUST-01200,Male,0,No,No,44,Yes,Yes,DSL,No,Yes,No,Yes,No,No,Two year,Yes,Bank transfer (automatic),109.96,4619.4,No
CUST-01201,Male,0,No,No,62,Yes,No,Fiber optic,No,No,No,Yes,Yes,Yes,Two year,Yes,Credit card (automatic),87.33,5136.63,No
CUST-01202,Female,0,No,No,36,Yes,Yes,Fiber optic,Yes,Yes,Yes,Yes,Yes,Yes,Two year,No,Bank transfer (automatic),28.92,953.83,No
CUST-01203,Female,1,No,No,15,Yes,Yes,Fiber optic,No,No,Yes,No,Yes,Yes,Two year,No,Mailed check,38.24,565.92,No
CUST-01204,Female,0,Yes,No,4,Yes,No,DSL,No,Yes,No,Yes,Yes,No,Two year,No,Credit card (automatic),110.69,420.15,No
CUST-01205,Male,0,Yes,No,28,Yes,No,DSL,No,No,Yes,Yes,Yes,Yes,One year,Yes,Electronic check,68.76,2102.8,No
CUST-01206,Female,0,Yes,No,51,Yes,Yes,Fiber optic,Yes,Yes,Yes,No,Yes,Yes,Two year,Yes,Mailed check,63.35,3296.57,Yes
CUST-01207,Male,0,Yes,No,22,No,No phone service,DSL,Yes,No,Yes,Yes,Yes,Yes,Month-to-month,Yes,Credit card (automatic),23.83,520.28,No
CUST-01208,Female,0,No,No,5,No,No phone service,No,No internet service,No internet service,No internet service,No internet service,No internet service,No internet service,Month-to-month,No,Bank transfer (automatic),26.4,127.72,Yes
CUST-01209,Male,0,Yes,No,35,Yes,No,Fiber optic,No,No,Yes,No,Yes,Yes,One year,Yes,Electronic check,87.16,3026.66,No
CUST-01210,Male,0,No,No,56,Yes,No,Fiber optic,No,Yes,Yes,No,Yes,No,Month-to-month,No,Credit card (automatic),95.69,5188.73,Yes
CUST-01211,Male,1,No,No,32,Yes,No,Fiber optic,No,No,Yes,No,No,No,Month-to-month,Yes,Credit card (automatic),104.7,3589.52,Yes
CUST-01212,Female,0,Yes,Yes,48,Yes,No,Fiber optic,No,No,Yes,Yes,Yes,Yes,Month-to-month,Yes,Mailed check,68.28,3117.39,Yes
CUST-01213,Female,0,Yes,No,40,Yes,No,Fiber optic,No,Yes,No,No,Yes,No,One year,Yes,Credit card (automatic),50.86,1944.87,No
CUST-01214,Female,0,No,No,54,Yes,No,DSL,No,No,No,Yes,Yes,Yes,Month-to-month,Yes,Bank transfer (automatic),80.55,4532.06,No
CUST-01215,Female,0,Yes,No,25,Yes,No,No,No internet service,No internet service,No internet service,No internet service,No internet service,No internet service,Month-to-month,Yes,Bank transfer (automatic),79.89,2157.4,No
CUST-01216,Male,0,Yes,No,36,Yes,No,DSL,No,Yes,Yes,No,No,Yes,Month-to-month,Yes,Mailed check,21.47,800.76,No
CUST-01217,Female,0,No,Yes,16,Yes,No,No,No internet service,No internet service,No internet service,No internet service,No internet service,No internet service,Month-to-month,No,Electronic check,111.88,1641.41,No
CUST-01218,Female,0,No,No,31,Yes,Yes,DSL,Yes,Yes,Yes,No,Yes,Yes,Month-to-month,Yes,Electronic check,82.26,2753.55,Yes
CUST-01219,Male,0,No,No,27,Yes,Yes,Fiber optic,Yes,Yes,Yes,Yes,Yes,Yes,One year,No,Credit card (automatic),18.65,530.67,No
CUST-01220,Male,0,No,Yes,24,Yes,Yes,Fiber optic,No,Yes,Yes,No,No,Yes,One year,No,Mailed check,113.96,2592.66,No
CUST-01221,Male,0,No,No,46,Yes,Yes,DSL,Yes,No,No,Yes,No,Yes,Month-to-month,No,Bank transfer (automatic),113.27,4754.62,No
CUST-01222,Female,1,No,No,21,Yes,No,Fiber optic,Yes,Yes,No,Yes,Yes,Yes,Month-to-month,No,Mailed check,112.59,2467.23,Yes
CUST-01223,Male,0,Yes,No,60,Yes,Yes,Fiber optic,Yes,No,No,No,Yes,No,Month-to-month,Yes,Credit card (automatic),106.89,6072.95,No
CUST-01224,Male,0,Yes,Yes,43,Yes,No,No,No internet service,No internet service,No internet service,No internet service,No internet service,No internet service,Two year,Yes,Bank transfer (automatic),36.46,1575.25,No
CUST-01225,Male,0,Yes,No,19,Yes,No,Fiber optic,No,No,Yes,No,No,No,Month-to-month,Yes,Credit card (automatic),115.72,2018.2,Yes
CUST-01226,Female,0,No,No,49,Yes,No,No,No internet service,No internet service,No internet service,No internet service,No internet service,No internet service,Month-to-month,No,Bank transfer (automatic),94.19,4678.23,No
CUST-01227,Male,0,No,Yes,46,No,No phone service,DSL,Yes,Yes,No,Yes,No,Yes,Month-to-month,No,Bank transfer (automatic),82.08,3414.33,No
CUST-01228,Female,0,Yes,Yes,46,Yes,No,DSL,Yes,No,No,No,Yes,No,Month-to-month,No,Bank transfer (automatic),112.27,5199.53,No
CUST-01229,Female,0,Yes,Yes,71,Yes,Yes,Fiber optic,Yes,No,No,No,No,No,Two year,Yes,Mailed check,56.11,4249.69,No
CUST-01230,Male,0,Yes,No,50,Yes,Yes,Fiber optic,Yes,Yes,Yes,No,Yes,No,Month-to-month,No,Bank transfer (automatic),111.14,5646.74,No
CUST-01231,Male,0,No,Yes,54,Yes,Yes,Fiber optic,No,Yes,No,No,No,Yes,Month-to-month,No,Electronic check,78.57,4569.18,No
CUST-01232,Female,0,Yes,Yes,38,Yes,No,Fiber optic,No,No,No,Yes,Yes,No,Month-to-month,Yes,Electronic check,75.93,2913.55,Yes
CUST-01233,Male,1,Yes,No,13,Yes,Yes,No,No internet service,No internet service,No internet service,No internet service,No internet service,No internet service,Two year,Yes,Credit card (automatic),82.6,1114.05,No
CUST-01234,Male,0,Yes,No,68,Yes,Yes,DSL,No,Yes,No,No,Yes,No,Month-to-month,Yes,Credit card (automatic),93.42,6182.65,No
CUST-01235,Female,0,No,No,46,Yes,No,DSL,No,Yes,Yes,Yes,Yes,No,Two year,No,Mailed check,62.49,2757.72,No
CUST-01236,Female,0,Yes,No,20,Yes,No,No,No internet service,No internet service,No internet service,No internet service,No internet service,No internet service,Two year,Yes,Bank transfer (automatic),116.06,2244.98,No
CUST-01237,Male,0,Yes,Yes,14,Yes,Yes,DSL,Yes,Yes,Yes,Yes,Yes,No,One year,Yes,Bank transfer (automatic),26.85,346.04,No
CUST-01238,Female,0,No,No,0,Yes,No,Fiber optic,No,Yes,No,No,No,Yes,Month-to-month,Yes,Bank transfer (automatic),109.38,0.0,Yes
CUST-01239,Male,0,No,Yes,9,Yes,No,Fiber optic,No,No,No,Yes,No,No,Month-to-month,No,Mailed check,83.74,736.63,Yes
CUST-01240,Male,0,No,No,22,Yes,Yes,DSL,Yes,No,No,Yes,No,Yes,Month-to-month,No,Electronic check,108.99,2321.79,No
CUST-01241,Male,0,No,No,17,Yes,Yes,DSL,No,Yes,Yes,Yes,No,Yes,One year,Yes,Bank transfer (automatic),54.88,932.14,No
CUST-01242,Female,0,No,Yes,57,Yes,No,DSL,Yes,Yes,Yes,No,Yes,Yes,One year,Yes,Credit card (automatic),100.9,5737.8,No
CUST-01243,Male,0,Yes,No,51,Yes,No,DSL,No,No,Yes,Yes,Yes,Yes,Two year,No,Electronic check,79.6,4250.73,No
CUST-01244,Male,1,Yes,No,45,Yes,Yes,Fiber optic,Yes,No,Yes,No,No,Yes,Month-to-month,No,Bank transfer (automatic),101.11,4455.08,No
CUST-01245,Male,0,No,Yes,12,Yes,Yes,DSL,No,No,No,Yes,Yes,No,Month-to-month,Yes,Bank transfer (automatic),50.5,627.48,No
CUST-01246,Female,1,No,No,16,Yes,Yes,DSL,No,No,No,Yes,Yes,No,Two year,Yes,Electronic check,109.73,1892.84,No
CUST-01247,Female,0,No,No,66,Yes,No,Fiber optic,Yes,No,Yes,Yes,Yes,No,One year,No,Mailed check,110.42,7223.26,No
CUST-01248,Female,0,No,No,60,Yes,Yes,No,No internet service,No internet service,No internet service,No internet service,No internet service,No internet service,One year,Yes,Bank transfer (automatic),65.48,3970.78,No
CUST-01249,Female,1,Yes,No,64,Yes,Yes,No,No internet service,No internet service,No internet service,No internet service,No internet service,No internet service,Month-to-month,No,Mailed check,58.03,3845.52,No
CUST-01250,Female,0,Yes,No,52,Yes,Yes,No,No internet service,No internet service,No internet service,No internet service,No internet service,No internet service,Month-to-month,Yes,Credit card (automatic),75.52,3922.41,No
CUST-01251,Male,1,No,Yes,4,Yes,No,Fiber optic,No,No,Yes,Yes,Yes,No,Month-to-month,Yes,Bank transfer (automatic),38.02,141.84,Yes
CUST-01252,Female,0,No,Yes,31,Yes,No,DSL,Yes,Yes,Yes,No,Yes,No,One year,Yes,Bank transfer (automatic),67.62,2009.68,No
CUST-01253,Female,0,No,No,44,Yes,Yes,Fiber optic,Yes,Yes,Yes,No,No,Yes,Month-to-month,Yes,Bank transfer (automatic),107.68,4290.84,No
CUST-01254,Female,1,No,Yes,55,Yes,No,Fiber optic,Yes,No,Yes,Yes,No,No,Month-to-month,No,Bank transfer (automatic),54.52,3108.7,No
CUST-01255,Male,0,Yes,No,4,Yes,Yes,Fiber optic,Yes,Yes,No,Yes,No,Yes,Two year,No,Mailed check,91.6,350.25,No
CUST-01256,Female,1,No,No,33,Yes,Yes,DSL,No,No,Yes,Yes,No,Yes,One year,No,Mailed check,80.31,2821.76,No
CUST-01257,Female,1,No,Yes,60,Yes,Yes,Fiber optic,Yes,No,No,Yes,Yes,No,Two year,Yes,Electronic check,44.14,2730.98,No
CUST-01258,Male,0,Yes,Yes,61,Yes,No,DSL,Yes,No,Yes,No,No,Yes,Month-to-month,Yes,Mailed check,71.18,4547.03,Yes
CUST-01259,Female,0,No,No,68,Yes,Yes,DSL,No,Yes,Yes,Yes,Yes,No,One year,Yes,Mailed check,103.26,7558.79,No
CUST-01260,Male,0,Yes,No,62,Yes,No,Fiber optic,No,Yes,Yes,Yes,No,No,One year,No,Credit card (automatic),73.49,4488.67,No
CUST-01261,Male,0,No,No,43,Yes,No,Fiber optic,No,Yes,Yes,No,No,No,Month-to-month,Yes,Electronic check,87.68,3535.44,Yes
CUST-01262,Male,0,No,No,27,No,No phone service,DSL,Yes,No,No,Yes,Yes,Yes,Two year,Yes,Credit card (automatic),95.54,2804.27,No
CUST-01263,Male,0,Yes,Yes,69,Yes,No,No,No internet service,No internet service,No internet service,No internet service,No internet service,No internet service,Month-to-month,Yes,Electronic check,22.94,1739.83,No
CUST-01264,Male,0,No,No,12,Yes,Yes,Fiber optic,Yes,No,No,No,No,No,One year,Yes,Bank transfer (automatic),23.13,261.9,No
CUST-01265,Female,0,Yes,Yes,42,Yes,Yes,No,No internet service,No internet service,No internet service,No internet service,No internet service,No internet service,Month-to-month,Yes,Credit card (automatic),29.5,1298.72,No
CUST-01266,Male,1,Yes,No,29,Yes,Yes,Fiber optic,Yes,No,Yes,Yes,Yes,No,One year,Yes,Electronic check,34.3,909.61,No
CUST-01267,Male,0,Yes,No,25,Yes,Yes,Fiber optic,No,No,No,No,No,No,Month-to-month,Yes,Mailed check,99.14,2244.27,Yes
CUST-01268,Female,0,No,No,62,Yes,No,No,No internet service,No internet service,No internet service,No internet service,No internet service,No internet service,Month-to-month,No,Credit card (automatic),61.56,3950.4,No
CUST-01269,Male,0,No,No,56,Yes,Yes,No,No internet service,No internet service,No internet service,No internet service,No internet service,No internet service,Month-to-month,No,Electronic check,36.53,1945.51,No
CUST-01270,Female,0,Yes,No,63,Yes,Yes,DSL,No,Yes,No,No,Yes,Yes,Month-to-month,Yes,Credit card (automatic),71.18,4814.25,No
CUST-01271,Female,0,No,No,48,Yes,Yes,DSL,Yes,No,Yes,Yes,No,Yes,Month-to-month,No,Bank transfer (automatic),94.33,4539.68,No
CUST-01272,Female,0,No,No,51,No,No phone service,DSL,Yes,No,No,Yes,Yes,No,Month-to-month,Yes,Mailed check,32.01,1724.6,No
CUST-01273,Male,1,No,No,62,Yes,No,Fiber optic,Yes,Yes,No,Yes,No,Yes,Two year,No,Bank transfer (automatic),52.44,2993.43,No
CUST-01274,Male,0,Yes,No,12,Yes,No,Fiber optic,No,No,No,Yes,No,No,Two year,Yes,Mailed check,37.44,482.93,No
CUST-01275,Male,0,Yes,No,44,Yes,Yes,Fiber optic,No,No,Yes,No,No,Yes,Month-to-month,Yes,Electronic check,82.64,3410.67,Yes
CUST-01276,Female,1,No,Yes,45,Yes,No,DSL,No,No,No,Yes,Yes,Yes,Two year,Yes,Electronic check,31.68,1445.05,No
CUST-01277,Male,1,Yes,Yes,40,Yes,Yes,Fiber optic,No,No,Yes,Yes,Yes,Yes,One year,Yes,Electronic check,96.11,3928.74,No
CUST-01278,Male,0,No,Yes,45,Yes,Yes,Fiber optic,Yes,Yes,No,Yes,Yes,No,Two year,Yes,Electronic check,38.78,1593.61,No
CUST-01279,Male,0,No,No,0,Yes,Yes,Fiber optic,No,Yes,Yes,No,Yes,Yes,Month-to-month,No,Credit card (automatic),23.86,0.0,Yes
CUST-01280,Female,0,No,Yes,67,No,No phone service,Fiber optic,Yes,Yes,No,Yes,No,Yes,Month-to-month,Yes,Electronic check,109.09,7019.94,No
CUST-01281,Female,0,Yes,No,11,Yes,Yes,Fiber optic,No,No,No,No,Yes,No,Month-to-month,Yes,Mailed check,51.32,588.69,Yes
CUST-01282,Male,0,Yes,No,34,Yes,No,Fiber optic,Yes,Yes,Yes,Yes,No,No,Month-to-month,No,Bank transfer (automatic),68.27,2382.3,Yes
CUST-01283,Male,0,No,Yes,32,Yes,No,No,No internet service,No internet service,No internet service,No internet service,No internet service,No internet service,One year,Yes,Credit card (automatic),28.1,815.23,No
CUST-01284,Male,1,Yes,No,57,Yes,Yes,Fiber optic,Yes,No,Yes,No,No,No,Two year,Yes,Bank transfer (automatic),65.95,4031.58,No
CUST-01285,Male,0,No,Yes,34,Yes,No,Fiber optic,No,No,Yes,No,No,Yes,Two year,Yes,Bank transfer (automatic),40.26,1315.3,No
CUST-01286,Female,0,Yes,No,45,Yes,Yes,DSL,No,Yes,No,No,No,Yes,Month-to-month,No,Credit card (automatic),102.04,4361.34,No
CUST-01287,Female,0,Yes,No,65,Yes,No,DSL,Yes,Yes,No,No,Yes,No,Month-to-month,Yes,Bank transfer (automatic),89.38,5296.76,No
CUST-01288,Female,0,Yes,No,43,Yes,No,No,No internet service,No internet service,No internet service,No internet service,No internet service,No internet service,Month-to-month,No,Electronic check,84.33,3445.12,No
CUST-01289,Female,0,No,Yes,25,Yes,No,Fiber optic,Yes,No,No,No,Yes,No,Month-to-month,No,Bank transfer (automatic),96.13,2460.96,Yes
CUST-01290,Male,0,No,No,41,Yes,No,No,No internet service,No internet service,No internet service,No internet service,No internet service,No internet service,One year,Yes,Bank transfer (automatic),47.37,1825.98,No
CUST-01291,Male,0,No,No,29,Yes,Yes,No,No internet service,No internet service,No internet service,No internet service,No internet service,No internet service,One year,Yes,Mailed check,63.36,1825.13,No
CUST-01292,Male,0,Yes,No,31,Yes,Yes,DSL,No,Yes,No,Yes,Yes,No,One year,No,Credit card (automatic),26.66,876.0,No
CUST-01293,Female,0,No,No,35,Yes,Yes,No,No internet service,No internet service,No internet service,No internet service,No internet service,No internet service,Month-to-month,Yes,Credit card (automatic),24.78,946.26,No
CUST-01294,Male,0,No,Yes,18,Yes,Yes,DSL,No,No,Yes,No,No,Yes,Two year,Yes,Mailed check,50.91,953.13,No
CUST-01295,Female,0,No,No,21,Yes,Yes,DSL,Yes,No,No,Yes,Yes,No,One year,Yes,Electronic check,100.27,1977.53,No
CUST-01296,Female,0,No,No,64,Yes,Yes,Fiber optic,No,Yes,No,Yes,Yes,No,One year,Yes,Mailed check,77.77,4860.95,No
CUST-01297,Male,0,Yes,Yes,56,Yes,Yes,Fiber optic,No,Yes,Yes,Yes,Yes,No,Two year,No,Electronic check,60.45,3421.79,No
CUST-01298,Male,1,Yes,No,10,Yes,No,No,No internet service,No internet service,No internet service,No internet service,No internet service,No internet service,Month-to-month,No,Bank transfer (automatic),114.7,1232.2,No
CUST-01299,Male,0,No,No,25,No,No phone service,Fiber optic,Yes,Yes,Yes,Yes,Yes,No,Month-to-month,No,Bank transfer (automatic),62.22,1570.35,No
CUST-01300,Female,0,Yes,No,47,Yes,Yes,Fiber optic,No,No,No,Yes,No,No,One year,Yes,Electronic check,64.89,3044.52,No
CUST-01301,Male,1,Yes,Yes,18,Yes,Yes,DSL,No,Yes,Yes,Yes,No,No,One year,No,Bank transfer (automatic),117.25,2009.07,No
CUST-01302,Female,1,Yes,Yes,11,Yes,No,Fiber optic,No,No,Yes,No,Yes,No,Month-to-month,No,Electronic check,31.14,342.51,Yes
CUST-01303,Male,0,Yes,No,66,Yes,No,DSL,No,No,Yes,Yes,No,No,Two year,Yes,Mailed check,43.56,2770.72,No
CUST-01304,Female,0,Yes,No,55,Yes,Yes,DSL,Yes,Yes,Yes,No,No,Yes,Month-to-month,Yes,Mailed check,63.33,3528.06,No
CUST-01305,Female,0,No,Yes,17,Yes,Yes,Fiber optic,Yes,No,Yes,No,Yes,Yes,Month-to-month,Yes,Bank transfer (automatic),75.13,1356.07,No
CUST-01306,Male,0,Yes,No,4,Yes,No,No,No internet service,No internet service,No internet service,No internet service,No internet service,No internet service,Month-to-month,No,Credit card (automatic),32.81,142.94,No
CUST-01307,Female,0,No,Yes,23,No,No phone service,Fiber optic,Yes,No,Yes,Yes,Yes,Yes,Two year,Yes,Mailed check,50.88,1242.7,No
CUST-01308,Female,0,No,No,37,Yes,No,DSL,No,No,Yes,Yes,No,Yes,Two year,Yes,Credit card (automatic),40.03,1578.36,No
CUST-01309,Male,0,No,No,66,Yes,No,DSL,No,Yes,No,Yes,Yes,Yes,Month-to-month,Yes,Credit card (automatic),102.99,6604.29,Yes
CUST-01310,Female,0,Yes,No,69,Yes,No,DSL,No,Yes,Yes,No,Yes,No,Month-to-month,Yes,Electronic check,101.46,7274.47,No
CUST-01311,Male,0,Yes,No,51,Yes,Yes,DSL,Yes,Yes,Yes,Yes,No,Yes,Two year,Yes,Mailed check,41.98,2093.06,No
CUST-01312,Female,0,Yes,No,38,Yes,No,Fiber optic,Yes,No,No,No,Yes,No,Month-to-month,Yes,Bank transfer (automatic),61.49,2114.28,No
CUST-01313,Male,0,Yes,No,58,Yes,Yes,Fiber optic,Yes,No,No,Yes,Yes,No,One year,Yes,Bank transfer (automatic),83.16,5194.23,No
CUST-01314,Male,0,No,No,25,No,No phone service,DSL,Yes,Yes,No,Yes,Yes,No,Month-to-month,No,Electronic check,22.82,519.42,No
CUST-01315,Female,0,No,No,64,Yes,Yes,DSL,No,No,No,No,No,No,Month-to-month,No,Credit card (automatic),106.36,6283.61,No
CUST-01316,Female,0,No,Yes,47,Yes,Yes,No,No internet service,No internet service,No internet service,No internet service,No internet service,No internet service,Month-to-month,No,Credit card (automatic),69.1,2934.88,No
CUST-01317,Female,0,Yes,No,52,Yes,Yes,No,No internet service,No internet service,No internet service,No internet service,No internet service,No internet service,One year,Yes,Mailed check,40.65,1930.85,No
CUST-01318,Female,1,No,Yes,8,No,No phone service,DSL,No,No,Yes,Yes,No,Yes,Month-to-month,No,Mailed check,57.68,420.74,Yes
CUST-01319,Female,0,No,No,4,No,No phone service,Fiber optic,Yes,Yes,No,No,Yes,Yes,Month-to-month,No,Electronic check,108.17,448.02,No
CUST-01320,Male,0,No,Yes,71,Yes,No,Fiber optic,Yes,No,No,No,Yes,No,Two year,Yes,Electronic check,20.48,1556.88,No
CUST-01321,Female,1,Yes,No,60,Yes,Yes,Fiber optic,Yes,Yes,No,No,Yes,Yes,Two year,Yes,Electronic check,32.28,2051.73,No
CUST-01322,Male,0,No,Yes,20,Yes,No,No,No internet service,No internet service,No internet service,No internet service,No internet service,No internet service,Month-to-month,Yes,Bank transfer (automatic),37.27,764.23,No
CUST-01323,Male,0,No,No,62,Yes,Yes,Fiber optic,No,No,No,No,No,Yes,Month-to-month,Yes,Credit card (automatic),24.01,1573.77,No
CUST-01324,Female,1,Yes,No,19,Yes,No,Fiber optic,No,Yes,Yes,No,Yes,No,Month-to-month,No,Bank transfer (automatic),40.53,763.38,No
CUST-01325,Male,0,No,No,57,Yes,Yes,No,No internet service,No internet service,No internet service,No internet service,No internet service,No internet service,Month-to-month,Yes,Electronic check,99.72,6146.05,No
CUST-01326,Male,0,Yes,No,44,Yes,Yes,Fiber optic,Yes,No,Yes,No,Yes,Yes,Month-to-month,No,Mailed check,70.71,3086.29,Yes
CUST-01327,Male,0,No,No,21,Yes,No,No,No internet service,No internet service,No internet service,No internet service,No internet service,No internet service,Month-to-month,Yes,Electronic check,78.54,1493.71,No
CUST-01328,Male,0,Yes,No,62,Yes,No,Fiber optic,No,No,Yes,No,No,Yes,Month-to-month,No,Credit card (automatic),33.59,2166.91,Yes
CUST-01329,Female,0,Yes,No,29,Yes,No,No,No internet service,No internet service,No internet service,No internet service,No internet service,No internet service,Month-to-month,No,Electronic check,45.83,1416.98,No
CUST-01330,Male,0,Yes,No,62,Yes,No,No,No internet service,No internet service,No internet service,No internet service,No internet service,No internet service,One year,No,Electronic check,109.75,6429.68,No
CUST-01331,Female,0,No,Yes,43,No,No phone service,Fiber optic,No,Yes,Yes,No,Yes,No,Two year,Yes,Electronic check,39.04,1617.56,No
CUST-01332,Female,0,No,No,66,Yes,Yes,DSL,Yes,No,No,Yes,Yes,Yes,Month-to-month,Yes,Bank transfer (automatic),108.67,7451.88,Yes
CUST-01333,Male,0,Yes,No,57,Yes,Yes,No,No internet service,No internet service,No internet service,No internet service,No internet service,No internet service,One year,No,Bank transfer (automatic),84.32,4877.2,No
CUST-01334,Female,0,Yes,No,64,Yes,Yes,No,No internet service,No internet service,No internet service,No internet service,No internet service,No internet service,Month-to-month,No,Mailed check,68.28,4710.75,No
CUST-01335,Female,0,Yes,No,35,Yes,No,Fiber optic,No,Yes,No,Yes,No,Yes,Two year,No,Bank transfer (automatic),35.39,1233.12,No
CUST-01336,Female,0,Yes,No,5,Yes,Yes,DSL,Yes,Yes,No,Yes,No,Yes,Month-to-month,Yes,Credit card (automatic),85.36,441.52,No
CUST-01337,Male,0,Yes,Yes,36,No,No phone service,No,No internet service,No internet service,No internet service,No internet service,No internet service,No internet service,One year,Yes,Electronic check,106.64,3663.7,No
CUST-01338,Female,0,Yes,No,54,Yes,Yes,Fiber optic,Yes,No,No,No,Yes,Yes,One year,Yes,Electronic check,33.98,1992.52,No
CUST-01339,Female,0,Yes,No,58,Yes,No,Fiber optic,No,No,Yes,Yes,No,No,Two year,No,Electronic check,18.62,1051.84,No
CUST-01340,Female,0,Yes,No,37,Yes,No,No,No internet service,No internet service,No internet service,No internet service,No internet service,No internet service,Month-to-month,No,Mailed check,92.01,3431.29,No
CUST-01341,Male,1,Yes,No,24,Yes,Yes,Fiber optic,Yes,Yes,No,No,No,No,Two year,No,Bank transfer (automatic),78.05,1916.84,No
CUST-01342,Female,0,Yes,Yes,32,Yes,No,No,No internet service,No internet service,No internet service,No internet service,No internet service,No internet service,One year,No,Electronic check,68.31,2078.49,No
CUST-01343,Male,0,Yes,No,12,Yes,Yes,Fiber optic,No,No,No,No,Yes,Yes,Month-to-month,Yes,Electronic check,63.6,735.23,No
CUST-01344,Male,0,Yes,Yes,37,Yes,Yes,No,No internet service,No internet service,No internet service,No internet service,No internet service,No internet service,Month-to-month,Yes,Electronic check,67.76,2508.34,No
CUST-01345,Male,1,No,No,57,Yes,No,Fiber optic,No,Yes,No,No,Yes,Yes,One year,Yes,Mailed check,55.46,3016.35,No
CUST-01346,Male,0,Yes,No,19,Yes,Yes,No,No internet service,No internet service,No internet service,No internet service,No internet service,No internet service,Month-to-month,No,Credit card (automatic),26.23,461.51,No
CUST-01347,Male,0,No,No,16,Yes,No,Fiber optic,No,No,No,Yes,Yes,No,Two year,Yes,Bank transfer (automatic),95.57,1632.06,Yes
CUST-01348,Male,0,No,No,23,Yes,No,Fiber optic,No,Yes,No,No,Yes,Yes,Month-to-month,No,Mailed check,64.78,1437.71,Yes
CUST-01349,Female,0,No,No,25,Yes,Yes,DSL,Yes,No,Yes,Yes,No,No,Two year,No,Bank transfer (automatic),100.5,2470.28,No
CUST-01350,Male,0,Yes,Yes,39,Yes,No,Fiber optic,Yes,Yes,Yes,Yes,No,Yes,Month-to-month,No,Credit card (automatic),116.22,4575.34,Yes
CUST-01351,Female,0,No,No,31,Yes,No,Fiber optic,No,No,Yes,Yes,No,Yes,Month-to-month,No,Electronic check,35.18,1165.27,Yes
CUST-01352,Female,1,Yes,Yes,36,Yes,Yes,No,No internet service,No internet service,No internet service,No internet service,No internet service,No internet service,Two year,No,Credit card (automatic),97.35,3252.49,No
CUST-01353,Male,0,No,No,59,Yes,No,Fiber optic,Yes,Yes,No,No,No,Yes,Two year,Yes,Mailed check,115.75,7001.28,No
CUST-01354,Female,0,Yes,Yes,56,Yes,No,No,No internet service,No internet service,No internet service,No internet service,No internet service,No internet service,Month-to-month,Yes,Credit card (automatic),90.44,4913.79,No
CUST-01355,Female,1,Yes,No,57,Yes,No,Fiber optic,No,No,Yes,No,Yes,No,Two year,Yes,Mailed check,42.6,2607.67,No
CUST-01356,Female,0,No,Yes,66,No,No phone service,DSL,No,No,Yes,No,Yes,No,Month-to-month,No,Mailed check,107.65,7333.95,No
CUST-01357,Female,0,No,No,21,Yes,Yes,DSL,Yes,Yes,Yes,Yes,Yes,No,Month-to-month,Yes,Bank transfer (automatic),97.32,1898.69,Yes
CUST-01358,Male,0,Yes,No,57,Yes,Yes,DSL,No,No,No,No,Yes,No,Month-to-month,Yes,Credit card (automatic),62.93,3441.33,Yes
CUST-01359,Female,0,No,No,48,Yes,Yes,DSL,Yes,Yes,Yes,No,No,No,Month-to-month,Yes,Mailed check,75.26,3277.36,No
CUST-01360,Male,0,Yes,No,48,Yes,Yes,Fiber optic,No,Yes,Yes,Yes,No,No,Month-to-month,Yes,Credit card (automatic),90.19,4563.38,Yes
CUST-01361,Female,0,Yes,No,41,Yes,Yes,Fiber optic,Yes,Yes,No,Yes,Yes,No,One year,Yes,Mailed check,30.45,1226.67,No
CUST-01362,Female,0,Yes,No,39,Yes,Yes,Fiber optic,No,No,Yes,No,No,No,Month-to-month,No,Electronic check,110.7,3927.6,No
CUST-01363,Male,0,No,No,70,Yes,No,Fiber optic,No,Yes,No,No,No,No,Month-to-month,Yes,Credit card (automatic),116.74,7376.61,No
CUST-01364,Female,0,Yes,No,45,Yes,No,Fiber optic,Yes,No,Yes,No,No,No,Month-to-month,Yes,Mailed check,51.05,2506.55,Yes
CUST-01365,Female,0,Yes,No,21,Yes,No,DSL,Yes,No,No,Yes,Yes,No,One year,No,Electronic check,89.51,2012.17,No
CUST-01366,Female,0,Yes,Yes,20,Yes,No,DSL,Yes,Yes,No,No,Yes,Yes,Two year,Yes,Credit card (automatic),60.13,1162.78,No
CUST-01367,Male,0,Yes,No,50,Yes,No,Fiber optic,No,No,Yes,No,No,Yes,Month-to-month,Yes,Electronic check,20.77,1041.94,No
CUST-01368,Female,0,No,No,13,Yes,Yes,DSL,No,No,No,No,No,No,Month-to-month,No,Mailed check,113.87,1502.78,No
CUST-01369,Male,0,No,Yes,8,Yes,Yes,Fiber optic,Yes,No,No,Yes,No,Yes,One year,Yes,Electronic check,32.23,258.63,No
CUST-01370,Female,1,No,No,17,Yes,No,DSL,Yes,Yes,No,No,Yes,No,Two year,Yes,Bank transfer (automatic),25.49,416.69,No
CUST-01371,Male,0,No,No,12,Yes,Yes,Fiber optic,No,No,No,No,No,No,One year,Yes,Bank transfer (automatic),101.72,1193.93,No
CUST-01372,Male,0,Yes,Yes,16,Yes,Yes,Fiber optic,Yes,Yes,No,Yes,No,No,Month-to-month,Yes,Bank transfer (automatic),21.39,320.42,Yes
CUST-01373,Female,0,Yes,No,24,Yes,Yes,Fiber optic,Yes,Yes,Yes,No,Yes,Yes,Month-to-month,No,Credit card (automatic),86.79,1888.5,No
CUST-01374,Female,0,Yes,No,53,Yes,Yes,DSL,No,No,Yes,No,No,No,Month-to-month,Yes,Credit card (automatic),111.01,5477.24,No
CUST-01375,Male,0,Yes,Yes,15,Yes,Yes,DSL,Yes,Yes,Yes,Yes,Yes,Yes,Month-to-month,No,Electronic check,58.62,793.67,No
CUST-01376,Male,0,Yes,No,23,Yes,No,Fiber optic,No,No,Yes,No,Yes,No,Month-to-month,Yes,Credit card (automatic),24.84,563.67,No
CUST-01377,Female,0,Yes,No,22,No,No phone service,No,No internet service,No internet service,No internet service,No internet service,No internet service,No internet service,Month-to-month,Yes,Credit card (automatic),39.83,904.46,Yes
CUST-01378,Male,0,No,Yes,40,Yes,Yes,DSL,Yes,No,Yes,Yes,No,Yes,Month-to-month,Yes,Bank transfer (automatic),112.83,4225.2,Yes
CUST-01379,Female,1,Yes,No,32,No,No phone service,DSL,Yes,No,Yes,No,No,No,Month-to-month,Yes,Credit card (automatic),64.54,2079.29,Yes
CUST-01380,Female,0,Yes,No,41,Yes,Yes,DSL,Yes,Yes,Yes,No,No,Yes,Month-to-month,Yes,Bank transfer (automatic),72.14,2854.2,No
CUST-01381,Female,0,Yes,No,47,Yes,No,Fiber optic,No,Yes,Yes,No,Yes,Yes,Two year,No,Electronic check,33.61,1459.61,No
CUST-01382,Female,0,No,No,17,Yes,Yes,No,No internet service,No internet service,No internet service,No internet service,No internet service,No internet service,Two year,Yes,Mailed check,109.8,1727.57,No
CUST-01383,Male,0,Yes,No,62,Yes,Yes,DSL,Yes,Yes,No,No,No,Yes,Month-to-month,Yes,Electronic check,69.71,4424.12,No
CUST-01384,Female,0,Yes,No,10,Yes,Yes,Fiber optic,Yes,Yes,Yes,No,Yes,Yes,Month-to-month,No,Electronic check,70.89,654.7,No
CUST-01385,Male,0,Yes,Yes,23,Yes,Yes,Fiber optic,Yes,No,Yes,Yes,Yes,Yes,One year,No,Mailed check,75.6,1757.32,No
CUST-01386,Female,0,No,No,60,Yes,No,No,No internet service,No internet service,No internet service,No internet service,No internet service,No internet service,Month-to-month,No,Bank transfer (automatic),94.74,5332.67,Yes
CUST-01387,Male,0,Yes,No,63,Yes,No,Fiber optic,No,Yes,Yes,Yes,Yes,No,Two year,Yes,Credit card (automatic),38.3,2589.59,No
CUST-01388,Female,0,Yes,Yes,35,Yes,Yes,DSL,No,Yes,Yes,Yes,No,Yes,Two year,No,Bank transfer (automatic),112.23,3574.51,No
CUST-01389,Male,0,No,No,52,Yes,No,Fiber optic,No,No,Yes,No,No,Yes,Month-to-month,Yes,Credit card (automatic),35.54,1806.35,No
CUST-01390,Male,0,Yes,Yes,46,Yes,Yes,No,No internet service,No internet service,No internet service,No internet service,No internet service,No internet service,Two year,No,Electronic check,37.74,1826.84,No
CUST-01391,Female,0,No,No,51,Yes,No,No,No internet service,No internet service,No internet service,No internet service,No internet service,No internet service,One year,Yes,Bank transfer (automatic),19.24,1030.14,No
CUST-01392,Female,1,Yes,No,56,Yes,Yes,Fiber optic,Yes,Yes,Yes,Yes,No,Yes,Month-to-month,No,Electronic check,19.97,1038.87,Yes
CUST-01393,Female,0,No,No,22,Yes,No,DSL,No,No,No,Yes,Yes,Yes,Month-to-month,Yes,Electronic check,60.88,1258.12,Yes
CUST-01394,Female,0,Yes,Yes,58,Yes,Yes,Fiber optic,No,Yes,No,No,No,No,Month-to-month,Yes,Credit card (automatic),36.3,2124.91,No
CUST-01395,Male,0,Yes,No,68,Yes,Yes,No,No internet service,No internet service,No internet service,No internet service,No internet service,No internet service,Two year,No,Bank transfer (automatic),39.19,2763.12,No
CUST-01396,Female,0,No,Yes,55,No,No phone service,Fiber optic,No,Yes,Yes,No,Yes,Yes,Two year,Yes,Electronic check,116.79,6747.56,No
CUST-01397,Male,1,Yes,No,41,Yes,Yes,Fiber optic,Yes,No,No,Yes,No,No,Month-to-month,Yes,Credit card (automatic),110.93,4657.78,No
CUST-01398,Male,0,Yes,No,17,Yes,No,DSL,No,Yes,Yes,Yes,No,No,One year,No,Bank transfer (automatic),50.25,902.62,No
CUST-01399,Female,0,No,No,70,Yes,No,DSL,Yes,No,No,Yes,Yes,Yes,Month-to-month,Yes,Mailed check,52.32,3618.36,No
CUST-01400,Male,0,Yes,No,32,Yes,No,Fiber optic,Yes,Yes,No,Yes,Yes,Yes,Two year,No,Electronic check,47.21,1529.03,No
CUST-01401,Male,0,No,No,2,Yes,No,DSL,Yes,No,No,No,No,No,Two year,No,Bank transfer (automatic),106.22,209.6,No
CUST-01402,Male,0,Yes,Yes,27,Yes,Yes,Fiber optic,Yes,No,No,No,Yes,Yes,Month-to-month,No,Mailed check,27.83,790.63,No
CUST-01403,Male,0,No,No,0,Yes,No,Fiber optic,Yes,Yes,No,Yes,No,No,Month-to-month,Yes,Electronic check,76.41,0.0,No
CUST-01404,Female,0,Yes,No,62,Yes,No,DSL,Yes,Yes,Yes,No,No,No,Month-to-month,No,Mailed check,36.63,2158.6,Yes
CUST-01405,Female,0,Yes,No,46,Yes,No,No,No internet service,No internet service,No internet service,No internet service,No internet service,No internet service,Two year,No,Electronic check,93.82,4606.46,No
CUST-01406,Female,0,No,Yes,36,Yes,No,DSL,Yes,No,Yes,Yes,No,Yes,Month-to-month,Yes,Bank transfer (automatic),81.14,3046.29,No
CUST-01407,Female,1,Yes,No,47,Yes,Yes,Fiber optic,No,No,Yes,No,No,No,Month-to-month,No,Mailed check,56.78,2794.18,Yes
CUST-01408,Male,0,No,No,18,Yes,Yes,DSL,No,No,No,No,Yes,Yes,One year,No,Mailed check,27.81,460.45,No
CUST-01409,Male,0,No,No,13,Yes,No,DSL,Yes,No,Yes,Yes,Yes,Yes,Month-to-month,Yes,Mailed check,94.74,1227.78,No
CUST-01410,Female,0,No,No,66,Yes,No,No,No internet service,No internet service,No internet service,No internet service,No internet service,No internet service,One year,Yes,Bank transfer (automatic),25.7,1718.03,Yes
CUST-01411,Female,0,Yes,No,64,Yes,Yes,Fiber optic,No,No,No,No,No,Yes,Month-to-month,Yes,Electronic check,45.37,3066.24,No
CUST-01412,Female,0,Yes,Yes,25,Yes,Yes,DSL,No,Yes,Yes,No,No,Yes,One year,No,Bank transfer (automatic),43.36,1067.14,No
CUST-01413,Male,0,Yes,Yes,9,Yes,No,DSL,Yes,No,No,Yes,Yes,No,One year,Yes,Mailed check,75.85,688.21,No
CUST-01414,Female,0,No,No,69,Yes,No,No,No internet service,No internet service,No internet service,No internet service,No internet service,No internet service,Month-to-month,Yes,Mailed check,69.37,4536.04,No
CUST-01415,Female,1,No,No,42,Yes,No,Fiber optic,No,Yes,No,No,No,Yes,Two year,Yes,Mailed check,45.97,2058.99,No
CUST-01416,Female,0,No,No,69,No,No phone service,Fiber optic,No,Yes,No,No,Yes,Yes,Month-to-month,Yes,Credit card (automatic),61.04,4560.4,Yes
CUST-01417,Male,0,Yes,No,71,Yes,Yes,DSL,No,No,No,Yes,Yes,No,One year,No,Bank transfer (automatic),61.64,4345.07,No
CUST-01418,Male,0,No,No,58,Yes,Yes,No,No internet service,No internet service,No internet service,No internet service,No internet service,No internet service,Month-to-month,Yes,Mailed check,75.36,4316.03,No
CUST-01419,Male,0,Yes,No,2,Yes,Yes,DSL,Yes,Yes,No,Yes,No,Yes,Two year,Yes,Electronic check,107.82,208.23,No
CUST-01420,Male,0,Yes,No,4,Yes,Yes,DSL,No,No,No,No,Yes,Yes,Month-to-month,Yes,Electronic check,32.19,122.76,Yes
CUST-01421,Male,0,Yes,No,36,Yes,Yes,Fiber optic,No,No,Yes,Yes,No,No,One year,No,Bank transfer (automatic),73.77,2684.07,No
CUST-01422,Male,0,Yes,No,51,Yes,Yes,No,No internet service,No internet service,No internet service,No internet service,No internet service,No internet service,Month-to-month,Yes,Electronic check,19.84,944.81,No
CUST-01423,Male,1,Yes,No,65,Yes,No,Fiber optic,No,Yes,Yes,Yes,Yes,No,Month-to-month,Yes,Bank transfer (automatic),87.82,5810.27,No
CUST-01424,Male,0,Yes,Yes,62,Yes,Yes,Fiber optic,Yes,Yes,No,No,Yes,Yes,Two year,No,Bank transfer (automatic),82.04,5148.86,No
CUST-01425,Female,0,Yes,Yes,6,Yes,No,Fiber optic,Yes,No,No,Yes,Yes,Yes,Two year,No,Mailed check,87.4,544.75,No
CUST-01426,Female,0,Yes,No,52,Yes,Yes,DSL,Yes,Yes,No,No,Yes,Yes,Month-to-month,No,Bank transfer (automatic),65.49,3218.69,Yes
CUST-01427,Male,0,No,No,5,Yes,No,No,No internet service,No internet service,No internet service,No internet service,No internet service,No internet service,One year,Yes,Mailed check,36.69,190.86,No
CUST-01428,Male,0,Yes,No,6,Yes,Yes,No,No internet service,No internet service,No internet service,No internet service,No internet service,No internet service,Two year,No,Electronic check,62.81,340.45,No
CUST-01429,Female,0,Yes,No,43,Yes,Yes,DSL,Yes,No,Yes,No,No,Yes,Month-to-month,No,Electronic check,20.36,881.51,No
CUST-01430,Male,0,No,Yes,17,Yes,No,Fiber optic,Yes,Yes,Yes,No,No,No,Two year,No,Mailed check,56.14,1020.06,No
CUST-01431,Male,0,No,Yes,53,Yes,No,No,No internet service,No internet service,No internet service,No internet service,No internet service,No internet service,Two year,No,Mailed check,101.86,5644.54,No
CUST-01432,Male,0,No,No,28,Yes,No,Fiber optic,No,No,No,Yes,Yes,Yes,One year,Yes,Electronic check,51.86,1553.97,No
CUST-01433,Female,0,No,No,24,Yes,No,Fiber optic,Yes,Yes,Yes,Yes,No,Yes,Month-to-month,No,Bank transfer (automatic),77.18,1722.04,No
CUST-01434,Female,0,Yes,No,62,Yes,Yes,DSL,Yes,No,No,Yes,Yes,No,Two year,No,Credit card (automatic),44.11,2854.55,No
CUST-01435,Female,0,No,Yes,67,Yes,Yes,DSL,No,Yes,No,No,Yes,No,One year,Yes,Mailed check,31.42,2092.12,No
CUST-01436,Female,0,No,No,12,Yes,Yes,DSL,Yes,No,Yes,Yes,Yes,No,One year,No,Mailed check,70.09,811.33,No
CUST-01437,Female,0,No,No,31,Yes,Yes,Fiber optic,No,Yes,Yes,No,No,Yes,Two year,No,Credit card (automatic),21.58,649.68,No
CUST-01438,Male,0,No,No,26,No,No phone service,No,No internet service,No internet service,No internet service,No internet service,No internet service,No internet service,Month-to-month,No,Mailed check,108.45,2595.22,No
CUST-01439,Female,0,Yes,No,50,Yes,No,No,No internet service,No internet service,No internet service,No internet service,No internet service,No internet service,Month-to-month,No,Bank transfer (automatic),95.72,4974.52,No
CUST-01440,Male,0,No,Yes,33,Yes,Yes,DSL,No,No,Yes,No,No,No,Two year,No,Bank transfer (automatic),117.79,3989.61,No
CUST-01441,Male,0,No,No,27,Yes,Yes,Fiber optic,Yes,Yes,No,No,No,No,Month-to-month,Yes,Credit card (automatic),117.32,2947.57,Yes
CUST-01442,Female,0,No,No,71,Yes,No,No,No internet service,No internet service,No internet service,No internet service,No internet service,No internet service,Month-to-month,Yes,Credit card (automatic),90.9,6510.98,Yes
CUST-01443,Female,0,No,No,29,Yes,Yes,Fiber optic,Yes,No,Yes,No,Yes,Yes,Two year,Yes,Credit card (automatic),95.67,2568.94,No
CUST-01444,Male,0,Yes,No,8,Yes,No,DSL,Yes,Yes,No,No,Yes,No,Month-to-month,Yes,Mailed check,70.81,545.33,Yes
CUST-01445,Male,0,No,Yes,12,Yes,Yes,Fiber optic,No,No,No,No,Yes,Yes,Two year,No,Credit card (automatic),39.85,434.6,Yes
CUST-01446,Male,0,No,No,63,Yes,Yes,Fiber optic,No,Yes,Yes,Yes,No,Yes,Month-to-month,Yes,Electronic check,98.84,6377.7,Yes
CUST-01447,Female,0,No,No,37,Yes,Yes,DSL,No,Yes,No,No,Yes,Yes,Month-to-month,Yes,Bank transfer (automatic),44.97,1501.64,No
CUST-01448,Female,0,Yes,Yes,21,Yes,No,Fiber optic,No,No,Yes,No,Yes,No,Two year,Yes,Mailed check,83.0,1659.59,No
CUST-01449,Female,0,No,Yes,30,Yes,No,Fiber optic,No,Yes,Yes,Yes,Yes,Yes,One year,Yes,Bank transfer (automatic),91.09,2605.19,Yes
CUST-01450,Female,0,No,No,41,Yes,No,Fiber optic,Yes,Yes,Yes,Yes,Yes,Yes,One year,No,Electronic check,74.43,3203.21,No
CUST-01451,Female,1,Yes,Yes,61,Yes,Yes,Fiber optic,No,No,No,Yes,No,Yes,Two year,Yes,Credit card (automatic),84.27,5089.71,No
CUST-01452,Male,0,No,No,63,Yes,No,No,No internet service,No internet service,No internet service,No internet service,No internet service,No internet service,Month-to-month,No,Bank transfer (automatic),47.29,3022.89,No
CUST-01453,Female,0,Yes,No,8,Yes,Yes,DSL,Yes,Yes,No,Yes,No,No,Month-to-month,No,Electronic check,94.05,714.64,No
CUST-01454,Male,0,Yes,No,43,Yes,Yes,DSL,No,No,Yes,Yes,No,Yes,One year,Yes,Credit card (automatic),112.35,4877.07,No
CUST-01455,Male,0,No,No,62,Yes,No,Fiber optic,Yes,Yes,Yes,Yes,No,Yes,Month-to-month,Yes,Credit card (automatic),66.4,3827.97,No
CUST-01456,Male,0,No,Yes,39,Yes,No,Fiber optic,No,Yes,Yes,Yes,No,Yes,Month-to-month,No,Credit card (automatic),30.1,1289.5,No
CUST-01457,Female,0,Yes,Yes,40,Yes,No,No,No internet service,No internet service,No internet service,No internet service,No internet service,No internet service,Month-to-month,No,Bank transfer (automatic),79.97,3209.66,No
CUST-01458,Female,0,Yes,No,71,Yes,Yes,Fiber optic,Yes,Yes,No,No,Yes,No,One year,No,Mailed check,52.14,3982.83,No
CUST-01459,Female,0,No,No,49,Yes,No,Fiber optic,No,Yes,No,No,No,Yes,Month-to-month,Yes,Mailed check,59.91,2704.08,Yes
CUST-01460,Male,0,Yes,No,19,Yes,Yes,Fiber optic,No,No,No,No,No,No,Month-to-month,No,Mailed check,33.16,641.43,Yes
CUST-01461,Male,0,Yes,No,69,Yes,Yes,DSL,Yes,No,No,No,No,Yes,Month-to-month,No,Electronic check,80.58,5750.23,No
CUST-01462,Male,0,No,Yes,41,Yes,No,Fiber optic,No,Yes,No,Yes,Yes,No,Month-to-month,No,Credit card (automatic),96.72,4194.69,No
CUST-01463,Male,0,Yes,Yes,32,Yes,Yes,DSL,Yes,Yes,No,Yes,No,No,Two year,Yes,Electronic check,94.64,3019.95,No
CUST-01464,Male,0,Yes,No,62,Yes,No,Fiber optic,Yes,No,No,Yes,No,No,One year,Yes,Bank transfer (automatic),117.39,6602.88,No
CUST-01465,Male,1,Yes,No,56,Yes,Yes,DSL,Yes,No,No,Yes,Yes,Yes,Two year,No,Mailed check,39.22,2091.42,No
CUST-01466,Female,1,Yes,No,64,Yes,Yes,No,No internet service,No internet service,No internet service,No internet service,No internet service,No internet service,Month-to-month,No,Bank transfer (automatic),109.41,6695.0,Yes
CUST-01467,Female,0,Yes,Yes,51,Yes,Yes,No,No internet service,No internet service,No internet service,No internet service,No internet service,No internet service,One year,Yes,Electronic check,91.26,4485.25,No
CUST-01468,Female,0,Yes,Yes,5,Yes,No,DSL,No,No,Yes,No,No,Yes,Month-to-month,No,Mailed check,88.75,407.56,Yes
CUST-01469,Female,1,No,No,6,Yes,Yes,Fiber optic,Yes,No,Yes,No,Yes,Yes,Month-to-month,Yes,Bank transfer (automatic),86.38,466.52,No
CUST-01470,Male,0,Yes,No,8,Yes,Yes,No,No internet service,No internet service,No internet service,No internet service,No internet service,No internet service,Month-to-month,No,Bank transfer (automatic),71.84,576.98,Yes
CUST-01471,Male,0,No,No,60,Yes,Yes,Fiber optic,No,No,Yes,No,Yes,No,Month-to-month,No,Bank transfer (automatic),55.86,3510.32,No
CUST-01472,Female,1,No,No,33,Yes,No,No,No internet service,No internet service,No internet service,No internet service,No internet service,No internet service,Month-to-month,Yes,Bank transfer (automatic),112.33,3506.8,No
CUST-01473,Male,0,No,No,34,No,No phone service,DSL,No,No,Yes,No,No,No,One year,Yes,Electronic check,33.11,1169.37,No
CUST-01474,Female,0,No,No,19,Yes,Yes,DSL,Yes,Yes,Yes,No,No,No,Month-to-month,Yes,Electronic check,35.6,707.67,No
CUST-01475,Female,0,No,No,57,Yes,No,Fiber optic,No,Yes,No,Yes,Yes,Yes,Two year,Yes,Credit card (automatic),19.67,1101.29,No
CUST-01476,Female,0,No,Yes,59,Yes,Yes,No,No internet service,No internet service,No internet service,No internet service,No internet service,No internet service,Month-to-month,Yes,Bank transfer (automatic),91.94,5451.63,Yes
CUST-01477,Male,1,No,No,53,No,No phone service,No,No internet service,No internet service,No internet service,No internet service,No internet service,No internet service,Two year,No,Electronic check,107.4,5480.45,No
CUST-01478,Female,0,No,Yes,34,Yes,No,No,No internet service,No internet service,No internet service,No internet service,No internet service,No internet service,One year,No,Mailed check,36.6,1213.35,No
CUST-01479,Female,0,Yes,Yes,46,No,No phone service,Fiber optic,No,No,Yes,Yes,No,No,Month-to-month,Yes,Mailed check,21.44,1003.82,Yes
CUST-01480,Female,0,No,Yes,45,Yes,Yes,Fiber optic,No,Yes,No,No,Yes,No,One year,Yes,Credit card (automatic),42.41,1855.75,Yes
CUST-01481,Male,0,No,No,3,Yes,Yes,Fiber optic,No,Yes,No,No,No,Yes,Month-to-month,Yes,Bank transfer (automatic),106.37,319.18,No
CUST-01482,Male,0,No,No,9,Yes,Yes,Fiber optic,Yes,No,Yes,No,No,Yes,Month-to-month,No,Credit card (automatic),19.62,185.19,No
CUST-01483,Female,0,Yes,Yes,39,Yes,Yes,No,No internet service,No internet service,No internet service,No internet service,No internet service,No internet service,Month-to-month,Yes,Mailed check,28.12,1198.58,No
CUST-01484,Male,1,No,No,54,Yes,Yes,DSL,No,No,No,No,No,No,Month-to-month,Yes,Mailed check,20.5,1193.58,Yes
CUST-01485,Male,0,Yes,No,39,Yes,Yes,DSL,Yes,Yes,No,Yes,Yes,Yes,Month-to-month,Yes,Credit card (automatic),112.32,4743.62,No
CUST-01486,Male,0,No,No,22,Yes,No,DSL,Yes,No,Yes,No,Yes,Yes,Month-to-month,No,Bank transfer (automatic),31.55,751.19,No
CUST-01487,Male,0,No,No,14,Yes,No,DSL,No,No,Yes,Yes,No,Yes,Two year,No,Electronic check,108.04,1434.37,No
CUST-01488,Male,0,Yes,Yes,4,Yes,No,DSL,Yes,No,Yes,Yes,No,No,One year,No,Credit card (automatic),65.34,284.69,No
CUST-01489,Male,0,No,Yes,39,No,No phone service,Fiber optic,No,Yes,Yes,No,Yes,Yes,Two year,Yes,Credit card (automatic),57.49,2117.61,No
CUST-01490,Male,0,Yes,No,17,Yes,No,DSL,No,No,Yes,No,Yes,No,One year,Yes,Credit card (automatic),60.65,1106.15,No
CUST-01491,Male,0,Yes,No,20,Yes,No,No,No internet service,No internet service,No internet service,No internet service,No internet service,No internet service,Two year,Yes,Bank transfer (automatic),59.87,1216.82,No
CUST-01492,Male,0,No,No,2,Yes,Yes,Fiber optic,Yes,Yes,No,Yes,Yes,Yes,Month-to-month,No,Credit card (automatic),52.17,111.41,Yes
CUST-01493,Male,0,No,No,45,Yes,Yes,Fiber optic,No,No,Yes,Yes,Yes,Yes,One year,Yes,Bank transfer (automatic),99.08,4888.61,No
CUST-01494,Female,0,Yes,No,52,Yes,No,DSL,No,Yes,Yes,No,No,No,Month-to-month,Yes,Electronic check,68.8,3846.42,No
CUST-01495,Female,0,Yes,No,19,Yes,No,Fiber optic,Yes,Yes,No,No,Yes,Yes,Month-to-month,Yes,Electronic check,117.1,2365.74,Yes
CUST-01496,Male,0,No,No,58,No,No phone service,Fiber optic,No,No,Yes,Yes,Yes,No,Two year,Yes,Credit card (automatic),69.78,3809.67,No
CUST-01497,Female,0,No,Yes,20,Yes,No,DSL,No,Yes,No,No,No,No,Month-to-month,Yes,Electronic check,99.85,2140.75,No
CUST-01498,Female,0,No,No,50,Yes,No,Fiber optic,Yes,No,Yes,No,Yes,No,Month-to-month,No,Credit card (automatic),92.51,4316.29,Yes
CUST-01499,Male,1,Yes,Yes,24,Yes,Yes,Fiber optic,Yes,No,Yes,Yes,No,No,Month-to-month,No,Mailed check,58.11,1398.19,Yes
CUST-01500,Male,0,No,Yes,67,Yes,No,DSL,No,No,No,Yes,Yes,Yes,Month-to-month,No,Electronic check,96.86,6492.66,No
CUST-01501,Male,0,Yes,Yes,9,No,No phone service,DSL,No,No,Yes,No,Yes,Yes,Month-to-month,Yes,Mailed check,33.5,302.63,Yes
CUST-01502,Female,0,No,No,66,Yes,Yes,Fiber optic,No,Yes,No,No,No,Yes,Month-to-month,Yes,Electronic check,38.33,2642.68,No
CUST-01503,Female,0,Yes,Yes,8,Yes,No,No,No internet service,No internet service,No internet service,No internet service,No internet service,No internet service,One year,No,Credit card (automatic),79.89,625.83,No
CUST-01504,Male,0,Yes,Yes,28,Yes,No,Fiber optic,No,Yes,No,No,No,No,One year,Yes,Bank transfer (automatic),89.16,2474.83,No
CUST-01505,Male,0,No,No,36,Yes,Yes,No,No internet service,No internet service,No internet service,No internet service,No internet service,No internet service,Month-to-month,Yes,Electronic check,82.38,3060.0,No
CUST-01506,Male,0,Yes,No,70,Yes,Yes,Fiber optic,No,No,No,Yes,Yes,No,One year,Yes,Bank transfer (automatic),68.94,5001.82,No
CUST-01507,Female,0,Yes,No,37,Yes,No,No,No internet service,No internet service,No internet service,No internet service,No internet service,No internet service,Month-to-month,Yes,Credit card (automatic),31.76,1160.44,No
CUST-01508,Female,0,Yes,No,71,Yes,Yes,No,No internet service,No internet service,No internet service,No internet service,No internet service,No internet service,Two year,Yes,Credit card (automatic),55.28,3573.32,No
CUST-01509,Female,0,Yes,Yes,58,No,No phone service,DSL,No,No,No,No,No,No,Month-to-month,No,Bank transfer (automatic),78.49,4333.07,No
CUST-01510,Female,0,Yes,Yes,56,Yes,No,DSL,Yes,Yes,No,Yes,No,No,Two year,Yes,Electronic check,40.61,2476.11,No
CUST-01511,Male,0,No,Yes,59,Yes,Yes,DSL,No,Yes,Yes,No,No,Yes,Month-to-month,Yes,Mailed check,81.78,5237.47,No
CUST-01512,Male,0,No,No,27,Yes,No,DSL,No,No,No,Yes,No,No,Month-to-month,Yes,Mailed check,41.43,1152.09,No
CUST-01513,Male,0,Yes,No,27,Yes,No,Fiber optic,No,No,Yes,Yes,No,Yes,One year,Yes,Credit card (automatic),27.79,703.09,No
CUST-01514,Male,0,No,Yes,45,Yes,Yes,Fiber optic,No,No,No,Yes,Yes,No,Two year,Yes,Credit card (automatic),50.43,2085.85,No
CUST-01515,Female,0,Yes,No,70,Yes,No,No,No internet service,No internet service,No internet service,No internet service,No internet service,No internet service,Month-to-month,Yes,Credit card (automatic),45.28,3454.56,No
CUST-01516,Female,1,Yes,No,66,Yes,Yes,Fiber optic,Yes,No,No,Yes,No,No,Month-to-month,Yes,Mailed check,99.04,7024.49,No
CUST-01517,Male,0,No,No,54,Yes,Yes,Fiber optic,No,Yes,No,Yes,Yes,No,Month-to-month,Yes,Credit card (automatic),66.36,3510.29,Yes
CUST-01518,Male,0,Yes,No,37,Yes,No,Fiber optic,Yes,Yes,Yes,No,No,Yes,Month-to-month,No,Credit card (automatic),24.4,926.2,No
CUST-01519,Female,0,Yes,Yes,17,Yes,Yes,Fiber optic,No,Yes,Yes,No,No,Yes,Month-to-month,No,Credit card (automatic),99.56,1832.71,Yes
CUST-01520,Male,0,Yes,Yes,62,No,No phone service,Fiber optic,Yes,No,Yes,Yes,Yes,Yes,Month-to-month,Yes,Bank transfer (automatic),44.87,2580.61,No
CUST-01521,Female,0,No,No,4,Yes,No,Fiber optic,Yes,Yes,Yes,Yes,Yes,No,Month-to-month,No,Credit card (automatic),74.79,307.31,Yes
CUST-01522,Male,0,No,No,43,Yes,No,Fiber optic,Yes,Yes,Yes,No,Yes,Yes,Month-to-month,Yes,Mailed check,72.15,3362.74,Yes
CUST-01523,Male,0,Yes,No,28,Yes,No,DSL,Yes,Yes,Yes,Yes,No,Yes,Two year,Yes,Bank transfer (automatic),115.16,3441.5,No
CUST-01524,Male,0,Yes,No,13,Yes,No,Fiber optic,No,No,Yes,Yes,No,No,Two year,Yes,Electronic check,43.49,541.3,No
CUST-01525,Male,0,Yes,No,57,Yes,Yes,Fiber optic,Yes,Yes,Yes,No,No,Yes,Month-to-month,No,Mailed check,32.52,2021.23,No
CUST-01526,Male,0,Yes,No,43,Yes,Yes,DSL,Yes,No,Yes,Yes,Yes,No,Two year,No,Credit card (automatic),43.84,1773.21,No
CUST-01527,Male,0,Yes,Yes,17,Yes,Yes,Fiber optic,Yes,No,No,Yes,No,Yes,Month-to-month,No,Electronic check,75.65,1211.09,No
CUST-01528,Male,0,No,No,6,Yes,No,DSL,Yes,No,Yes,Yes,No,Yes,One year,Yes,Electronic check,39.75,219.26,Yes
CUST-01529,Female,0,No,No,61,Yes,Yes,DSL,No,Yes,No,No,No,No,Two year,Yes,Bank transfer (automatic),52.05,2932.55,No
CUST-01530,Female,0,No,No,44,Yes,No,DSL,No,Yes,Yes,Yes,No,Yes,One year,Yes,Credit card (automatic),83.81,3880.62,No
CUST-01531,Female,0,No,No,15,Yes,No,DSL,No,No,No,No,No,No,Month-to-month,Yes,Bank transfer (automatic),29.65,424.81,No
CUST-01532,Female,0,Yes,No,63,Yes,No,DSL,No,Yes,Yes,Yes,No,Yes,Month-to-month,Yes,Credit card (automatic),112.53,7612.77,No
CUST-01533,Female,0,Yes,No,36,Yes,Yes,No,No internet service,No internet service,No internet service,No internet service,No internet service,No internet service,One year,No,Credit card (automatic),71.24,2748.07,No
CUST-01534,Male,0,No,No,24,Yes,Yes,DSL,Yes,No,Yes,Yes,Yes,No,Month-to-month,Yes,Bank transfer (automatic),66.36,1470.48,No
CUST-01535,Male,1,No,No,8,Yes,No,DSL,No,No,Yes,No,Yes,Yes,Two year,Yes,Credit card (automatic),54.3,437.21,No
CUST-01536,Female,0,Yes,No,54,Yes,No,Fiber optic,Yes,No,Yes,No,No,No,Month-to-month,Yes,Bank transfer (automatic),42.57,2408.87,No
CUST-01537,Male,0,No,No,27,Yes,No,Fiber optic,Yes,Yes,No,No,No,No,One year,Yes,Mailed check,66.34,1856.61,No
CUST-01538,Female,0,Yes,No,8,Yes,No,DSL,Yes,Yes,Yes,No,Yes,Yes,Month-to-month,Yes,Bank transfer (automatic),66.63,490.79,No
CUST-01539,Female,0,Yes,No,11,Yes,Yes,Fiber optic,No,Yes,No,Yes,Yes,No,One year,Yes,Electronic check,23.61,250.45,Yes
CUST-01540,Male,1,Yes,No,17,Yes,Yes,DSL,Yes,Yes,No,No,No,Yes,Month-to-month,No,Mailed check,102.74,1785.7,Yes
CUST-01541,Male,0,No,No,55,Yes,No,Fiber optic,Yes,No,No,No,Yes,Yes,One year,Yes,Mailed check,100.08,5597.24,Yes
CUST-01542,Male,0,No,No,57,Yes,Yes,Fiber optic,Yes,No,Yes,No,Yes,No,Two year,No,Credit card (automatic),62.78,3803.21,No
CUST-01543,Female,0,No,No,50,Yes,No,DSL,Yes,Yes,No,Yes,No,No,Month-to-month,Yes,Mailed check,51.68,2354.58,Yes
CUST-01544,Male,0,No,Yes,31,Yes,No,No,No internet service,No internet service,No internet service,No internet service,No internet service,No internet service,Month-to-month,Yes,Mailed check,67.89,2096.32,Yes
CUST-01545,Female,1,No,No,47,Yes,No,DSL,Yes,Yes,No,Yes,No,Yes,Two year,No,Bank transfer (automatic),40.14,2018.24,No
CUST-01546,Female,0,Yes,No,7,Yes,No,No,No internet service,No internet service,No internet service,No internet service,No internet service,No internet service,Month-to-month,No,Mailed check,18.08,139.06,Yes
CUST-01547,Female,1,No,No,29,Yes,Yes,Fiber optic,No,No,No,No,No,No,Month-to-month,Yes,Mailed check,53.43,1434.34,No
CUST-01548,Male,0,Yes,No,25,Yes,No,DSL,No,Yes,No,No,No,Yes,Two year,Yes,Mailed check,19.8,509.44,No
CUST-01549,Male,0,Yes,No,23,Yes,Yes,DSL,No,No,No,No,No,No,One year,Yes,Bank transfer (automatic),22.07,456.98,No
CUST-01550,Female,0,Yes,Yes,26,Yes,No,No,No internet service,No internet service,No internet service,No internet service,No internet service,No internet service,Month-to-month,Yes,Bank transfer (automatic),20.95,528.31,No
CUST-01551,Male,0,No,No,38,Yes,No,Fiber optic,Yes,Yes,No,Yes,Yes,Yes,Two year,No,Mailed check,106.01,3983.87,No
CUST-01552,Male,0,No,Yes,65,Yes,Yes,DSL,Yes,Yes,Yes,Yes,Yes,Yes,Month-to-month,Yes,Mailed check,32.36,2038.56,No
CUST-01553,Male,0,No,No,50,No,No phone service,DSL,No,Yes,No,Yes,No,No,Month-to-month,Yes,Credit card (automatic),43.43,2225.57,No
CUST-01554,Female,0,No,No,49,Yes,Yes,No,No internet service,No internet service,No internet service,No internet service,No internet service,No internet service,Two year,Yes,Electronic check,67.03,2966.13,No
CUST-01555,Female,0,No,No,44,Yes,No,Fiber optic,Yes,No,No,Yes,Yes,Yes,Month-to-month,No,Mailed check,70.93,3375.75,No
CUST-01556,Male,0,No,No,32,Yes,No,DSL,No,No,No,No,No,Yes,Month-to-month,Yes,Electronic check,30.21,931.63,Yes
CUST-01557,Female,0,No,No,18,Yes,Yes,No,No internet service,No internet service,No internet service,No internet service,No internet service,No internet service,Month-to-month,No,Electronic check,108.95,1823.96,No
CUST-01558,Male,0,No,Yes,12,Yes,Yes,Fiber optic,No,No,Yes,Yes,No,No,Month-to-month,No,Credit card (automatic),41.11,486.73,Yes
CUST-01559,Male,0,Yes,Yes,21,Yes,No,Fiber optic,No,Yes,Yes,Yes,Yes,No,Two year,Yes,Mailed check,112.26,2364.05,No
CUST-01560,Male,0,No,No,19,Yes,No,Fiber optic,Yes,No,No,Yes,No,Yes,Month-to-month,Yes,Bank transfer (automatic),43.69,755.74,No
CUST-01561,Male,0,Yes,No,4,Yes,Yes,No,No internet service,No internet service,No internet service,No internet service,No internet service,No internet service,Two year,Yes,Bank transfer (automatic),18.26,77.41,No
CUST-01562,Female,1,Yes,No,31,Yes,Yes,DSL,Yes,No,Yes,Yes,Yes,No,Month-to-month,No,Mailed check,115.19,3740.47,No
CUST-01563,Female,0,Yes,Yes,29,Yes,No,No,No internet service,No internet service,No internet service,No internet service,No internet service,No internet service,Two year,No,Electronic check,66.37,1929.27,No
CUST-01564,Female,0,Yes,Yes,25,Yes,No,No,No internet service,No internet service,No internet service,No internet service,No internet service,No internet service,Month-to-month,Yes,Bank transfer (automatic),105.88,2480.75,No
CUST-01565,Male,0,No,Yes,3,Yes,No,DSL,No,No,No,No,Yes,No,Two year,No,Bank transfer (automatic),91.43,297.69,No
CUST-01566,Male,0,No,Yes,66,Yes,No,Fiber optic,Yes,Yes,No,Yes,Yes,Yes,One year,Yes,Electronic check,35.9,2508.8,No
CUST-01567,Male,1,Yes,No,42,Yes,No,No,No internet service,No internet service,No internet service,No internet service,No internet service,No internet service,Two year,Yes,Credit card (automatic),102.53,4076.92,No
CUST-01568,Female,0,Yes,Yes,29,Yes,Yes,Fiber optic,No,No,No,No,Yes,Yes,One year,Yes,Credit card (automatic),23.11,701.82,No
CUST-01569,Male,0,Yes,No,15,Yes,No,Fiber optic,No,No,No,Yes,Yes,No,Month-to-month,No,Bank transfer (automatic),68.76,949.17,No
CUST-01570,Female,0,No,Yes,70,Yes,Yes,Fiber optic,No,Yes,Yes,No,No,No,Month-to-month,No,Electronic check,43.41,2806.81,Yes
CUST-01571,Female,0,Yes,No,38,Yes,No,Fiber optic,No,No,Yes,No,Yes,No,Month-to-month,No,Mailed check,54.16,2035.27,No
CUST-01572,Female,0,Yes,No,40,Yes,No,Fiber optic,No,No,No,No,Yes,Yes,Month-to-month,Yes,Electronic check,93.7,3899.21,No
CUST-01573,Female,0,No,Yes,30,Yes,No,Fiber optic,No,Yes,Yes,No,Yes,Yes,Two year,Yes,Bank transfer (automatic),86.34,2806.38,No
CUST-01574,Female,0,Yes,No,48,Yes,No,Fiber optic,No,Yes,No,No,No,Yes,Month-to-month,Yes,Credit card (automatic),62.01,3256.86,No
CUST-01575,Female,1,No,No,12,Yes,Yes,Fiber optic,No,No,No,Yes,No,Yes,One year,Yes,Mailed check,22.59,281.48,No
CUST-01576,Male,0,No,Yes,40,Yes,No,DSL,Yes,Yes,No,Yes,Yes,Yes,One year,Yes,Mailed check,21.99,929.42,No
CUST-01577,Male,0,Yes,No,27,No,No phone service,Fiber optic,No,No,No,No,Yes,Yes,Two year,No,Bank transfer (automatic),88.22,2386.92,No
CUST-01578,Female,0,Yes,No,63,Yes,No,DSL,No,Yes,No,No,No,Yes,One year,Yes,Credit card (automatic),112.88,6479.82,No
CUST-01579,Female,0,Yes,No,18,Yes,Yes,Fiber optic,Yes,No,Yes,Yes,No,Yes,Month-to-month,Yes,Bank transfer (automatic),102.73,1710.56,No
CUST-01580,Male,1,No,No,71,Yes,No,DSL,Yes,Yes,Yes,Yes,No,Yes,Two year,Yes,Electronic check,30.22,2347.64,No
CUST-01581,Female,0,No,No,24,Yes,No,Fiber optic,Yes,Yes,Yes,No,Yes,Yes,One year,No,Credit card (automatic),30.12,707.41,No
CUST-01582,Female,0,No,Yes,37,Yes,Yes,Fiber optic,No,No,Yes,No,Yes,Yes,One year,Yes,Credit card (automatic),79.05,3083.89,No
CUST-01583,Male,0,Yes,No,2,Yes,No,Fiber optic,Yes,Yes,Yes,No,Yes,Yes,Month-to-month,No,Electronic check,83.76,158.15,Yes
CUST-01584,Female,0,Yes,Yes,1,Yes,Yes,DSL,Yes,Yes,No,No,No,Yes,Month-to-month,No,Credit card (automatic),79.65,80.17,Yes
CUST-01585,Female,1,Yes,No,4,Yes,Yes,DSL,No,Yes,No,Yes,Yes,No,Two year,Yes,Mailed check,106.54,396.56,No
CUST-01586,Female,0,Yes,No,60,Yes,No,No,No internet service,No internet service,No internet service,No internet service,No internet service,No internet service,Month-to-month,Yes,Mailed check,41.1,2618.26,No
CUST-01587,Male,0,Yes,Yes,19,Yes,No,No,No internet service,No internet service,No internet service,No internet service,No internet service,No internet service,One year,No,Bank transfer (automatic),35.23,624.93,No
CUST-01588,Male,1,Yes,No,37,Yes,Yes,DSL,No,No,Yes,No,No,No,Two year,Yes,Electronic check,109.42,4215.29,No
CUST-01589,Male,1,No,No,35,No,No phone service,No,No internet service,No internet service,No internet service,No internet service,No internet service,No internet service,Month-to-month,No,Mailed check,90.21,2936.91,Yes
CUST-01590,Female,0,No,No,45,Yes,No,DSL,No,No,Yes,No,No,No,Month-to-month,Yes,Credit card (automatic),89.17,4268.39,No
CUST-01591,Female,0,No,No,36,Yes,Yes,Fiber optic,Yes,Yes,No,No,Yes,No,Month-to-month,Yes,Credit card (automatic),51.54,1856.52,No
CUST-01592,Male,0,Yes,No,53,Yes,Yes,Fiber optic,Yes,Yes,No,Yes,Yes,No,Two year,Yes,Bank transfer (automatic),80.79,4206.87,No
CUST-01593,Female,0,No,No,20,Yes,No,DSL,Yes,No,Yes,No,No,Yes,Month-to-month,Yes,Credit card (automatic),90.67,1754.2,Yes
CUST-01594,Female,1,No,No,20,Yes,No,DSL,No,Yes,Yes,No,No,No,Two year,Yes,Electronic check,78.03,1619.19,No
CUST-01595,Female,0,No,No,69,Yes,No,Fiber optic,Yes,Yes,No,Yes,No,Yes,Month-to-month,No,Mailed check,91.62,5800.93,No
CUST-01596,Female,0,Yes,Yes,59,Yes,No,DSL,Yes,Yes,Yes,No,Yes,No,Two year,No,Bank transfer (automatic),77.01,4867.27,No
CUST-01597,Female,0,Yes,Yes,35,Yes,Yes,Fiber optic,Yes,Yes,No,No,No,Yes,Two year,Yes,Bank transfer (automatic),116.2,4279.5,No
CUST-01598,Male,0,No,No,10,Yes,No,Fiber optic,Yes,No,Yes,Yes,No,No,Month-to-month,No,Mailed check,67.2,654.92,No
CUST-01599,Female,0,Yes,No,30,Yes,No,DSL,Yes,Yes,Yes,No,No,Yes,Month-to-month,Yes,Mailed check,19.25,632.67,No
CUST-01600,Male,0,Yes,No,36,Yes,No,No,No internet service,No internet service,No internet service,No internet service,No internet service,No internet service,Two year,Yes,Electronic check,34.33,1317.96,No
CUST-01601,Female,0,Yes,No,59,No,No phone service,DSL,No,Yes,Yes,Yes,Yes,Yes,Two year,Yes,Credit card (automatic),114.42,6441.35,No
CUST-01602,Male,0,Yes,Yes,60,Yes,Yes,DSL,No,No,Yes,No,Yes,No,Two year,Yes,Credit card (automatic),64.95,4199.2,No
CUST-01603,Female,0,No,Yes,66,No,No phone service,Fiber optic,No,No,Yes,Yes,No,No,Month-to-month,Yes,Mailed check,30.05,1824.23,No
CUST-01604,Male,0,Yes,No,28,Yes,Yes,No,No internet service,No internet service,No internet service,No internet service,No internet service,No internet service,Month-to-month,No,Credit card (automatic),33.58,975.89,Yes
CUST-01605,Female,0,No,Yes,66,Yes,Yes,Fiber optic,No,No,No,No,Yes,Yes,Month-to-month,Yes,Mailed check,20.89,1277.08,No
CUST-01606,Male,0,No,No,70,No,No phone service,DSL,Yes,No,Yes,Yes,No,Yes,Month-to-month,Yes,Credit card (automatic),40.63,3114.82,No
CUST-01607,Female,0,Yes,No,66,Yes,Yes,No,No internet service,No internet service,No internet service,No internet service,No internet service,No internet service,One year,Yes,Mailed check,116.66,7006.14,No
CUST-01608,Male,0,Yes,Yes,15,Yes,Yes,Fiber optic,Yes,Yes,No,No,No,Yes,Two year,Yes,Credit card (automatic),50.88,722.41,No
CUST-01609,Female,0,Yes,Yes,44,Yes,No,Fiber optic,No,Yes,No,No,No,No,Month-to-month,Yes,Electronic check,43.03,1904.73,No
CUST-01610,Male,0,No,No,33,Yes,Yes,No,No internet service,No internet service,No internet service,No internet service,No internet service,No internet service,Two year,Yes,Bank transfer (automatic),84.76,2844.05,No
CUST-01611,Male,0,No,No,43,Yes,Yes,DSL,No,Yes,Yes,Yes,Yes,No,One year,Yes,Credit card (automatic),85.42,3682.55,No
CUST-01612,Female,1,No,No,41,Yes,No,Fiber optic,Yes,No,Yes,Yes,Yes,Yes,Month-to-month,Yes,Mailed check,114.78,4931.96,No
CUST-01613,Female,0,No,No,34,Yes,No,No,No internet service,No internet service,No internet service,No internet service,No internet service,No internet service,Two year,Yes,Electronic check,90.96,2784.34,No
CUST-01614,Male,0,No,No,29,Yes,Yes,DSL,No,No,Yes,Yes,No,Yes,Month-to-month,No,Electronic check,29.0,851.73,No
CUST-01615,Female,1,No,Yes,52,Yes,No,Fiber optic,No,No,No,No,No,Yes,Month-to-month,No,Bank transfer (automatic),116.56,6200.47,Yes
CUST-01616,Male,0,No,Yes,57,Yes,No,DSL,Yes,No,Yes,Yes,Yes,Yes,Month-to-month,No,Electronic check,93.02,4993.63,No
CUST-01617,Male,0,Yes,No,27,Yes,Yes,No,No internet service,No internet service,No internet service,No internet service,No internet service,No internet service,Month-to-month,No,Bank transfer (automatic),43.92,1223.58,No
CUST-01618,Male,0,No,Yes,14,Yes,Yes,Fiber optic,No,No,Yes,Yes,No,No,Month-to-month,Yes,Credit card (automatic),44.12,636.7,Yes
CUST-01619,Female,1,No,Yes,37,Yes,No,DSL,Yes,Yes,No,Yes,Yes,No,Two year,Yes,Credit card (automatic),114.0,4243.44,No
CUST-01620,Male,0,No,No,49,Yes,No,DSL,Yes,No,No,No,No,No,Two year,No,Credit card (automatic),37.26,1737.84,No
CUST-01621,Male,0,No,No,12,Yes,No,Fiber optic,Yes,No,Yes,No,No,Yes,Two year,No,Mailed check,40.76,480.96,No
CUST-01622,Female,0,Yes,Yes,34,Yes,Yes,Fiber optic,No,Yes,No,No,Yes,No,Two year,Yes,Credit card (automatic),53.89,1748.87,No
CUST-01623,Female,0,No,No,23,Yes,Yes,Fiber optic,Yes,Yes,No,No,Yes,No,One year,Yes,Bank transfer (automatic),85.95,2083.49,No
CUST-01624,Female,0,No,No,64,Yes,Yes,DSL,Yes,Yes,No,Yes,Yes,Yes,One year,No,Credit card (automatic),60.97,3994.64,No
CUST-01625,Female,0,Yes,Yes,17,Yes,No,Fiber optic,No,Yes,No,Yes,No,Yes,Month-to-month,Yes,Electronic check,49.13,776.95,No
CUST-01626,Male,0,Yes,No,57,Yes,Yes,DSL,Yes,No,Yes,No,No,No,Month-to-month,Yes,Bank transfer (automatic),44.76,2585.82,Yes
CUST-01627,Male,0,No,Yes,25,Yes,Yes,No,No internet service,No internet service,No internet service,No internet service,No internet service,No internet service,Two year,No,Credit card (automatic),30.51,824.27,No
CUST-01628,Male,0,No,No,28,Yes,No,Fiber optic,No,Yes,Yes,No,No,Yes,Month-to-month,Yes,Mailed check,72.63,2169.0,No
CUST-01629,Male,0,No,Yes,71,Yes,Yes,Fiber optic,Yes,No,No,Yes,Yes,Yes,Month-to-month,No,Bank transfer (automatic),45.34,3471.01,No
CUST-01630,Female,1,No,No,43,Yes,No,Fiber optic,No,Yes,No,Yes,Yes,No,Month-to-month,Yes,Bank transfer (automatic),51.15,2382.89,Yes
CUST-01631,Male,0,No,Yes,4,Yes,No,Fiber optic,No,Yes,Yes,No,No,No,One year,Yes,Bank transfer (automatic),18.78,70.44,Yes
CUST-01632,Male,0,No,No,32,Yes,No,No,No internet service,No internet service,No internet service,No internet service,No internet service,No internet service,Month-to-month,Yes,Mailed check,71.12,2375.81,No
CUST-01633,Female,0,Yes,No,4,No,No phone service,Fiber optic,Yes,No,Yes,No,Yes,Yes,One year,No,Credit card (automatic),87.64,360.68,No
CUST-01634,Male,0,Yes,No,35,Yes,No,Fiber optic,No,Yes,No,No,Yes,Yes,Two year,Yes,Electronic check,110.75,3514.51,No
CUST-01635,Male,0,No,No,12,No,No phone service,Fiber optic,No,No,No,No,No,No,Month-to-month,No,Electronic check,37.71,477.7,Yes
CUST-01636,Male,0,No,Yes,24,Yes,No,Fiber optic,No,No,No,No,No,Yes,Month-to-month,No,Mailed check,109.94,2484.04,No
CUST-01637,Male,0,No,No,57,Yes,No,DSL,No,No,No,Yes,Yes,Yes,Month-to-month,No,Electronic check,54.11,3341.5,No
CUST-01638,Male,0,Yes,Yes,1,Yes,No,No,No internet service,No internet service,No internet service,No internet service,No internet service,No internet service,Month-to-month,Yes,Bank transfer (automatic),98.24,104.83,No
CUST-01639,Male,0,No,No,35,Yes,No,Fiber optic,No,Yes,No,Yes,Yes,Yes,Month-to-month,Yes,Bank transfer (automatic),107.68,3971.48,No
CUST-01640,Female,1,Yes,Yes,24,Yes,Yes,DSL,No,No,No,No,No,Yes,One year,No,Electronic check,114.14,2847.17,No
CUST-01641,Female,1,Yes,No,33,No,No phone service,DSL,Yes,No,No,Yes,No,No,Month-to-month,Yes,Bank transfer (automatic),50.54,1657.84,No
CUST-01642,Male,0,No,No,11,No,No phone service,Fiber optic,No,No,No,No,Yes,No,Month-to-month,Yes,Mailed check,44.05,513.41,Yes
CUST-01643,Male,0,Yes,No,18,Yes,Yes,DSL,Yes,Yes,Yes,Yes,No,No,Two year,No,Bank transfer (automatic),61.96,1186.49,No
CUST-01644,Female,0,No,Yes,36,Yes,No,No,No internet service,No internet service,No internet service,No internet service,No internet service,No internet service,Month-to-month,Yes,Mailed check,73.47,2432.52,No
CUST-01645,Male,1,Yes,No,0,Yes,No,No,No internet service,No internet service,No internet service,No internet service,No internet service,No internet service,Month-to-month,No,Credit card (automatic),87.06,0.0,No
CUST-01646,Male,0,No,No,59,Yes,No,DSL,Yes,Yes,No,Yes,No,Yes,Month-to-month,Yes,Bank transfer (automatic),87.19,4955.57,No
CUST-01647,Male,1,No,No,66,Yes,Yes,DSL,No,Yes,Yes,No,Yes,No,Month-to-month,Yes,Credit card (automatic),29.66,1810.59,No
CUST-01648,Female,0,Yes,No,48,Yes,No,DSL,No,Yes,No,No,Yes,No,Month-to-month,No,Electronic check,79.18,4162.3,No
CUST-01649,Male,1,Yes,No,45,Yes,Yes,DSL,Yes,No,Yes,No,No,Yes,One year,No,Electronic check,34.79,1591.72,No
CUST-01650,Female,0,Yes,No,47,Yes,No,DSL,Yes,Yes,No,No,Yes,Yes,Month-to-month,Yes,Bank transfer (automatic),89.14,4264.82,No
CUST-01651,Male,0,No,Yes,67,Yes,No,No,No internet service,No internet service,No internet service,No internet service,No internet service,No internet service,Month-to-month,No,Mailed check,115.66,7567.05,No
CUST-01652,Female,0,Yes,No,18,Yes,Yes,Fiber optic,No,Yes,Yes,No,No,No,Month-to-month,Yes,Mailed check,95.09,1803.6,No
CUST-01653,Female,0,Yes,No,39,Yes,No,Fiber optic,No,No,No,No,Yes,No,One year,No,Mailed check,87.47,3394.72,No
CUST-01654,Male,0,No,No,5,Yes,No,DSL,No,No,No,No,Yes,No,Month-to-month,Yes,Mailed check,25.75,134.99,Yes
CUST-01655,Female,0,No,No,62,No,No phone service,No,No internet service,No internet service,No internet service,No internet service,No internet service,No internet service,Month-to-month,No,Mailed check,36.46,2431.42,No
CUST-01656,Male,0,Yes,No,34,Yes,No,No,No internet service,No internet service,No internet service,No internet service,No internet service,No internet service,Two year,Yes,Mailed check,53.52,1876.79,No
CUST-01657,Female,0,Yes,No,71,No,No phone service,Fiber optic,No,No,Yes,No,Yes,Yes,Month-to-month,No,Mailed check,111.35,8100.53,No
CUST-01658,Male,0,Yes,No,60,Yes,Yes,DSL,No,No,No,Yes,No,Yes,Month-to-month,Yes,Electronic check,51.09,3241.3,No
CUST-01659,Male,0,No,No,4,Yes,No,No,No internet service,No internet service,No internet service,No internet service,No internet service,No internet service,One year,Yes,Credit card (automatic),99.38,397.76,No
CUST-01660,Female,0,No,No,36,Yes,No,DSL,Yes,No,No,No,No,Yes,Month-to-month,No,Credit card (automatic),28.38,1085.36,No
CUST-01661,Male,0,Yes,No,10,Yes,Yes,Fiber optic,Yes,Yes,Yes,No,No,No,One year,Yes,Electronic check,84.2,773.38,Yes
CUST-01662,Male,1,No,Yes,39,Yes,No,Fiber optic,No,Yes,No,Yes,Yes,No,One year,Yes,Electronic check,95.91,3547.43,No
CUST-01663,Female,0,Yes,Yes,64,Yes,No,No,No internet service,No internet service,No internet service,No internet service,No internet service,No internet service,Month-to-month,Yes,Electronic check,72.29,5019.44,No
CUST-01664,Male,0,Yes,Yes,7,Yes,No,Fiber optic,Yes,Yes,No,No,No,Yes,One year,Yes,Bank transfer (automatic),94.68,619.18,No
CUST-01665,Male,0,No,No,10,Yes,No,No,No internet service,No internet service,No internet service,No internet service,No internet service,No internet service,Two year,No,Mailed check,90.37,895.22,No
CUST-01666,Female,0,Yes,No,70,Yes,No,No,No internet service,No internet service,No internet service,No internet service,No internet service,No internet service,One year,Yes,Credit card (automatic),65.7,4581.27,No
CUST-01667,Female,0,Yes,No,57,No,No phone service,DSL,No,Yes,Yes,Yes,Yes,Yes,Month-to-month,Yes,Electronic check,104.55,5861.04,No
CUST-01668,Male,0,No,No,47,Yes,Yes,Fiber optic,Yes,Yes,No,Yes,No,No,Month-to-month,No,Mailed check,52.16,2631.42,No
CUST-01669,Male,0,Yes,No,12,Yes,Yes,DSL,No,Yes,Yes,No,Yes,Yes,Two year,Yes,Mailed check,60.54,762.77,No
CUST-01670,Female,0,Yes,No,59,No,No phone service,No,No internet service,No internet service,No internet service,No internet service,No internet service,No internet service,One year,Yes,Mailed check,71.99,4510.92,No
CUST-01671,Female,0,No,No,48,No,No phone service,DSL,No,No,No,Yes,No,No,Month-to-month,Yes,Mailed check,31.07,1637.9,No
CUST-01672,Male,1,Yes,Yes,66,Yes,No,DSL,Yes,Yes,Yes,Yes,Yes,Yes,Two year,Yes,Bank transfer (automatic),69.53,5024.77,No
CUST-01673,Female,1,Yes,Yes,6,Yes,No,Fiber optic,Yes,No,No,No,No,Yes,Month-to-month,Yes,Credit card (automatic),50.41,326.18,Yes
CUST-01674,Male,0,No,Yes,24,Yes,No,Fiber optic,No,No,Yes,Yes,Yes,Yes,One year,Yes,Mailed check,43.67,1061.84,No
CUST-01675,Male,0,No,Yes,22,Yes,Yes,DSL,Yes,No,No,Yes,Yes,No,One year,No,Electronic check,75.68,1598.8,No
CUST-01676,Male,0,No,Yes,50,Yes,No,Fiber optic,Yes,Yes,Yes,No,Yes,No,Two year,Yes,Electronic check,50.96,2662.0,No
CUST-01677,Male,0,Yes,No,46,Yes,Yes,No,No internet service,No internet service,No internet service,No internet service,No internet service,No internet service,Month-to-month,No,Bank transfer (automatic),103.55,5191.31,No
CUST-01678,Male,0,No,Yes,4,Yes,No,Fiber optic,No,Yes,Yes,No,Yes,Yes,One year,Yes,Bank transfer (automatic),59.0,259.14,No
CUST-01679,Female,0,Yes,Yes,12,Yes,Yes,Fiber optic,Yes,Yes,No,No,No,No,Month-to-month,Yes,Credit card (automatic),59.3,727.71,Yes
CUST-01680,Female,1,No,Yes,41,Yes,Yes,DSL,Yes,Yes,No,Yes,No,Yes,Month-to-month,Yes,Mailed check,116.19,4955.11,No
CUST-01681,Female,1,Yes,No,4,Yes,Yes,DSL,Yes,No,Yes,Yes,No,Yes,One year,Yes,Bank transfer (automatic),52.15,199.37,No
CUST-01682,Female,0,Yes,No,22,Yes,Yes,Fiber optic,Yes,Yes,Yes,Yes,Yes,No,Month-to-month,No,Bank transfer (automatic),31.15,644.4,Yes
CUST-01683,Male,0,No,No,61,Yes,No,Fiber optic,Yes,Yes,No,No,Yes,No,Month-to-month,No,Electronic check,105.66,6624.23,Yes
CUST-01684,Male,0,Yes,Yes,0,Yes,No,Fiber optic,No,No,No,Yes,No,No,Month-to-month,Yes,Bank transfer (automatic),109.7,0.0,Yes
CUST-01685,Male,0,Yes,No,53,Yes,No,Fiber optic,Yes,No,Yes,Yes,No,Yes,Month-to-month,No,Electronic check,40.65,2109.36,No
CUST-01686,Male,0,No,Yes,71,Yes,No,Fiber optic,Yes,Yes,Yes,No,Yes,Yes,Month-to-month,Yes,Credit card (automatic),106.21,7529.71,No
CUST-01687,Female,0,Yes,Yes,2,Yes,No,Fiber optic,Yes,No,Yes,No,Yes,No,Month-to-month,No,Credit card (automatic),67.46,146.6,Yes
CUST-01688,Male,1,Yes,No,63,Yes,Yes,DSL,Yes,No,No,Yes,No,Yes,One year,No,Electronic check,22.34,1541.85,No
CUST-01689,Male,0,Yes,No,50,Yes,No,No,No internet service,No internet service,No internet service,No internet service,No internet service,No internet service,Month-to-month,No,Electronic check,72.88,3459.69,No
CUST-01690,Female,0,No,No,1,Yes,Yes,DSL,No,Yes,Yes,No,Yes,No,Two year,No,Credit card (automatic),102.88,95.31,No
CUST-01691,Female,0,No,No,48,Yes,No,Fiber optic,Yes,No,Yes,Yes,Yes,No,Month-to-month,No,Mailed check,57.66,2615.39,No
CUST-01692,Female,0,No,No,30,Yes,Yes,DSL,Yes,Yes,No,No,Yes,Yes,One year,Yes,Electronic check,73.1,2201.28,No
CUST-01693,Female,0,No,Yes,2,Yes,No,Fiber optic,No,Yes,Yes,Yes,Yes,No,Month-to-month,No,Bank transfer (automatic),32.06,67.75,No
CUST-01694,Male,0,No,No,34,Yes,Yes,Fiber optic,Yes,Yes,Yes,No,No,Yes,Two year,Yes,Credit card (automatic),102.22,3490.77,No
CUST-01695,Male,0,No,Yes,35,Yes,Yes,Fiber optic,Yes,Yes,Yes,Yes,No,No,Month-to-month,No,Bank transfer (automatic),28.69,1091.14,No
CUST-01696,Female,0,No,No,63,Yes,No,Fiber optic,Yes,Yes,Yes,Yes,Yes,No,One year,Yes,Credit card (automatic),27.44,1776.23,No
CUST-01697,Male,0,No,Yes,31,Yes,Yes,Fiber optic,No,No,No,Yes,Yes,No,Month-to-month,Yes,Electronic check,111.36,3440.87,No
CUST-01698,Male,1,Yes,No,17,Yes,Yes,No,No internet service,No internet service,No internet service,No internet service,No internet service,No internet service,Month-to-month,Yes,Electronic check,105.35,1887.77,Yes
CUST-01699,Male,0,Yes,No,33,Yes,No,DSL,No,Yes,Yes,No,No,Yes,Month-to-month,Yes,Electronic check,75.49,2717.22,No
CUST-01700,Female,0,Yes,No,55,Yes,Yes,No,No internet service,No internet service,No internet service,No internet service,No internet service,No internet service,Month-to-month,Yes,Electronic check,28.62,1521.57,No
CUST-01701,Male,0,Yes,Yes,66,Yes,Yes,Fiber optic,Yes,No,No,Yes,No,No,Month-to-month,No,Electronic check,72.6,4575.98,No
CUST-01702,Female,0,No,No,52,Yes,No,Fiber optic,Yes,Yes,No,Yes,No,Yes,Month-to-month,Yes,Credit card (automatic),110.05,5394.53,No
CUST-01703,Male,0,Yes,No,66,Yes,Yes,No,No internet service,No internet service,No internet service,No internet service,No internet service,No internet service,Two year,No,Bank transfer (automatic),79.24,5267.12,No
CUST-01704,Male,1,Yes,No,65,Yes,Yes,DSL,No,No,No,Yes,No,Yes,Month-to-month,Yes,Mailed check,37.82,2442.68,No
CUST-01705,Male,1,Yes,No,63,Yes,Yes,DSL,No,No,No,Yes,No,Yes,One year,Yes,Credit card (automatic),108.58,6494.7,No
CUST-01706,Female,0,Yes,No,66,Yes,Yes,Fiber optic,Yes,Yes,No,No,Yes,No,One year,Yes,Electronic check,104.55,7206.21,No
CUST-01707,Male,0,Yes,Yes,38,Yes,No,Fiber optic,No,Yes,Yes,Yes,Yes,Yes,One year,Yes,Electronic check,72.66,2649.28,No
CUST-01708,Female,0,No,No,37,Yes,No,No,No internet service,No internet service,No internet service,No internet service,No internet service,No internet service,One year,Yes,Mailed check,103.22,4015.08,No
CUST-01709,Female,0,No,Yes,39,Yes,No,Fiber optic,Yes,No,Yes,No,No,No,One year,Yes,Electronic check,23.64,984.45,No
CUST-01710,Female,0,Yes,Yes,18,Yes,No,No,No internet service,No internet service,No internet service,No internet service,No internet service,No internet service,One year,Yes,Bank transfer (automatic),64.12,1238.68,No
CUST-01711,Male,0,Yes,No,4,Yes,No,No,No internet service,No internet service,No internet service,No internet service,No internet service,No internet service,Two year,No,Bank transfer (automatic),35.81,133.11,Yes
CUST-01712,Male,0,Yes,No,68,Yes,No,Fiber optic,No,No,Yes,No,No,Yes,One year,No,Mailed check,101.75,6650.46,No
CUST-01713,Male,0,Yes,Yes,13,Yes,Yes,Fiber optic,Yes,Yes,No,Yes,Yes,Yes,Month-to-month,No,Electronic check,115.12,1503.79,Yes
CUST-01714,Male,0,No,Yes,48,Yes,Yes,DSL,Yes,No,No,No,No,No,Month-to-month,No,Electronic check,111.07,5699.85,No
CUST-01715,Female,1,Yes,No,63,Yes,Yes,Fiber optic,No,Yes,No,No,Yes,Yes,Month-to-month,Yes,Bank transfer (automatic),68.33,4219.6,Yes
CUST-01716,Female,0,No,Yes,56,Yes,No,DSL,No,Yes,Yes,Yes,No,No,Two year,No,Bank transfer (automatic),69.1,3993.32,No
CUST-01717,Female,0,Yes,No,34,Yes,No,Fiber optic,No,No,No,Yes,Yes,No,Two year,No,Electronic check,108.82,3666.25,No
CUST-01718,Male,0,No,No,4,Yes,Yes,No,No internet service,No internet service,No internet service,No internet service,No internet service,No internet service,Month-to-month,No,Electronic check,90.17,326.75,No
CUST-01719,Female,0,No,No,38,Yes,Yes,Fiber optic,No,Yes,No,No,No,No,Two year,No,Electronic check,25.46,931.94,No
CUST-01720,Male,0,No,Yes,23,Yes,No,Fiber optic,Yes,Yes,Yes,No,Yes,Yes,Month-to-month,Yes,Electronic check,30.83,745.5,No
CUST-01721,Female,0,Yes,Yes,39,No,No phone service,No,No internet service,No internet service,No internet service,No internet service,No internet service,No internet service,Month-to-month,No,Electronic check,113.17,4616.92,No
CUST-01722,Male,1,Yes,No,49,Yes,No,Fiber optic,No,No,Yes,No,Yes,No,One year,Yes,Bank transfer (automatic),54.59,2880.16,No
CUST-01723,Male,0,No,No,57,No,No phone service,Fiber optic,No,Yes,No,No,Yes,Yes,One year,Yes,Credit card (automatic),36.74,2133.08,No
CUST-01724,Female,0,Yes,Yes,0,Yes,No,Fiber optic,Yes,Yes,No,Yes,Yes,No,Month-to-month,Yes,Bank transfer (automatic),91.55,0.0,Yes
CUST-01725,Female,0,Yes,Yes,42,Yes,Yes,DSL,Yes,No,Yes,No,No,No,Two year,No,Bank transfer (automatic),105.97,4375.22,No
CUST-01726,Female,0,No,Yes,38,Yes,No,Fiber optic,No,Yes,No,Yes,Yes,Yes,Month-to-month,Yes,Credit card (automatic),38.66,1424.92,Yes
CUST-01727,Female,0,Yes,No,9,Yes,Yes,Fiber optic,Yes,Yes,Yes,Yes,Yes,Yes,Month-to-month,Yes,Bank transfer (automatic),43.14,375.82,Yes
CUST-01728,Male,1,No,No,1,Yes,No,Fiber optic,No,Yes,Yes,Yes,Yes,No,Month-to-month,Yes,Mailed check,107.99,100.63,No
CUST-01729,Female,0,Yes,No,62,Yes,Yes,Fiber optic,Yes,No,No,Yes,Yes,No,Two year,Yes,Bank transfer (automatic),19.32,1182.94,No
CUST-01730,Female,0,Yes,No,15,Yes,Yes,DSL,Yes,Yes,Yes,No,Yes,Yes,Month-to-month,No,Credit card (automatic),108.8,1733.42,No
CUST-01731,Female,0,No,No,36,Yes,Yes,No,No internet service,No internet service,No internet service,No internet service,No internet service,No internet service,Two year,Yes,Electronic check,21.93,712.45,No
CUST-01732,Male,0,No,No,15,Yes,No,Fiber optic,No,Yes,Yes,Yes,No,No,Two year,Yes,Bank transfer (automatic),27.54,419.29,No
CUST-01733,Male,1,No,Yes,26,Yes,Yes,No,No internet service,No internet service,No internet service,No internet service,No internet service,No internet service,Month-to-month,Yes,Bank transfer (automatic),104.23,2532.69,No
CUST-01734,Female,1,No,Yes,62,Yes,Yes,Fiber optic,No,No,No,Yes,Yes,Yes,Two year,Yes,Credit card (automatic),42.84,2785.79,No
CUST-01735,Male,0,Yes,Yes,63,Yes,No,DSL,No,No,Yes,No,No,No,Month-to-month,Yes,Bank transfer (automatic),40.47,2366.15,Yes
CUST-01736,Female,0,Yes,No,31,Yes,Yes,Fiber optic,No,No,Yes,No,No,Yes,Two year,Yes,Mailed check,102.41,2961.4,No
CUST-01737,Male,0,Yes,No,8,Yes,Yes,Fiber optic,No,No,No,Yes,Yes,Yes,Month-to-month,Yes,Bank transfer (automatic),72.22,524.91,Yes
CUST-01738,Male,0,No,No,10,Yes,Yes,Fiber optic,Yes,No,No,No,Yes,Yes,One year,Yes,Bank transfer (automatic),53.06,524.52,No
CUST-01739,Male,1,Yes,Yes,69,Yes,Yes,No,No internet service,No internet service,No internet service,No internet service,No internet service,No internet service,Month-to-month,No,Electronic check,89.42,6352.06,No
CUST-01740,Male,0,Yes,Yes,29,Yes,Yes,DSL,Yes,No,No,Yes,No,No,Month-to-month,No,Electronic check,98.97,2748.89,No
CUST-01741,Female,0,Yes,Yes,14,Yes,Yes,Fiber optic,Yes,Yes,Yes,No,No,No,Two year,No,Credit card (automatic),104.28,1326.01,No
CUST-01742,Female,0,No,No,58,Yes,Yes,DSL,Yes,Yes,Yes,Yes,No,Yes,Two year,Yes,Electronic check,29.94,1886.78,No
CUST-01743,Female,0,No,Yes,47,No,No phone service,No,No internet service,No internet service,No internet service,No internet service,No internet service,No internet service,Two year,Yes,Electronic check,76.25,3842.15,No
CUST-01744,Male,0,Yes,Yes,59,Yes,Yes,DSL,No,Yes,Yes,Yes,No,Yes,Month-to-month,Yes,Mailed check,85.82,5025.72,No
CUST-01745,Female,0,Yes,No,67,Yes,No,DSL,Yes,Yes,Yes,Yes,Yes,No,Two year,Yes,Bank transfer (automatic),29.65,2114.99,No
CUST-01746,Female,0,No,Yes,56,Yes,Yes,DSL,No,Yes,No,Yes,No,No,Month-to-month,Yes,Mailed check,79.01,4691.07,No
CUST-01747,Female,0,No,No,63,Yes,No,Fiber optic,No,No,No,No,No,Yes,Two year,No,Bank transfer (automatic),21.19,1351.42,No
CUST-01748,Male,0,No,Yes,53,Yes,No,Fiber optic,No,Yes,No,Yes,No,No,Two year,No,Electronic check,52.16,2779.31,No
CUST-01749,Male,0,No,No,53,Yes,Yes,Fiber optic,Yes,Yes,Yes,Yes,Yes,Yes,Two year,Yes,Bank transfer (automatic),35.2,1921.95,No
CUST-01750,Male,0,Yes,No,58,Yes,No,DSL,Yes,Yes,No,Yes,Yes,No,One year,No,Bank transfer (automatic),74.12,4489.95,No
CUST-01751,Female,0,No,No,38,Yes,Yes,DSL,No,No,Yes,No,Yes,Yes,Two year,Yes,Bank transfer (automatic),37.11,1500.66,No
CUST-01752,Female,0,Yes,No,14,Yes,No,Fiber optic,Yes,No,Yes,Yes,Yes,No,Two year,Yes,Mailed check,96.91,1376.95,No
CUST-01753,Female,1,No,No,27,Yes,No,Fiber optic,Yes,Yes,Yes,No,No,No,Month-to-month,No,Electronic check,30.11,853.01,No
CUST-01754,Male,0,Yes,No,35,Yes,No,Fiber optic,No,Yes,Yes,No,Yes,Yes,Month-to-month,No,Credit card (automatic),93.78,3075.93,No
CUST-01755,Male,0,Yes,No,53,Yes,No,Fiber optic,No,No,No,No,No,No,Month-to-month,No,Electronic check,27.89,1550.93,No
CUST-01756,Female,0,No,No,16,Yes,Yes,No,No internet service,No internet service,No internet service,No internet service,No internet service,No internet service,One year,No,Mailed check,62.24,907.84,No
CUST-01757,Male,0,Yes,No,21,Yes,Yes,DSL,Yes,Yes,Yes,Yes,No,No,Month-to-month,Yes,Mailed check,87.85,1903.32,Yes
CUST-01758,Male,0,Yes,No,35,Yes,No,Fiber optic,Yes,No,Yes,Yes,Yes,Yes,Two year,No,Mailed check,34.15,1246.05,No
CUST-01759,Male,0,Yes,Yes,28,Yes,No,DSL,Yes,Yes,No,No,Yes,No,Month-to-month,No,Credit card (automatic),93.23,2854.54,Yes
CUST-01760,Male,0,No,No,54,Yes,Yes,Fiber optic,No,Yes,Yes,No,Yes,No,Month-to-month,Yes,Credit card (automatic),113.34,6024.62,No
CUST-01761,Female,0,No,No,41,No,No phone service,Fiber optic,Yes,Yes,Yes,Yes,Yes,No,Month-to-month,Yes,Credit card (automatic),55.34,2093.8,No
CUST-01762,Male,0,No,No,31,Yes,No,Fiber optic,No,No,Yes,Yes,Yes,No,Month-to-month,Yes,Electronic check,18.02,540.14,No
CUST-01763,Male,0,Yes,Yes,13,Yes,Yes,No,No internet service,No internet service,No internet service,No internet service,No internet service,No internet service,Month-to-month,Yes,Electronic check,65.68,840.04,No
CUST-01764,Male,0,Yes,No,17,No,No phone service,Fiber optic,No,No,Yes,Yes,No,No,Month-to-month,Yes,Electronic check,108.24,1939.44,No
CUST-01765,Male,0,Yes,Yes,37,No,No phone service,Fiber optic,No,No,No,No,Yes,Yes,Two year,Yes,Mailed check,84.5,2930.3,No
CUST-01766,Female,0,Yes,No,33,Yes,No,No,No internet service,No internet service,No internet service,No internet service,No internet service,No internet service,Month-to-month,Yes,Credit card (automatic),88.33,2722.4,Yes
CUST-01767,Female,0,No,Yes,44,Yes,Yes,Fiber optic,No,No,No,No,Yes,No,Month-to-month,Yes,Credit card (automatic),97.25,4039.2,No
CUST-01768,Male,0,Yes,No,31,Yes,No,Fiber optic,Yes,No,No,Yes,No,No,Month-to-month,Yes,Mailed check,108.82,3191.89,Yes
CUST-01769,Male,1,Yes,Yes,66,Yes,No,No,No internet service,No internet service,No internet service,No internet service,No internet service,No internet service,One year,Yes,Electronic check,30.48,2182.18,No
CUST-01770,Male,0,Yes,Yes,62,Yes,Yes,No,No internet service,No internet service,No internet service,No internet service,No internet service,No internet service,Month-to-month,Yes,Bank transfer (automatic),77.02,4450.87,No
CUST-01771,Male,0,No,No,54,Yes,Yes,No,No internet service,No internet service,No internet service,No internet service,No internet service,No internet service,Month-to-month,Yes,Bank transfer (automatic),106.97,5675.87,No
CUST-01772,Male,0,Yes,No,42,Yes,Yes,Fiber optic,Yes,No,Yes,No,No,Yes,Month-to-month,Yes,Electronic check,95.59,3937.13,Yes
CUST-01773,Male,0,No,Yes,21,Yes,Yes,Fiber optic,No,Yes,No,Yes,No,Yes,One year,No,Credit card (automatic),42.89,833.6,No
CUST-01774,Female,0,No,No,67,Yes,Yes,No,No internet service,No internet service,No internet service,No internet service,No internet service,No internet service,One year,Yes,Bank transfer (automatic),105.46,6513.23,No
CUST-01775,Male,0,Yes,Yes,28,Yes,No,DSL,Yes,Yes,Yes,No,Yes,Yes,One year,Yes,Mailed check,47.41,1436.28,No
CUST-01776,Female,0,Yes,No,39,Yes,No,No,No internet service,No internet service,No internet service,No internet service,No internet service,No internet service,Month-to-month,No,Credit card (automatic),59.09,2459.54,No
CUST-01777,Female,1,Yes,No,44,Yes,No,No,No internet service,No internet service,No internet service,No internet service,No internet service,No internet service,Month-to-month,Yes,Electronic check,36.56,1748.02,No
CUST-01778,Male,0,Yes,Yes,9,Yes,No,No,No internet service,No internet service,No internet service,No internet service,No internet service,No internet service,Month-to-month,No,Mailed check,106.52,923.62,No
CUST-01779,Female,0,No,No,44,Yes,No,DSL,Yes,Yes,Yes,Yes,No,No,Month-to-month,Yes,Bank transfer (automatic),27.3,1207.57,No
CUST-01780,Female,0,No,Yes,16,Yes,Yes,No,No internet service,No internet service,No internet service,No internet service,No internet service,No internet service,Month-to-month,No,Electronic check,117.41,1786.8,Yes
CUST-01781,Female,0,No,No,1,Yes,Yes,Fiber optic,Yes,No,Yes,Yes,Yes,No,One year,Yes,Credit card (automatic),50.87,49.77,No
CUST-01782,Female,0,No,No,16,Yes,Yes,Fiber optic,Yes,No,No,No,Yes,No,Two year,Yes,Bank transfer (automatic),89.08,1509.13,No
CUST-01783,Female,0,No,No,37,Yes,Yes,No,No internet service,No internet service,No internet service,No internet service,No internet service,No internet service,Month-to-month,Yes,Mailed check,30.87,1136.77,No
CUST-01784,Female,0,No,No,36,Yes,No,Fiber optic,Yes,Yes,No,Yes,Yes,Yes,Month-to-month,No,Electronic check,66.79,2216.7,Yes
CUST-01785,Male,1,No,No,62,Yes,Yes,DSL,No,No,Yes,No,No,Yes,Month-to-month,No,Credit card (automatic),22.01,1229.03,No
CUST-01786,Female,0,No,Yes,4,Yes,No,Fiber optic,No,No,Yes,No,No,Yes,Month-to-month,No,Mailed check,105.84,401.02,No
CUST-01787,Female,0,No,No,24,Yes,No,DSL,Yes,Yes,Yes,No,No,Yes,Month-to-month,Yes,Mailed check,62.64,1408.11,No
CUST-01788,Female,1,No,No,21,Yes,Yes,Fiber optic,Yes,Yes,No,Yes,No,No,Month-to-month,No,Mailed check,92.28,2051.86,Yes
CUST-01789,Male,0,Yes,No,62,Yes,No,Fiber optic,No,No,Yes,Yes,Yes,No,Month-to-month,Yes,Mailed check,107.45,6883.91,Yes
CUST-01790,Female,0,Yes,No,34,Yes,Yes,Fiber optic,Yes,No,Yes,Yes,No,Yes,One year,Yes,Electronic check,24.86,902.43,No
CUST-01791,Male,1,Yes,Yes,54,Yes,Yes,DSL,Yes,Yes,No,No,No,Yes,One year,Yes,Bank transfer (automatic),69.14,3672.9,No
CUST-01792,Female,0,No,Yes,19,Yes,Yes,DSL,Yes,Yes,Yes,No,Yes,No,Month-to-month,No,Credit card (automatic),36.95,713.79,Yes
CUST-01793,Male,1,Yes,Yes,4,Yes,Yes,Fiber optic,No,Yes,Yes,No,Yes,Yes,Month-to-month,Yes,Credit card (automatic),24.9,97.95,No
CUST-01794,Male,0,No,Yes,38,Yes,Yes,Fiber optic,No,No,No,Yes,Yes,No,Month-to-month,Yes,Bank transfer (automatic),80.2,2877.67,No
CUST-01795,Female,0,No,Yes,62,Yes,No,Fiber optic,No,Yes,Yes,No,No,Yes,Two year,Yes,Mailed check,29.41,1871.17,No
CUST-01796,Female,1,Yes,No,31,Yes,No,Fiber optic,No,No,Yes,No,Yes,No,One year,Yes,Mailed check,67.19,2036.48,No
CUST-01797,Male,0,No,No,62,Yes,No,Fiber optic,No,Yes,Yes,No,No,No,Month-to-month,Yes,Mailed check,37.69,2219.63,Yes
CUST-01798,Female,0,Yes,Yes,39,Yes,Yes,No,No internet service,No internet service,No internet service,No internet service,No internet service,No internet service,One year,Yes,Credit card (automatic),37.77,1602.21,No
CUST-01799,Male,0,No,No,16,Yes,No,DSL,Yes,No,Yes,No,Yes,Yes,Month-to-month,Yes,Bank transfer (automatic),70.3,1036.57,No
CUST-01800,Male,1,No,Yes,31,Yes,No,DSL,No,No,No,Yes,No,No,Month-to-month,No,Electronic check,73.54,2405.94,No
CUST-01801,Male,0,Yes,No,22,Yes,No,DSL,No,No,Yes,No,No,Yes,One year,No,Bank transfer (automatic),18.35,407.7,No
CUST-01802,Male,0,Yes,No,59,Yes,Yes,DSL,Yes,Yes,Yes,No,No,Yes,Month-to-month,Yes,Bank transfer (automatic),68.08,4228.03,No
CUST-01803,Male,0,Yes,No,55,No,No phone service,No,No internet service,No internet service,No internet service,No internet service,No internet service,No internet service,Month-to-month,No,Mailed check,84.98,4290.52,No
CUST-01804,Female,0,Yes,No,8,Yes,No,No,No internet service,No internet service,No internet service,No internet service,No internet service,No internet service,Month-to-month,No,Mailed check,85.85,671.75,Yes
CUST-01805,Male,0,Yes,Yes,68,Yes,No,No,No internet service,No internet service,No internet service,No internet service,No internet service,No internet service,Two year,Yes,Credit card (automatic),102.99,7417.97,No
CUST-01806,Male,0,Yes,No,61,Yes,No,Fiber optic,No,No,Yes,Yes,No,No,One year,Yes,Electronic check,107.53,6972.67,Yes
CUST-01807,Female,0,No,No,63,Yes,No,Fiber optic,No,Yes,No,No,No,Yes,Month-to-month,No,Mailed check,80.29,5350.54,No
CUST-01808,Male,0,No,No,21,Yes,Yes,Fiber optic,No,Yes,No,Yes,No,No,One year,Yes,Credit card (automatic),66.18,1457.7,No
CUST-01809,Female,0,No,Yes,31,Yes,No,Fiber optic,No,No,No,No,Yes,No,Month-to-month,Yes,Credit card (automatic),38.41,1161.32,No
CUST-01810,Female,0,No,No,46,Yes,No,No,No internet service,No internet service,No internet service,No internet service,No internet service,No internet service,Two year,No,Credit card (automatic),30.68,1472.3,No
CUST-01811,Female,0,Yes,No,1,Yes,No,DSL,No,No,Yes,No,Yes,No,Month-to-month,No,Credit card (automatic),78.91,72.75,No
CUST-01812,Male,1,No,No,51,Yes,Yes,DSL,No,Yes,Yes,No,Yes,No,One year,Yes,Credit card (automatic),112.66,5357.95,No
CUST-01813,Male,0,No,Yes,13,Yes,Yes,No,No internet service,No internet service,No internet service,No internet service,No internet service,No internet service,Month-to-month,No,Mailed check,45.82,600.42,No
CUST-01814,Male,0,Yes,Yes,36,Yes,No,No,No internet service,No internet service,No internet service,No internet service,No internet service,No internet service,Month-to-month,Yes,Mailed check,27.95,1016.18,No
CUST-01815,Female,0,No,No,26,Yes,Yes,No,No internet service,No internet service,No internet service,No internet service,No internet service,No internet service,Month-to-month,Yes,Bank transfer (automatic),60.39,1561.28,Yes
CUST-01816,Male,0,Yes,Yes,23,Yes,Yes,Fiber optic,No,No,No,Yes,Yes,No,Month-to-month,Yes,Electronic check,18.05,434.66,Yes
CUST-01817,Female,0,Yes,Yes,63,Yes,Yes,No,No internet service,No internet service,No internet service,No internet service,No internet service,No internet service,Two year,Yes,Credit card (automatic),73.36,4680.67,No
CUST-01818,Male,0,Yes,Yes,69,Yes,No,DSL,Yes,Yes,Yes,Yes,No,No,Month-to-month,No,Electronic check,22.95,1446.0,No
CUST-01819,Female,0,No,Yes,25,Yes,Yes,DSL,Yes,No,No,No,Yes,Yes,Month-to-month,No,Credit card (automatic),111.1,2992.59,No
CUST-01820,Male,1,Yes,Yes,53,Yes,No,Fiber optic,Yes,Yes,No,No,Yes,No,Month-to-month,Yes,Bank transfer (automatic),104.99,5706.96,Yes
CUST-01821,Male,0,No,No,14,Yes,Yes,No,No internet service,No internet service,No internet service,No internet service,No internet service,No internet service,Two year,No,Credit card (automatic),29.49,445.51,No
CUST-01822,Male,0,No,Yes,28,Yes,Yes,DSL,Yes,No,No,Yes,Yes,Yes,Month-to-month,Yes,Credit card (automatic),32.69,902.42,No
CUST-01823,Female,0,No,Yes,27,Yes,No,Fiber optic,Yes,Yes,No,Yes,Yes,No,Two year,Yes,Bank transfer (automatic),113.34,2755.29,No
CUST-01824,Female,1,Yes,Yes,58,Yes,No,Fiber optic,Yes,Yes,Yes,No,Yes,Yes,Month-to-month,No,Mailed check,99.36,6065.65,No
CUST-01825,Male,0,Yes,No,20,Yes,Yes,Fiber optic,No,No,Yes,Yes,Yes,No,Month-to-month,Yes,Electronic check,112.2,2273.63,Yes
CUST-01826,Male,0,Yes,No,9,Yes,Yes,DSL,No,Yes,No,Yes,Yes,Yes,Month-to-month,Yes,Bank transfer (automatic),51.45,418.57,No
CUST-01827,Female,0,No,No,3,Yes,No,DSL,No,No,Yes,No,No,No,One year,Yes,Bank transfer (automatic),29.1,88.57,No
CUST-01828,Female,0,No,Yes,61,Yes,Yes,No,No internet service,No internet service,No internet service,No internet service,No internet service,No internet service,One year,Yes,Mailed check,79.54,5270.26,No
CUST-01829,Female,0,Yes,No,3,Yes,No,Fiber optic,No,No,Yes,Yes,Yes,Yes,Month-to-month,Yes,Credit card (automatic),114.67,323.97,No
CUST-01830,Male,0,No,No,5,Yes,No,Fiber optic,No,Yes,No,Yes,Yes,No,One year,No,Mailed check,31.0,148.23,No
CUST-01831,Female,1,Yes,Yes,71,Yes,No,Fiber optic,Yes,No,No,Yes,No,No,Two year,Yes,Credit card (automatic),99.89,7304.27,No
CUST-01832,Male,1,Yes,No,15,Yes,Yes,DSL,No,Yes,No,Yes,No,Yes,One year,No,Electronic check,53.96,861.35,No
CUST-01833,Female,0,No,No,37,No,No phone service,DSL,Yes,No,Yes,No,Yes,No,One year,No,Electronic check,29.55,1124.34,No
CUST-01834,Male,1,No,No,48,Yes,No,DSL,No,No,No,No,No,No,Month-to-month,Yes,Electronic check,63.9,3172.53,No
CUST-01835,Female,0,Yes,No,60,Yes,Yes,DSL,No,Yes,Yes,No,No,No,Month-to-month,Yes,Mailed check,66.87,3873.13,No
CUST-01836,Female,0,No,No,64,Yes,No,DSL,No,No,No,Yes,No,No,Month-to-month,Yes,Electronic check,18.91,1091.64,No
CUST-01837,Female,0,Yes,Yes,49,Yes,Yes,Fiber optic,No,Yes,No,Yes,Yes,No,Month-to-month,No,Mailed check,65.45,3425.04,No
CUST-01838,Female,0,Yes,No,16,Yes,Yes,No,No internet service,No internet service,No internet service,No internet service,No internet service,No internet service,Two year,Yes,Electronic check,82.75,1455.14,No
CUST-01839,Female,1,No,Yes,27,Yes,Yes,No,No internet service,No internet service,No internet service,No internet service,No internet service,No internet service,Two year,Yes,Mailed check,94.47,2737.61,No
CUST-01840,Male,0,Yes,No,43,Yes,Yes,No,No internet service,No internet service,No internet service,No internet service,No internet service,No internet service,Two year,Yes,Electronic check,27.86,1173.42,No
CUST-01841,Female,0,No,Yes,11,Yes,No,Fiber optic,No,Yes,No,No,Yes,Yes,Two year,No,Bank transfer (automatic),105.65,1127.71,No
CUST-01842,Female,0,Yes,No,69,Yes,Yes,DSL,Yes,Yes,Yes,Yes,No,Yes,Two year,No,Mailed check,34.77,2619.79,No
CUST-01843,Female,0,No,No,70,Yes,No,Fiber optic,No,Yes,Yes,Yes,Yes,No,Month-to-month,No,Bank transfer (automatic),83.83,6441.29,No
CUST-01844,Male,0,No,No,71,Yes,Yes,DSL,No,Yes,No,No,Yes,No,Month-to-month,No,Electronic check,73.26,5318.22,Yes
CUST-01845,Female,0,Yes,Yes,2,Yes,No,Fiber optic,No,No,No,No,No,No,Two year,Yes,Mailed check,106.0,212.61,No
CUST-01846,Male,0,No,No,48,Yes,Yes,DSL,Yes,Yes,No,No,Yes,No,Month-to-month,No,Electronic check,21.86,1052.71,No
CUST-01847,Female,1,No,No,20,Yes,No,DSL,Yes,Yes,No,Yes,No,Yes,Month-to-month,No,Mailed check,37.16,698.88,No
CUST-01848,Female,0,Yes,Yes,7,Yes,Yes,DSL,Yes,No,Yes,No,Yes,Yes,Month-to-month,Yes,Credit card (automatic),30.2,221.05,Yes
CUST-01849,Male,0,No,No,63,Yes,No,No,No internet service,No internet service,No internet service,No internet service,No internet service,No internet service,Month-to-month,No,Bank transfer (automatic),50.76,2987.5,No
CUST-01850,Female,1,Yes,Yes,58,Yes,Yes,No,No internet service,No internet service,No internet service,No internet service,No internet service,No internet service,Month-to-month,No,Credit card (automatic),51.88,2834.29,No
CUST-01851,Male,0,No,No,29,No,No phone service,DSL,Yes,No,Yes,Yes,No,Yes,Two year,Yes,Electronic check,26.86,806.07,No
CUST-01852,Male,0,Yes,Yes,31,Yes,Yes,Fiber optic,No,No,Yes,Yes,Yes,No,Two year,No,Mailed check,69.43,2311.29,No
CUST-01853,Female,0,Yes,Yes,19,Yes,No,DSL,No,No,No,Yes,No,No,One year,Yes,Bank transfer (automatic),29.62,581.46,No
CUST-01854,Male,0,Yes,No,15,Yes,No,DSL,No,Yes,No,No,Yes,No,Month-to-month,No,Bank transfer (automatic),25.44,379.69,No
CUST-01855,Female,0,Yes,No,24,Yes,Yes,DSL,No,Yes,Yes,Yes,Yes,No,Month-to-month,No,Bank transfer (automatic),21.32,531.66,No
CUST-01856,Female,0,No,Yes,59,Yes,No,Fiber optic,Yes,No,No,No,Yes,Yes,Month-to-month,No,Electronic check,110.91,6484.78,No
CUST-01857,Male,0,Yes,No,44,Yes,Yes,Fiber optic,Yes,No,Yes,Yes,No,No,One year,Yes,Electronic check,57.67,2615.74,No
CUST-01858,Male,0,No,Yes,8,Yes,Yes,Fiber optic,No,No,Yes,No,No,Yes,One year,Yes,Bank transfer (automatic),46.37,391.76,No
CUST-01859,Male,0,Yes,Yes,50,Yes,Yes,No,No internet service,No internet service,No internet service,No internet service,No internet service,No internet service,Month-to-month,Yes,Mailed check,66.23,2990.08,Yes
CUST-01860,Male,0,No,No,60,Yes,No,Fiber optic,Yes,No,Yes,No,Yes,No,Two year,Yes,Electronic check,33.77,1912.32,No
CUST-01861,Female,0,Yes,Yes,39,Yes,No,No,No internet service,No internet service,No internet service,No internet service,No internet service,No internet service,Month-to-month,Yes,Electronic check,58.62,2379.04,No
CUST-01862,Female,0,No,No,60,Yes,Yes,Fiber optic,Yes,No,No,Yes,Yes,No,Month-to-month,No,Electronic check,37.05,2179.16,No
CUST-01863,Male,0,No,No,66,Yes,No,No,No internet service,No internet service,No internet service,No internet service,No internet service,No internet service,Month-to-month,Yes,Credit card (automatic),48.44,3211.2,Yes
CUST-01864,Female,0,Yes,No,14,Yes,No,Fiber optic,Yes,No,Yes,No,No,Yes,Two year,No,Bank transfer (automatic),110.42,1603.08,No
CUST-01865,Female,0,Yes,No,52,No,No phone service,Fiber optic,Yes,No,Yes,Yes,Yes,Yes,Month-to-month,Yes,Mailed check,32.87,1718.31,No
CUST-01866,Female,1,Yes,Yes,3,Yes,Yes,Fiber optic,No,No,No,Yes,No,Yes,Month-to-month,Yes,Electronic check,65.38,209.36,Yes
CUST-01867,Female,0,No,No,22,Yes,No,DSL,No,No,Yes,Yes,No,No,One year,Yes,Mailed check,84.09,1805.27,No
CUST-01868,Male,0,No,No,26,Yes,Yes,DSL,No,Yes,Yes,Yes,No,Yes,Month-to-month,No,Electronic check,109.8,2964.3,No
CUST-01869,Male,0,No,Yes,36,Yes,Yes,DSL,No,No,No,No,Yes,No,Two year,No,Electronic check,110.3,3911.55,No
CUST-01870,Female,1,No,No,42,Yes,No,Fiber optic,Yes,No,No,Yes,No,Yes,Month-to-month,Yes,Mailed check,42.73,1805.18,No
CUST-01871,Male,0,Yes,No,36,Yes,No,DSL,Yes,No,No,No,Yes,Yes,Month-to-month,Yes,Mailed check,112.32,3731.15,No
CUST-01872,Male,0,Yes,No,28,Yes,No,Fiber optic,No,Yes,No,No,No,Yes,One year,Yes,Mailed check,51.14,1526.85,Yes
CUST-01873,Male,1,Yes,No,28,No,No phone service,No,No internet service,No internet service,No internet service,No internet service,No internet service,No internet service,Month-to-month,No,Bank transfer (automatic),107.49,2901.33,No
CUST-01874,Female,0,Yes,Yes,48,Yes,Yes,No,No internet service,No internet service,No internet service,No internet service,No internet service,No internet service,Month-to-month,No,Mailed check,27.32,1259.22,No
CUST-01875,Female,0,No,No,50,Yes,No,Fiber optic,No,No,Yes,Yes,No,Yes,Two year,No,Mailed check,37.84,1736.39,No
CUST-01876,Female,0,No,No,49,Yes,No,DSL,No,Yes,No,Yes,No,No,Month-to-month,Yes,Mailed check,25.9,1270.72,Yes
CUST-01877,Male,0,Yes,No,27,Yes,Yes,DSL,Yes,Yes,No,Yes,No,Yes,Two year,No,Mailed check,47.9,1272.07,No
CUST-01878,Female,0,No,Yes,4,Yes,No,DSL,No,Yes,Yes,Yes,Yes,No,One year,Yes,Mailed check,105.39,387.75,No
CUST-01879,Female,0,Yes,No,55,Yes,No,Fiber optic,No,Yes,No,Yes,Yes,Yes,Month-to-month,Yes,Mailed check,33.93,1960.04,Yes
CUST-01880,Male,0,No,No,63,Yes,Yes,No,No internet service,No internet service,No internet service,No internet service,No internet service,No internet service,Month-to-month,Yes,Mailed check,40.48,2329.09,No
CUST-01881,Female,0,No,No,16,Yes,Yes,DSL,No,Yes,Yes,No,No,No,Month-to-month,Yes,Electronic check,39.62,588.92,Yes
CUST-01882,Female,0,No,No,54,Yes,No,Fiber optic,Yes,No,Yes,Yes,No,Yes,Month-to-month,Yes,Mailed check,45.47,2436.08,Yes
CUST-01883,Male,0,No,No,8,Yes,No,Fiber optic,No,Yes,Yes,No,Yes,No,Month-to-month,Yes,Mailed check,19.87,154.44,No
CUST-01884,Male,0,No,No,67,Yes,Yes,DSL,Yes,No,No,No,No,Yes,One year,Yes,Credit card (automatic),60.38,3863.83,No
CUST-01885,Male,0,No,No,15,Yes,Yes,No,No internet service,No internet service,No internet service,No internet service,No internet service,No internet service,Month-to-month,No,Mailed check,115.63,1756.63,No
CUST-01886,Female,0,Yes,Yes,15,Yes,Yes,Fiber optic,No,No,No,Yes,Yes,No,Month-to-month,Yes,Credit card (automatic),62.81,946.73,No
CUST-01887,Female,1,No,No,12,Yes,Yes,No,No internet service,No internet service,No internet service,No internet service,No internet service,No internet service,Month-to-month,Yes,Mailed check,99.33,1175.85,Yes
CUST-01888,Female,0,Yes,No,62,Yes,No,Fiber optic,Yes,Yes,No,No,No,Yes,Month-to-month,No,Mailed check,75.14,4916.01,No
CUST-01889,Male,0,Yes,No,40,Yes,Yes,DSL,No,No,Yes,No,Yes,No,Month-to-month,Yes,Electronic check,19.49,779.31,No
CUST-01890,Male,0,Yes,No,52,Yes,Yes,DSL,Yes,No,No,Yes,No,Yes,Two year,No,Credit card (automatic),76.55,4361.78,No
CUST-01891,Female,0,Yes,No,67,Yes,No,DSL,Yes,No,No,No,No,No,Month-to-month,No,Bank transfer (automatic),112.65,8003.14,No
CUST-01892,Female,0,Yes,No,8,No,No phone service,Fiber optic,No,Yes,No,No,No,No,Month-to-month,Yes,Mailed check,73.35,540.61,Yes
CUST-01893,Male,0,Yes,Yes,50,No,No phone service,No,No internet service,No internet service,No internet service,No internet service,No internet service,No internet service,One year,No,Electronic check,70.79,3379.49,No
CUST-01894,Male,0,No,Yes,47,Yes,Yes,Fiber optic,Yes,No,Yes,No,No,No,Month-to-month,Yes,Bank transfer (automatic),85.02,4024.61,No
CUST-01895,Male,0,No,No,48,Yes,No,Fiber optic,No,No,Yes,Yes,No,Yes,Two year,Yes,Credit card (automatic),105.09,5012.93,No
CUST-01896,Male,0,No,No,17,Yes,Yes,Fiber optic,No,Yes,Yes,No,No,Yes,Month-to-month,Yes,Mailed check,74.48,1151.44,No
CUST-01897,Female,0,Yes,No,9,Yes,Yes,Fiber optic,No,Yes,Yes,Yes,No,Yes,Two year,Yes,Electronic check,58.64,530.73,Yes
CUST-01898,Male,1,Yes,No,53,Yes,No,DSL,Yes,Yes,Yes,No,No,Yes,Month-to-month,Yes,Bank transfer (automatic),21.71,1174.88,No
CUST-01899,Female,0,Yes,No,14,No,No phone service,DSL,Yes,Yes,Yes,No,No,Yes,Month-to-month,Yes,Bank transfer (automatic),29.11,404.55,No
CUST-01900,Female,0,No,No,10,Yes,No,DSL,No,Yes,Yes,No,No,No,Two year,Yes,Bank transfer (automatic),82.87,889.38,No
CUST-01901,Female,0,No,No,39,Yes,No,Fiber optic,Yes,No,No,No,Yes,Yes,Month-to-month,No,Bank transfer (automatic),79.89,3150.97,Yes
CUST-01902,Male,0,No,No,46,Yes,Yes,Fiber optic,No,No,No,Yes,No,Yes,Month-to-month,No,Bank transfer (automatic),41.9,2037.82,No
CUST-01903,Male,0,Yes,No,19,Yes,Yes,DSL,Yes,No,No,Yes,Yes,No,Month-to-month,Yes,Electronic check,89.89,1737.57,No
CUST-01904,Male,0,Yes,No,21,Yes,Yes,No,No internet service,No internet service,No internet service,No internet service,No internet service,No internet service,One year,No,Mailed check,45.97,1044.4,No
CUST-01905,Male,0,Yes,No,47,Yes,No,DSL,Yes,No,No,Yes,No,No,Month-to-month,Yes,Credit card (automatic),48.5,2149.2,No
CUST-01906,Female,0,No,No,15,Yes,No,DSL,Yes,Yes,No,Yes,No,Yes,One year,Yes,Bank transfer (automatic),24.14,386.12,No
CUST-01907,Male,0,Yes,No,4,Yes,No,Fiber optic,Yes,Yes,Yes,Yes,Yes,No,Month-to-month,No,Electronic check,73.03,289.08,No
CUST-01908,Male,0,Yes,No,64,Yes,Yes,Fiber optic,No,No,No,Yes,No,No,Month-to-month,No,Mailed check,46.77,3111.56,No
CUST-01909,Female,1,Yes,No,20,Yes,No,No,No internet service,No internet service,No internet service,No internet service,No internet service,No internet service,Month-to-month,No,Electronic check,99.89,2024.21,Yes
CUST-01910,Male,0,Yes,Yes,60,Yes,No,Fiber optic,No,No,Yes,Yes,No,Yes,Month-to-month,No,Credit card (automatic),98.15,5428.31,Yes
CUST-01911,Female,0,No,No,54,Yes,No,DSL,No,Yes,Yes,No,Yes,No,Month-to-month,Yes,Electronic check,30.84,1644.24,No
CUST-01912,Female,0,No,No,23,No,No phone service,No,No internet service,No internet service,No internet service,No internet service,No internet service,No internet service,Two year,No,Bank transfer (automatic),34.0,809.19,No
CUST-01913,Female,0,Yes,No,22,No,No phone service,No,No internet service,No internet service,No internet service,No internet service,No internet service,No internet service,Month-to-month,No,Mailed check,50.1,1190.02,No
CUST-01914,Female,1,Yes,No,10,Yes,Yes,No,No internet service,No internet service,No internet service,No internet service,No internet service,No internet service,One year,No,Electronic check,76.09,718.06,No
CUST-01915,Female,0,No,Yes,46,Yes,No,No,No internet service,No internet service,No internet service,No internet service,No internet service,No internet service,Month-to-month,Yes,Mailed check,52.25,2333.89,No
CUST-01916,Female,0,No,Yes,1,Yes,No,DSL,No,Yes,No,Yes,No,No,Month-to-month,No,Bank transfer (automatic),53.03,51.55,Yes
CUST-01917,Female,0,Yes,No,69,No,No phone service,No,No internet service,No internet service,No internet service,No internet service,No internet service,No internet service,Month-to-month,No,Credit card (automatic),32.01,2219.45,No
CUST-01918,Female,0,No,Yes,52,Yes,Yes,No,No internet service,No internet service,No internet service,No internet service,No internet service,No internet service,Month-to-month,Yes,Credit card (automatic),51.56,2875.77,No
CUST-01919,Male,0,No,No,10,Yes,No,Fiber optic,No,No,No,No,Yes,Yes,Two year,No,Mailed check,65.04,636.81,No
CUST-01920,Male,0,Yes,Yes,14,Yes,No,Fiber optic,No,Yes,No,Yes,Yes,No,Month-to-month,No,Bank transfer (automatic),116.47,1515.4,No
CUST-01921,Male,1,No,No,11,Yes,No,Fiber optic,Yes,No,Yes,Yes,Yes,No,Month-to-month,Yes,Credit card (automatic),101.8,1121.27,No
CUST-01922,Male,0,No,Yes,35,Yes,Yes,DSL,No,Yes,No,No,No,No,One year,Yes,Electronic check,97.3,3090.61,No
CUST-01923,Female,0,No,No,22,Yes,Yes,Fiber optic,No,Yes,No,Yes,No,Yes,Month-to-month,No,Mailed check,73.98,1576.93,Yes
CUST-01924,Male,0,No,No,26,Yes,Yes,No,No internet service,No internet service,No internet service,No internet service,No internet service,No internet service,Two year,Yes,Mailed check,54.01,1408.26,No
CUST-01925,Female,0,Yes,Yes,13,Yes,Yes,Fiber optic,No,Yes,Yes,No,No,No,Month-to-month,No,Bank transfer (automatic),103.69,1352.74,Yes
CUST-01926,Male,0,No,No,53,Yes,No,Fiber optic,Yes,No,No,Yes,Yes,Yes,Month-to-month,No,Bank transfer (automatic),52.74,2973.85,No
CUST-01927,Male,0,No,No,26,Yes,No,Fiber optic,No,No,Yes,Yes,No,No,Month-to-month,Yes,Credit card (automatic),77.28,2130.29,No
CUST-01928,Male,1,Yes,No,20,Yes,No,DSL,No,No,Yes,Yes,No,No,One year,Yes,Mailed check,43.72,836.39,No
CUST-01929,Female,0,No,Yes,48,Yes,Yes,Fiber optic,No,Yes,Yes,No,Yes,No,Month-to-month,Yes,Electronic check,95.64,4408.05,No
CUST-01930,Male,0,Yes,No,61,Yes,Yes,Fiber optic,No,Yes,No,Yes,Yes,Yes,Month-to-month,Yes,Electronic check,69.45,4644.56,No
CUST-01931,Female,0,Yes,No,71,No,No phone service,DSL,Yes,No,No,Yes,No,No,Month-to-month,No,Electronic check,107.52,7468.24,No
CUST-01932,Female,0,No,No,43,Yes,Yes,No,No internet service,No internet service,No internet service,No internet service,No internet service,No internet service,Month-to-month,No,Electronic check,74.89,2990.23,No
CUST-01933,Male,0,No,No,43,Yes,Yes,No,No internet service,No internet service,No internet service,No internet service,No internet service,No internet service,Month-to-month,Yes,Bank transfer (automatic),34.43,1526.96,No
CUST-01934,Male,0,No,No,60,Yes,No,DSL,No,No,Yes,No,No,Yes,One year,Yes,Credit card (automatic),117.29,6676.4,No
CUST-01935,Male,0,No,No,41,Yes,Yes,Fiber optic,Yes,No,Yes,No,Yes,No,One year,Yes,Bank transfer (automatic),68.2,2854.02,Yes
CUST-01936,Female,0,No,No,22,Yes,Yes,Fiber optic,Yes,No,No,Yes,No,Yes,Month-to-month,Yes,Electronic check,43.07,1008.43,No
CUST-01937,Male,1,Yes,Yes,0,Yes,No,Fiber optic,Yes,No,Yes,Yes,Yes,No,Month-to-month,Yes,Electronic check,50.93,0.0,Yes
CUST-01938,Female,1,No,No,35,Yes,No,Fiber optic,No,Yes,No,No,No,Yes,Two year,No,Credit card (automatic),30.12,1044.0,Yes
CUST-01939,Female,0,Yes,No,54,Yes,No,Fiber optic,No,No,Yes,Yes,Yes,No,One year,No,Mailed check,25.39,1338.96,No
CUST-01940,Male,0,No,No,15,Yes,Yes,DSL,Yes,Yes,Yes,No,Yes,Yes,Month-to-month,Yes,Bank transfer (automatic),63.06,1040.37,No
CUST-01941,Male,0,Yes,No,17,No,No phone service,DSL,Yes,Yes,No,Yes,Yes,Yes,One year,Yes,Credit card (automatic),113.19,2005.68,No
CUST-01942,Female,0,No,No,37,Yes,No,DSL,Yes,Yes,Yes,Yes,Yes,Yes,Month-to-month,Yes,Electronic check,30.3,1027.46,Yes
CUST-01943,Female,0,No,Yes,66,No,No phone service,Fiber optic,Yes,Yes,Yes,No,Yes,Yes,Two year,Yes,Electronic check,108.27,6757.94,No
CUST-01944,Female,0,No,No,19,Yes,Yes,DSL,Yes,No,No,Yes,Yes,No,Month-to-month,Yes,Mailed check,97.67,1728.52,No
CUST-01945,Male,0,No,No,18,No,No phone service,Fiber optic,No,No,No,Yes,No,Yes,Month-to-month,No,Credit card (automatic),98.64,1603.37,No
CUST-01946,Female,0,No,Yes,12,Yes,No,DSL,No,No,No,No,Yes,No,Month-to-month,Yes,Credit card (automatic),89.0,1028.67,Yes
CUST-01947,Male,0,Yes,No,16,Yes,Yes,Fiber optic,Yes,No,Yes,Yes,No,Yes,One year,No,Electronic check,77.18,1191.53,No
CUST-01948,Female,0,No,No,29,Yes,Yes,DSL,No,Yes,No,Yes,Yes,No,Two year,No,Mailed check,30.14,827.73,No
CUST-01949,Female,0,No,No,42,Yes,Yes,DSL,No,Yes,No,Yes,Yes,No,Month-to-month,No,Bank transfer (automatic),75.57,3207.65,Yes
CUST-01950,Male,0,No,No,47,Yes,No,No,No internet service,No internet service,No internet service,No internet service,No internet service,No internet service,Month-to-month,No,Electronic check,53.2,2359.6,No
CUST-01951,Female,0,Yes,No,42,Yes,Yes,Fiber optic,No,No,Yes,No,No,Yes,Two year,No,Electronic check,28.53,1303.96,No
CUST-01952,Male,0,No,No,65,Yes,No,Fiber optic,No,Yes,No,No,Yes,Yes,One year,Yes,Mailed check,98.38,6692.01,No
CUST-01953,Male,1,Yes,No,52,Yes,No,Fiber optic,Yes,Yes,Yes,No,No,No,Two year,Yes,Mailed check,72.65,3491.75,No
CUST-01954,Female,0,No,No,71,Yes,No,No,No internet service,No internet service,No internet service,No internet service,No internet service,No internet service,Month-to-month,No,Credit card (automatic),92.5,6263.9,No
CUST-01955,Male,0,Yes,Yes,33,Yes,Yes,Fiber optic,No,Yes,Yes,No,Yes,Yes,Month-to-month,Yes,Electronic check,65.95,2386.34,Yes
CUST-01956,Male,0,No,No,71,No,No phone service,DSL,No,Yes,Yes,Yes,Yes,Yes,Month-to-month,Yes,Bank transfer (automatic),73.17,4883.56,No
CUST-01957,Female,1,No,Yes,70,No,No phone service,No,No internet service,No internet service,No internet service,No internet service,No internet service,No internet service,Month-to-month,No,Electronic check,89.23,5767.6,No
CUST-01958,Male,0,Yes,No,12,Yes,No,DSL,No,Yes,Yes,No,Yes,No,Month-to-month,Yes,Mailed check,42.69,484.85,No
CUST-01959,Male,0,No,No,55,Yes,Yes,No,No internet service,No internet service,No internet service,No internet service,No internet service,No internet service,Two year,No,Bank transfer (automatic),102.7,5890.09,No
CUST-01960,Male,1,Yes,No,58,Yes,No,Fiber optic,No,Yes,Yes,Yes,Yes,Yes,Month-to-month,Yes,Electronic check,60.09,3497.68,No
CUST-01961,Female,0,No,No,31,Yes,Yes,DSL,No,Yes,Yes,Yes,No,Yes,Two year,Yes,Credit card (automatic),88.85,2516.13,No
CUST-01962,Male,1,No,Yes,53,Yes,No,No,No internet service,No internet service,No internet service,No internet service,No internet service,No internet service,Two year,No,Bank transfer (automatic),50.61,2608.18,No
CUST-01963,Female,1,Yes,No,1,Yes,Yes,DSL,Yes,No,Yes,No,No,No,One year,Yes,Mailed check,88.25,80.95,Yes
CUST-01964,Female,1,No,No,36,Yes,No,DSL,Yes,Yes,Yes,No,Yes,No,Two year,Yes,Credit card (automatic),22.35,770.92,No
CUST-01965,Male,0,Yes,No,32,Yes,No,Fiber optic,No,Yes,Yes,No,No,Yes,One year,No,Credit card (automatic),110.93,3316.16,No
CUST-01966,Male,0,Yes,No,0,Yes,No,Fiber optic,No,No,No,Yes,No,No,Month-to-month,No,Credit card (automatic),96.69,0.0,Yes
CUST-01967,Male,0,No,No,27,Yes,Yes,DSL,Yes,No,No,No,No,Yes,One year,Yes,Mailed check,84.48,2407.86,No
CUST-01968,Female,0,No,No,16,Yes,Yes,Fiber optic,No,Yes,No,No,Yes,Yes,Two year,No,Mailed check,50.39,851.95,No
CUST-01969,Male,0,No,No,56,Yes,Yes,No,No internet service,No internet service,No internet service,No internet service,No internet service,No internet service,Two year,Yes,Electronic check,102.26,5992.75,No
CUST-01970,Male,0,Yes,No,69,Yes,No,DSL,Yes,Yes,Yes,Yes,No,Yes,Two year,No,Credit card (automatic),94.77,6785.33,No
CUST-01971,Male,0,Yes,No,51,Yes,No,Fiber optic,Yes,Yes,No,No,No,No,Month-to-month,Yes,Bank transfer (automatic),63.31,3064.25,No
CUST-01972,Male,0,No,No,43,Yes,Yes,No,No internet service,No internet service,No internet service,No internet service,No internet service,No internet service,One year,No,Bank transfer (automatic),37.74,1603.58,No
CUST-01973,Male,0,Yes,No,46,Yes,Yes,No,No internet service,No internet service,No internet service,No internet service,No internet service,No internet service,Month-to-month,Yes,Credit card (automatic),35.55,1622.23,No
CUST-01974,Female,0,Yes,Yes,12,Yes,Yes,DSL,Yes,No,No,No,No,No,Month-to-month,Yes,Mailed check,66.82,807.43,Yes
CUST-01975,Female,0,Yes,No,29,Yes,No,Fiber optic,No,Yes,No,Yes,No,No,Month-to-month,Yes,Electronic check,96.34,2992.98,Yes
CUST-01976,Male,0,Yes,Yes,65,Yes,Yes,No,No internet service,No internet service,No internet service,No internet service,No internet service,No internet service,Month-to-month,Yes,Mailed check,89.45,6266.16,No
CUST-01977,Male,0,No,Yes,52,Yes,Yes,No,No internet service,No internet service,No internet service,No internet service,No internet service,No internet service,Two year,No,Mailed check,67.36,3303.8,No
CUST-01978,Male,0,No,Yes,17,Yes,No,DSL,Yes,Yes,Yes,No,No,No,Two year,Yes,Credit card (automatic),38.44,644.59,Yes
CUST-01979,Male,0,No,Yes,27,Yes,Yes,DSL,Yes,No,No,No,No,No,Month-to-month,Yes,Credit card (automatic),41.92,1052.16,No
CUST-01980,Female,0,Yes,No,3,Yes,Yes,DSL,Yes,Yes,Yes,Yes,Yes,Yes,One year,Yes,Electronic check,23.76,73.39,No
CUST-01981,Male,0,Yes,Yes,41,Yes,Yes,Fiber optic,No,Yes,Yes,Yes,No,Yes,Month-to-month,Yes,Credit card (automatic),35.68,1483.97,No
CUST-01982,Female,0,Yes,Yes,5,Yes,Yes,DSL,No,Yes,No,Yes,Yes,No,Two year,No,Mailed check,19.28,103.16,No
CUST-01983,Female,0,Yes,Yes,8,Yes,Yes,No,No internet service,No internet service,No internet service,No internet service,No internet service,No internet service,One year,Yes,Bank transfer (automatic),85.45,686.18,Yes
CUST-01984,Male,1,No,Yes,19,Yes,No,DSL,No,No,Yes,Yes,Yes,No,One year,No,Credit card (automatic),76.82,1541.64,Yes
CUST-01985,Female,0,Yes,Yes,37,Yes,Yes,No,No internet service,No internet service,No internet service,No internet service,No internet service,No internet service,Two year,Yes,Electronic check,116.8,4164.37,No
CUST-01986,Female,0,Yes,No,67,Yes,Yes,DSL,Yes,No,No,Yes,No,No,One year,Yes,Electronic check,94.28,6562.17,No
CUST-01987,Female,0,No,No,49,Yes,Yes,Fiber optic,No,No,No,No,No,Yes,Month-to-month,Yes,Mailed check,42.62,1896.32,No
CUST-01988,Female,0,No,No,59,Yes,Yes,Fiber optic,No,Yes,Yes,No,Yes,No,Month-to-month,Yes,Credit card (automatic),88.79,4873.51,No
CUST-01989,Male,0,No,No,12,Yes,No,Fiber optic,Yes,Yes,No,Yes,No,Yes,Two year,No,Electronic check,19.22,228.19,No
CUST-01990,Male,0,Yes,Yes,41,Yes,Yes,Fiber optic,Yes,Yes,Yes,No,Yes,Yes,One year,Yes,Mailed check,116.62,5151.4,No
CUST-01991,Female,0,Yes,Yes,67,Yes,No,Fiber optic,No,Yes,No,Yes,No,Yes,One year,No,Mailed check,79.44,5732.43,No
CUST-01992,Male,0,Yes,Yes,24,Yes,Yes,DSL,No,No,No,No,No,No,Month-to-month,Yes,Credit card (automatic),29.97,733.49,No
CUST-01993,Male,0,Yes,No,30,Yes,Yes,DSL,No,No,No,Yes,Yes,No,Month-to-month,No,Credit card (automatic),67.85,1884.83,Yes
CUST-01994,Male,0,Yes,Yes,11,Yes,Yes,Fiber optic,No,No,No,Yes,No,Yes,Month-to-month,No,Credit card (automatic),112.06,1277.27,No
CUST-01995,Male,0,Yes,No,63,Yes,No,DSL,Yes,Yes,Yes,Yes,Yes,No,Month-to-month,Yes,Mailed check,102.97,6067.89,No
CUST-01996,Male,1,No,Yes,60,Yes,Yes,DSL,Yes,Yes,Yes,Yes,Yes,No,Two year,Yes,Mailed check,47.89,2787.47,No
CUST-01997,Female,0,Yes,Yes,52,Yes,Yes,DSL,Yes,Yes,Yes,No,Yes,Yes,Month-to-month,Yes,Bank transfer (automatic),57.61,2884.39,No
CUST-01998,Male,0,No,No,25,Yes,Yes,Fiber optic,Yes,No,No,No,No,No,Month-to-month,Yes,Mailed check,103.36,2782.69,Yes
CUST-01999,Male,0,No,No,60,Yes,Yes,Fiber optic,Yes,Yes,Yes,No,Yes,Yes,Month-to-month,No,Electronic check,108.0,6730.87,No
CUST-02000,Male,0,No,No,9,Yes,Yes,DSL,Yes,No,Yes,Yes,No,No,Two year,No,Mailed check,109.46,900.63,No
CUST-02001,Male,0,Yes,No,11,Yes,No,DSL,Yes,Yes,Yes,Yes,Yes,No,Month-to-month,No,Credit card (automatic),112.79,1325.9,No
CUST-02002,Female,0,Yes,No,21,Yes,Yes,Fiber optic,Yes,No,Yes,No,Yes,Yes,Month-to-month,Yes,Mailed check,68.05,1409.16,Yes
CUST-02003,Female,0,No,No,52,Yes,No,Fiber optic,No,Yes,Yes,Yes,Yes,No,Month-to-month,No,Credit card (automatic),104.15,5691.75,Yes
CUST-02004,Female,0,Yes,No,20,Yes,No,Fiber optic,No,Yes,No,No,Yes,Yes,Month-to-month,Yes,Mailed check,52.7,1112.32,Yes
CUST-02005,Female,0,Yes,Yes,34,Yes,No,No,No internet service,No internet service,No internet service,No internet service,No internet service,No internet service,Two year,Yes,Bank transfer (automatic),101.81,3806.78,Yes
CUST-02006,Male,0,No,No,70,Yes,Yes,Fiber optic,No,No,Yes,Yes,Yes,No,Two year,No,Mailed check,52.75,3579.47,No
CUST-02007,Female,1,Yes,No,26,Yes,No,Fiber optic,Yes,No,No,Yes,Yes,No,One year,Yes,Mailed check,78.83,2198.97,No
CUST-02008,Male,0,Yes,No,59,Yes,Yes,Fiber optic,Yes,No,Yes,No,No,No,Month-to-month,No,Electronic check,64.85,3663.0,No
CUST-02009,Male,0,Yes,No,46,Yes,No,Fiber optic,No,No,No,Yes,Yes,Yes,Month-to-month,Yes,Bank transfer (automatic),107.29,5424.47,No
CUST-02010,Male,0,Yes,No,65,Yes,Yes,DSL,Yes,No,Yes,No,Yes,Yes,Month-to-month,No,Credit card (automatic),24.65,1573.49,No
CUST-02011,Male,0,No,No,14,Yes,Yes,Fiber optic,No,No,Yes,Yes,Yes,No,Month-to-month,No,Electronic check,112.88,1630.95,Yes
CUST-02012,Male,1,No,No,23,Yes,Yes,Fiber optic,Yes,No,Yes,No,No,No,Month-to-month,Yes,Mailed check,64.21,1622.89,Yes
CUST-02013,Female,0,Yes,No,9,Yes,Yes,Fiber optic,Yes,No,No,No,No,Yes,Month-to-month,Yes,Electronic check,66.14,559.59,Yes
CUST-02014,Female,0,Yes,No,23,Yes,Yes,DSL,No,No,Yes,No,No,No,Month-to-month,No,Credit card (automatic),100.78,2375.42,No
CUST-02015,Female,0,Yes,No,56,Yes,No,Fiber optic,No,No,No,Yes,No,Yes,Month-to-month,Yes,Credit card (automatic),84.62,5211.05,No
CUST-02016,Female,0,No,Yes,33,Yes,Yes,No,No internet service,No internet service,No internet service,No internet service,No internet service,No internet service,Month-to-month,Yes,Electronic check,113.37,4073.4,No
CUST-02017,Male,0,Yes,No,40,Yes,No,Fiber optic,No,No,Yes,No,No,No,Month-to-month,No,Bank transfer (automatic),72.66,2744.07,No
CUST-02018,Female,0,Yes,Yes,39,No,No phone service,DSL,No,No,Yes,No,Yes,Yes,One year,No,Credit card (automatic),73.87,2649.72,No
CUST-02019,Male,0,No,No,10,Yes,Yes,Fiber optic,No,No,Yes,No,Yes,No,Month-to-month,Yes,Bank transfer (automatic),115.17,1134.67,Yes
CUST-02020,Female,1,Yes,No,0,Yes,Yes,No,No internet service,No internet service,No internet service,No internet service,No internet service,No internet service,One year,No,Credit card (automatic),110.64,0.0,No
CUST-02021,Male,0,No,No,29,Yes,Yes,Fiber optic,No,No,Yes,No,No,No,One year,No,Bank transfer (automatic),38.87,1192.54,No
CUST-02022,Male,0,Yes,No,42,Yes,Yes,DSL,Yes,Yes,No,No,Yes,No,Month-to-month,No,Credit card (automatic),48.69,2088.92,No
CUST-02023,Female,0,No,Yes,25,No,No phone service,Fiber optic,Yes,Yes,No,Yes,No,Yes,Two year,Yes,Electronic check,80.53,2059.51,No
CUST-02024,Male,0,Yes,Yes,52,Yes,Yes,No,No internet service,No internet service,No internet service,No internet service,No internet service,No internet service,Month-to-month,No,Bank transfer (automatic),111.94,5379.26,Yes
CUST-02025,Male,0,Yes,No,46,Yes,Yes,Fiber optic,No,No,No,Yes,Yes,Yes,Month-to-month,No,Electronic check,74.34,3379.43,No
CUST-02026,Female,0,No,Yes,8,Yes,Yes,DSL,Yes,No,No,No,No,Yes,Month-to-month,Yes,Electronic check,91.28,741.36,No
CUST-02027,Male,0,No,No,8,Yes,No,Fiber optic,No,No,Yes,No,Yes,No,Two year,Yes,Credit card (automatic),27.4,227.25,No
CUST-02028,Female,0,No,No,0,Yes,No,Fiber optic,No,Yes,Yes,No,Yes,No,Month-to-month,No,Mailed check,70.26,0.0,Yes
CUST-02029,Female,1,No,No,70,Yes,No,Fiber optic,No,No,No,No,Yes,Yes,Two year,Yes,Electronic check,32.76,2380.64,No
CUST-02030,Female,0,No,No,43,Yes,Yes,Fiber optic,Yes,Yes,Yes,No,No,Yes,Month-to-month,Yes,Mailed check,44.06,2061.78,No
CUST-02031,Male,0,Yes,No,58,Yes,No,Fiber optic,Yes,Yes,No,No,Yes,No,One year,Yes,Credit card (automatic),34.63,2123.52,No
CUST-02032,Male,0,No,No,55,Yes,Yes,DSL,Yes,Yes,No,Yes,No,No,One year,Yes,Electronic check,34.59,1949.58,No
CUST-02033,Male,1,No,Yes,50,Yes,Yes,Fiber optic,No,Yes,No,Yes,No,Yes,One year,No,Mailed check,117.17,5386.46,No
CUST-02034,Female,0,No,Yes,15,Yes,Yes,Fiber optic,No,No,No,Yes,No,No,One year,Yes,Bank transfer (automatic),47.82,759.53,No
CUST-02035,Male,0,No,No,37,Yes,No,Fiber optic,Yes,Yes,No,No,No,Yes,Month-to-month,Yes,Mailed check,74.55,2848.25,Yes
CUST-02036,Female,0,Yes,No,10,No,No phone service,DSL,No,No,Yes,No,No,No,Month-to-month,Yes,Electronic check,20.01,202.05,No
CUST-02037,Female,1,Yes,Yes,24,Yes,Yes,Fiber optic,No,Yes,Yes,No,No,No,Month-to-month,Yes,Mailed check,98.64,2510.42,No
CUST-02038,Male,1,Yes,No,58,No,No phone service,DSL,No,No,No,Yes,No,No,Month-to-month,No,Credit card (automatic),86.02,5163.28,No
CUST-02039,Female,0,Yes,No,28,Yes,No,Fiber optic,Yes,No,Yes,Yes,Yes,No,Month-to-month,No,Mailed check,40.88,1137.7,No
CUST-02040,Male,0,Yes,No,39,Yes,No,DSL,No,Yes,Yes,No,Yes,No,One year,Yes,Bank transfer (automatic),21.61,798.05,No
CUST-02041,Male,0,No,No,7,Yes,No,DSL,Yes,Yes,Yes,No,Yes,No,Month-to-month,No,Mailed check,45.46,318.5,No
CUST-02042,Male,0,Yes,No,5,Yes,No,Fiber optic,No,Yes,Yes,No,Yes,No,Month-to-month,Yes,Bank transfer (automatic),80.86,376.33,Yes
CUST-02043,Male,0,Yes,No,44,Yes,No,No,No internet service,No internet service,No internet service,No internet service,No internet service,No internet service,Month-to-month,No,Mailed check,19.52,783.33,No
CUST-02044,Male,0,No,No,52,Yes,No,No,No internet service,No internet service,No internet service,No internet service,No internet service,No internet service,Two year,Yes,Credit card (automatic),25.54,1257.42,No
CUST-02045,Female,1,No,No,20,Yes,No,Fiber optic,Yes,Yes,Yes,Yes,Yes,No,Month-to-month,No,Credit card (automatic),58.93,1147.27,Yes
CUST-02046,Female,0,Yes,No,56,Yes,No,Fiber optic,No,Yes,No,No,Yes,Yes,One year,No,Mailed check,35.6,2052.13,No
CUST-02047,Female,0,Yes,No,5,Yes,No,DSL,No,No,No,No,No,Yes,Two year,Yes,Electronic check,81.18,405.85,No
CUST-02048,Male,0,No,Yes,62,Yes,Yes,DSL,Yes,No,No,No,Yes,Yes,Two year,Yes,Electronic check,35.47,2302.56,No
CUST-02049,Male,0,Yes,Yes,5,Yes,Yes,Fiber optic,No,No,No,Yes,No,No,Month-to-month,Yes,Bank transfer (automatic),117.36,614.67,No
CUST-02050,Male,0,No,No,52,Yes,Yes,No,No internet service,No internet service,No internet service,No internet service,No internet service,No internet service,Month-to-month,No,Bank transfer (automatic),61.58,3334.14,No
CUST-02051,Female,0,No,No,3,Yes,Yes,No,No internet service,No internet service,No internet service,No internet service,No internet service,No internet service,One year,Yes,Electronic check,32.83,99.43,Yes
CUST-02052,Male,0,Yes,No,8,Yes,No,No,No internet service,No internet service,No internet service,No internet service,No internet service,No internet service,One year,No,Bank transfer (automatic),25.38,209.66,No
CUST-02053,Female,1,Yes,No,68,Yes,Yes,No,No internet service,No internet service,No internet service,No internet service,No internet service,No internet service,Month-to-month,No,Electronic check,60.06,4474.05,No
CUST-02054,Female,0,Yes,Yes,71,Yes,Yes,DSL,Yes,Yes,No,Yes,Yes,No,Month-to-month,Yes,Mailed check,98.91,7311.63,Yes
CUST-02055,Male,0,No,No,3,Yes,Yes,No,No internet service,No internet service,No internet service,No internet service,No internet service,No internet service,Month-to-month,Yes,Bank transfer (automatic),61.88,194.64,No
CUST-02056,Male,0,No,Yes,57,Yes,No,Fiber optic,No,Yes,Yes,No,Yes,No,Two year,Yes,Mailed check,32.11,1753.84,No
CUST-02057,Female,0,Yes,No,36,Yes,No,No,No internet service,No internet service,No internet service,No internet service,No internet service,No internet service,Month-to-month,No,Electronic check,66.87,2396.72,Yes
CUST-02058,Male,0,Yes,No,70,Yes,No,Fiber optic,Yes,Yes,No,No,No,No,Two year,Yes,Bank transfer (automatic),51.74,3574.87,No
CUST-02059,Female,0,Yes,No,5,Yes,Yes,Fiber optic,Yes,No,Yes,No,No,No,Month-to-month,No,Bank transfer (automatic),68.19,330.96,No
CUST-02060,Male,0,No,Yes,50,Yes,Yes,DSL,Yes,No,No,Yes,No,No,Month-to-month,Yes,Bank transfer (automatic),57.11,2832.41,No
CUST-02061,Male,0,No,No,49,Yes,Yes,DSL,Yes,Yes,Yes,Yes,No,Yes,Month-to-month,No,Bank transfer (automatic),82.79,4136.24,No
CUST-02062,Female,0,No,No,13,Yes,Yes,Fiber optic,Yes,Yes,No,Yes,No,Yes,Month-to-month,Yes,Mailed check,98.36,1310.44,No
CUST-02063,Male,0,Yes,No,10,No,No phone service,No,No internet service,No internet service,No internet service,No internet service,No internet service,No internet service,Month-to-month,Yes,Bank transfer (automatic),106.65,1138.93,No
CUST-02064,Female,0,No,No,9,Yes,No,DSL,No,Yes,No,Yes,Yes,Yes,Month-to-month,Yes,Bank transfer (automatic),92.13,855.09,No
CUST-02065,Male,1,No,No,60,Yes,Yes,DSL,No,No,No,No,No,Yes,Two year,No,Credit card (automatic),53.5,3447.14,No
CUST-02066,Female,0,Yes,No,12,Yes,Yes,DSL,Yes,No,Yes,Yes,Yes,No,Two year,No,Bank transfer (automatic),62.85,777.82,No
CUST-02067,Female,0,No,No,33,Yes,No,DSL,No,No,No,No,Yes,No,One year,Yes,Bank transfer (automatic),82.18,2630.62,No
CUST-02068,Male,1,Yes,Yes,59,Yes,Yes,DSL,Yes,No,Yes,No,No,No,Two year,No,Credit card (automatic),39.98,2420.56,No
CUST-02069,Female,0,No,No,50,Yes,No,DSL,No,No,Yes,Yes,No,No,Month-to-month,Yes,Electronic check,88.18,4610.95,No
CUST-02070,Male,0,Yes,No,4,Yes,No,DSL,No,Yes,Yes,No,No,No,Month-to-month,No,Mailed check,82.98,344.24,No
CUST-02071,Male,1,Yes,No,31,Yes,No,No,No internet service,No internet service,No internet service,No internet service,No internet service,No internet service,One year,No,Electronic check,83.65,2774.63,Yes
CUST-02072,Male,0,No,Yes,11,Yes,Yes,No,No internet service,No internet service,No internet service,No internet service,No internet service,No internet service,Two year,Yes,Credit card (automatic),51.33,610.43,No
CUST-02073,Female,1,Yes,Yes,51,No,No phone service,DSL,No,Yes,No,No,No,No,Two year,Yes,Credit card (automatic),78.16,3854.79,No
CUST-02074,Female,1,No,Yes,12,No,No phone service,No,No internet service,No internet service,No internet service,No internet service,No internet service,No internet service,Month-to-month,No,Mailed check,37.77,415.07,Yes
CUST-02075,Male,0,Yes,No,53,Yes,Yes,DSL,No,Yes,Yes,Yes,Yes,No,One year,Yes,Bank transfer (automatic),36.97,2020.7,No
CUST-02076,Male,0,Yes,No,53,Yes,No,Fiber optic,Yes,No,No,No,No,Yes,Month-to-month,No,Bank transfer (automatic),94.85,4635.2,No
CUST-02077,Female,0,Yes,No,40,Yes,Yes,Fiber optic,Yes,No,Yes,No,No,Yes,Two year,No,Electronic check,55.96,2410.3,No
CUST-02078,Male,0,No,No,47,Yes,Yes,DSL,No,No,Yes,Yes,Yes,Yes,One year,No,Credit card (automatic),72.46,3625.05,No
CUST-02079,Male,0,Yes,No,50,Yes,No,Fiber optic,No,Yes,No,Yes,Yes,No,Month-to-month,No,Mailed check,47.27,2464.43,No
CUST-02080,Female,0,Yes,No,46,Yes,Yes,No,No internet service,No internet service,No internet service,No internet service,No internet service,No internet service,Month-to-month,No,Credit card (automatic),41.59,2076.21,No
CUST-02081,Male,0,No,No,49,No,No phone service,DSL,No,Yes,Yes,No,Yes,No,Month-to-month,No,Bank transfer (automatic),95.99,5067.73,No
CUST-02082,Female,0,Yes,No,45,Yes,Yes,DSL,Yes,No,No,Yes,No,No,Month-to-month,Yes,Credit card (automatic),97.42,4754.72,No
CUST-02083,Male,0,Yes,No,37,Yes,Yes,No,No internet service,No internet service,No internet service,No internet service,No internet service,No internet service,Month-to-month,Yes,Mailed check,101.63,3937.38,Yes
CUST-02084,Female,0,Yes,No,12,Yes,Yes,DSL,No,Yes,Yes,Yes,Yes,No,Month-to-month,Yes,Credit card (automatic),103.44,1208.62,No
CUST-02085,Male,0,Yes,Yes,21,Yes,Yes,Fiber optic,No,No,No,Yes,Yes,No,Month-to-month,Yes,Mailed check,59.14,1129.61,No
CUST-02086,Male,0,No,No,1,No,No phone service,No,No internet service,No internet service,No internet service,No internet service,No internet service,No internet service,Month-to-month,Yes,Mailed check,98.9,90.23,No
CUST-02087,Female,1,Yes,No,12,Yes,Yes,No,No internet service,No internet service,No internet service,No internet service,No internet service,No internet service,Two year,No,Mailed check,52.59,668.08,No
CUST-02088,Male,1,Yes,No,56,Yes,Yes,No,No internet service,No internet service,No internet service,No internet service,No internet service,No internet service,Two year,No,Electronic check,23.25,1221.64,No
CUST-02089,Female,0,No,No,33,Yes,Yes,Fiber optic,Yes,Yes,Yes,No,No,Yes,Two year,No,Bank transfer (automatic),86.93,2761.45,No
CUST-02090,Male,1,Yes,Yes,18,No,No phone service,DSL,Yes,Yes,Yes,Yes,No,Yes,Month-to-month,No,Bank transfer (automatic),37.9,693.95,No
CUST-02091,Female,0,Yes,No,8,Yes,Yes,Fiber optic,Yes,Yes,No,No,Yes,Yes,One year,Yes,Bank transfer (automatic),63.15,467.93,Yes
CUST-02092,Female,0,No,No,32,Yes,No,Fiber optic,No,No,Yes,No,No,Yes,Month-to-month,Yes,Mailed check,34.39,1207.3,No
CUST-02093,Female,0,No,No,26,Yes,Yes,Fiber optic,Yes,No,No,No,Yes,Yes,Two year,No,Mailed check,57.15,1580.14,No
CUST-02094,Female,0,No,Yes,44,Yes,Yes,No,No internet service,No internet service,No internet service,No internet service,No internet service,No internet service,Two year,Yes,Credit card (automatic),106.49,4764.94,No
CUST-02095,Male,1,No,No,1,Yes,Yes,No,No internet service,No internet service,No internet service,No internet service,No internet service,No internet service,Two year,No,Mailed check,79.32,85.8,No
CUST-02096,Male,0,Yes,No,56,Yes,No,Fiber optic,Yes,Yes,No,Yes,Yes,Yes,Month-to-month,Yes,Mailed check,32.81,1835.0,Yes
CUST-02097,Female,0,No,No,56,Yes,Yes,DSL,No,Yes,No,Yes,No,Yes,Month-to-month,No,Electronic check,90.55,5473.37,No
CUST-02098,Female,0,Yes,Yes,15,Yes,Yes,DSL,Yes,Yes,Yes,No,No,No,One year,Yes,Mailed check,102.78,1642.21,No
CUST-02099,Female,0,No,Yes,5,No,No phone service,Fiber optic,Yes,No,Yes,No,Yes,Yes,Month-to-month,No,Mailed check,34.64,156.37,Yes
CUST-02100,Male,0,Yes,No,13,Yes,Yes,DSL,Yes,No,Yes,Yes,No,Yes,Two year,No,Mailed check,92.41,1272.63,No
CUST-02101,Male,0,No,No,26,Yes,No,DSL,Yes,No,No,No,Yes,No,One year,Yes,Mailed check,72.91,2003.31,No
CUST-02102,Male,0,No,No,37,Yes,Yes,Fiber optic,No,Yes,No,Yes,No,Yes,Month-to-month,Yes,Credit card (automatic),78.43,2795.92,No
CUST-02103,Male,0,Yes,No,18,Yes,No,Fiber optic,Yes,Yes,No,No,No,No,Two year,Yes,Electronic check,111.9,2011.4,No
CUST-02104,Female,0,No,No,36,No,No phone service,Fiber optic,No,Yes,No,Yes,No,No,Month-to-month,Yes,Mailed check,21.66,723.34,No
CUST-02105,Female,0,No,No,3,Yes,Yes,DSL,Yes,Yes,No,No,Yes,No,One year,Yes,Bank transfer (automatic),81.88,253.82,No
CUST-02106,Female,0,No,Yes,57,Yes,No,DSL,No,No,Yes,Yes,Yes,No,Month-to-month,Yes,Mailed check,26.15,1542.54,No
CUST-02107,Male,0,Yes,No,8,Yes,No,DSL,Yes,No,No,No,No,Yes,Month-to-month,No,Electronic check,96.96,850.37,Yes
CUST-02108,Male,0,No,No,39,Yes,Yes,Fiber optic,Yes,Yes,No,No,No,No,Two year,Yes,Mailed check,107.61,4383.76,No
CUST-02109,Male,0,No,No,14,Yes,No,Fiber optic,Yes,Yes,No,Yes,No,Yes,Month-to-month,No,Bank transfer (automatic),26.65,369.17,No
CUST-02110,Female,0,Yes,No,3,Yes,Yes,Fiber optic,Yes,Yes,Yes,Yes,Yes,Yes,Month-to-month,Yes,Credit card (automatic),20.58,57.79,No
CUST-02111,Female,0,Yes,No,51,Yes,Yes,DSL,No,No,Yes,No,No,No,One year,Yes,Mailed check,113.57,6125.36,No
CUST-02112,Male,1,No,Yes,17,Yes,Yes,DSL,Yes,Yes,Yes,No,No,Yes,One year,Yes,Electronic check,110.65,1826.05,No
CUST-02113,Female,0,Yes,No,52,Yes,No,No,No internet service,No internet service,No internet service,No internet service,No internet service,No internet service,Month-to-month,No,Mailed check,110.37,6248.57,Yes
CUST-02114,Male,0,Yes,No,58,Yes,No,DSL,Yes,Yes,No,Yes,No,No,Month-to-month,Yes,Electronic check,111.97,6204.73,No
CUST-02115,Male,1,Yes,No,53,Yes,Yes,Fiber optic,Yes,Yes,No,No,No,No,Month-to-month,Yes,Mailed check,68.01,3385.81,Yes
CUST-02116,Female,0,No,No,40,Yes,Yes,DSL,No,No,Yes,Yes,No,Yes,Month-to-month,Yes,Mailed check,115.69,4739.06,No
CUST-02117,Male,0,No,Yes,59,Yes,Yes,DSL,Yes,No,No,Yes,No,No,Month-to-month,No,Credit card (automatic),107.23,6852.47,Yes
CUST-02118,Female,0,Yes,No,3,Yes,No,DSL,No,No,No,No,Yes,No,Two year,No,Credit card (automatic),27.77,77.33,No
CUST-02119,Male,0,No,No,38,Yes,No,No,No internet service,No internet service,No internet service,No internet service,No internet service,No internet service,Month-to-month,Yes,Mailed check,99.27,3426.23,No
CUST-02120,Female,0,Yes,Yes,6,Yes,Yes,DSL,Yes,No,Yes,No,No,No,One year,Yes,Electronic check,89.24,585.49,No
CUST-02121,Female,1,No,No,22,Yes,Yes,No,No internet service,No internet service,No internet service,No internet service,No internet service,No internet service,Month-to-month,Yes,Bank transfer (automatic),31.41,640.81,Yes
CUST-02122,Female,0,Yes,Yes,62,Yes,No,No,No internet service,No internet service,No internet service,No internet service,No internet service,No internet service,Month-to-month,No,Credit card (automatic),91.79,5813.36,No
CUST-02123,Male,0,No,No,64,Yes,No,Fiber optic,No,Yes,Yes,Yes,No,Yes,Month-to-month,No,Mailed check,66.49,3999.27,Yes
CUST-02124,Male,1,Yes,No,40,Yes,No,Fiber optic,Yes,Yes,Yes,No,Yes,No,Two year,Yes,Electronic check,103.38,3860.36,No
CUST-02125,Female,1,No,No,43,Yes,No,No,No internet service,No internet service,No internet service,No internet service,No internet service,No internet service,Two year,Yes,Mailed check,99.88,3999.39,No
CUST-02126,Female,0,No,Yes,44,Yes,Yes,Fiber optic,No,Yes,Yes,No,Yes,No,Month-to-month,Yes,Mailed check,112.23,5145.49,No
CUST-02127,Male,0,Yes,No,68,Yes,No,Fiber optic,Yes,No,No,No,No,Yes,Month-to-month,No,Credit card (automatic),25.53,1826.18,No
CUST-02128,Male,0,No,No,50,Yes,No,Fiber optic,Yes,Yes,Yes,No,Yes,No,One year,No,Electronic check,89.02,4112.55,Yes
CUST-02129,Male,0,No,No,64,Yes,Yes,DSL,No,Yes,No,Yes,Yes,Yes,Month-to-month,No,Mailed check,55.71,3306.28,No
CUST-02130,Female,0,No,No,53,Yes,No,DSL,No,No,Yes,Yes,Yes,No,Month-to-month,Yes,Credit card (automatic),95.6,5506.93,Yes
CUST-02131,Male,1,No,Yes,55,Yes,No,No,No internet service,No internet service,No internet service,No internet service,No internet service,No internet service,Month-to-month,No,Electronic check,78.26,4380.8,No
CUST-02132,Male,0,No,No,71,Yes,Yes,No,No internet service,No internet service,No internet service,No internet service,No internet service,No internet service,Month-to-month,Yes,Electronic check,67.56,5066.62,No
CUST-02133,Female,0,No,No,39,Yes,Yes,Fiber optic,No,Yes,No,No,No,No,Month-to-month,No,Mailed check,18.42,658.12,Yes
CUST-02134,Male,0,No,No,57,Yes,Yes,Fiber optic,No,Yes,No,No,No,No,Month-to-month,No,Mailed check,78.72,4085.37,No
CUST-02135,Male,0,No,No,14,Yes,Yes,No,No internet service,No internet service,No internet service,No internet service,No internet service,No internet service,Month-to-month,No,Electronic check,60.04,823.11,Yes
CUST-02136,Male,0,Yes,No,18,Yes,No,Fiber optic,Yes,No,Yes,Yes,No,No,Month-to-month,Yes,Electronic check,51.25,932.69,Yes
CUST-02137,Female,0,No,No,9,Yes,Yes,Fiber optic,Yes,No,No,No,No,Yes,One year,No,Credit card (automatic),116.88,1025.1,Yes
CUST-02138,Female,0,Yes,No,15,Yes,Yes,Fiber optic,No,No,No,Yes,No,No,Month-to-month,No,Bank transfer (automatic),88.04,1376.97,No
CUST-02139,Female,0,No,Yes,42,Yes,No,DSL,Yes,Yes,Yes,No,No,Yes,Month-to-month,Yes,Electronic check,71.99,3126.07,No
CUST-02140,Female,0,Yes,No,30,Yes,Yes,DSL,Yes,No,Yes,No,Yes,Yes,Two year,No,Mailed check,104.87,3112.66,No
CUST-02141,Female,0,No,Yes,15,Yes,Yes,No,No internet service,No internet service,No internet service,No internet service,No internet service,No internet service,Month-to-month,No,Electronic check,40.71,559.28,Yes
CUST-02142,Female,0,Yes,No,27,Yes,Yes,No,No internet service,No internet service,No internet service,No internet service,No internet service,No internet service,Month-to-month,Yes,Mailed check,79.99,2200.99,Yes
CUST-02143,Female,0,Yes,Yes,61,Yes,No,Fiber optic,Yes,Yes,No,No,Yes,No,Month-to-month,Yes,Bank transfer (automatic),104.09,6021.7,Yes
CUST-02144,Male,0,No,No,19,Yes,No,Fiber optic,No,No,Yes,Yes,No,No,One year,Yes,Electronic check,30.36,563.67,No
CUST-02145,Male,0,Yes,Yes,34,No,No phone service,No,No internet service,No internet service,No internet service,No internet service,No internet service,No internet service,Month-to-month,Yes,Mailed check,41.61,1277.34,Yes
CUST-02146,Female,0,No,Yes,58,Yes,No,Fiber optic,No,Yes,No,No,Yes,Yes,Month-to-month,Yes,Mailed check,26.26,1529.51,No
CUST-02147,Male,0,No,No,8,Yes,Yes,DSL,Yes,No,Yes,Yes,Yes,No,Two year,No,Mailed check,117.24,975.25,No
CUST-02148,Male,0,Yes,Yes,9,Yes,No,Fiber optic,No,No,Yes,Yes,Yes,Yes,Month-to-month,No,Credit card (automatic),76.09,695.42,Yes
CUST-02149,Female,0,No,No,44,Yes,No,DSL,Yes,Yes,Yes,No,Yes,Yes,Month-to-month,Yes,Mailed check,66.95,3094.02,No
CUST-02150,Male,1,Yes,No,14,Yes,Yes,No,No internet service,No internet service,No internet service,No internet service,No internet service,No internet service,One year,Yes,Bank transfer (automatic),51.84,798.25,Yes
CUST-02151,Male,0,Yes,Yes,29,No,No phone service,Fiber optic,Yes,No,No,No,No,Yes,One year,Yes,Mailed check,62.95,1873.95,No
CUST-02152,Male,0,No,No,47,Yes,No,DSL,Yes,Yes,Yes,No,Yes,Yes,Two year,No,Electronic check,95.59,4242.11,No
CUST-02153,Male,0,No,No,39,Yes,No,No,No internet service,No internet service,No internet service,No internet service,No internet service,No internet service,Two year,Yes,Bank transfer (automatic),109.67,4338.97,No
CUST-02154,Male,0,No,No,43,Yes,No,No,No internet service,No internet service,No internet service,No internet service,No internet service,No internet service,Month-to-month,No,Mailed check,28.49,1162.61,No
CUST-02155,Female,1,No,No,45,Yes,No,DSL,No,Yes,No,No,No,Yes,Month-to-month,Yes,Bank transfer (automatic),47.96,2084.91,No
CUST-02156,Female,0,No,No,5,Yes,Yes,Fiber optic,No,Yes,Yes,Yes,No,Yes,Two year,Yes,Electronic check,36.91,179.09,No
CUST-02157,Female,0,Yes,No,23,Yes,Yes,Fiber optic,Yes,No,No,Yes,Yes,No,Two year,No,Bank transfer (automatic),61.55,1421.31,Yes
CUST-02158,Male,0,Yes,Yes,6,Yes,Yes,Fiber optic,Yes,Yes,No,Yes,Yes,Yes,Month-to-month,Yes,Credit card (automatic),71.05,428.32,No
CUST-02159,Female,0,No,No,5,No,No phone service,Fiber optic,Yes,No,No,Yes,No,Yes,Month-to-month,Yes,Credit card (automatic),90.13,465.73,No
CUST-02160,Male,0,No,No,32,Yes,Yes,Fiber optic,No,No,Yes,Yes,Yes,No,One year,No,Bank transfer (automatic),105.57,3336.16,Yes
CUST-02161,Male,0,No,No,37,Yes,Yes,No,No internet service,No internet service,No internet service,No internet service,No internet service,No internet service,Month-to-month,Yes,Mailed check,72.21,2504.89,No
CUST-02162,Male,0,Yes,No,43,Yes,No,Fiber optic,Yes,No,No,Yes,No,No,Two year,No,Mailed check,66.88,2870.66,No
CUST-02163,Male,0,Yes,No,16,Yes,Yes,DSL,Yes,No,Yes,Yes,No,No,Two year,Yes,Mailed check,75.58,1280.98,No
CUST-02164,Female,1,Yes,Yes,30,Yes,Yes,DSL,Yes,Yes,Yes,No,No,Yes,Two year,No,Mailed check,106.84,3335.22,No
CUST-02165,Female,1,No,No,36,Yes,No,DSL,No,No,No,No,No,No,Month-to-month,No,Electronic check,82.85,2753.1,Yes
CUST-02166,Male,0,No,No,10,Yes,Yes,Fiber optic,No,No,Yes,Yes,No,No,Two year,Yes,Electronic check,96.74,1054.14,No
CUST-02167,Female,0,Yes,Yes,4,Yes,Yes,DSL,No,Yes,No,Yes,Yes,Yes,One year,No,Credit card (automatic),89.95,345.83,No
CUST-02168,Male,0,No,Yes,63,Yes,No,No,No internet service,No internet service,No internet service,No internet service,No internet service,No internet service,Month-to-month,Yes,Bank transfer (automatic),110.35,7072.26,No
CUST-02169,Female,0,No,Yes,2,Yes,No,No,No internet service,No internet service,No internet service,No internet service,No internet service,No internet service,Month-to-month,No,Electronic check,99.69,180.72,Yes
CUST-02170,Female,1,Yes,No,55,Yes,No,No,No internet service,No internet service,No internet service,No internet service,No internet service,No internet service,Month-to-month,Yes,Credit card (automatic),52.12,3101.36,No
CUST-02171,Male,0,Yes,No,62,Yes,No,No,No internet service,No internet service,No internet service,No internet service,No internet service,No internet service,One year,No,Mailed check,103.44,6648.74,No
CUST-02172,Female,0,No,Yes,37,Yes,No,DSL,No,Yes,Yes,Yes,No,Yes,Month-to-month,No,Credit card (automatic),64.74,2288.09,No
CUST-02173,Male,0,Yes,Yes,53,Yes,No,Fiber optic,No,No,No,No,No,Yes,Month-to-month,No,Electronic check,102.72,5643.78,Yes
CUST-02174,Female,0,No,No,1,Yes,No,DSL,Yes,Yes,No,Yes,Yes,Yes,Two year,No,Bank transfer (automatic),108.57,104.07,No
CUST-02175,Male,1,Yes,No,1,Yes,Yes,DSL,No,Yes,No,Yes,Yes,Yes,Two year,Yes,Electronic check,86.53,82.37,No
CUST-02176,Male,1,Yes,No,11,Yes,No,No,No internet service,No internet service,No internet service,No internet service,No internet service,No internet service,Two year,Yes,Bank transfer (automatic),89.89,978.31,Yes
CUST-02177,Female,0,No,No,39,No,No phone service,Fiber optic,Yes,No,Yes,No,No,Yes,Two year,Yes,Bank transfer (automatic),32.11,1277.35,No
CUST-02178,Female,0,No,No,1,No,No phone service,DSL,No,No,Yes,Yes,No,Yes,Two year,Yes,Mailed check,50.38,47.45,No
CUST-02179,Male,1,Yes,Yes,56,Yes,No,DSL,No,No,No,No,No,No,Two year,Yes,Bank transfer (automatic),73.77,4331.81,No
CUST-02180,Female,1,No,No,46,Yes,No,Fiber optic,No,No,Yes,No,Yes,Yes,Two year,No,Bank transfer (automatic),18.35,857.28,No
CUST-02181,Female,0,Yes,No,35,No,No phone service,DSL,No,No,Yes,Yes,Yes,Yes,Month-to-month,No,Mailed check,102.73,3241.36,No
CUST-02182,Male,0,No,No,3,Yes,Yes,DSL,No,Yes,Yes,No,No,Yes,Month-to-month,No,Credit card (automatic),54.95,166.48,No
CUST-02183,Male,0,Yes,No,23,Yes,Yes,Fiber optic,No,No,Yes,No,No,Yes,One year,No,Bank transfer (automatic),90.34,2044.96,No
CUST-02184,Female,0,Yes,No,61,Yes,Yes,No,No internet service,No internet service,No internet service,No internet service,No internet service,No internet service,Month-to-month,No,Electronic check,94.93,5986.87,No
CUST-02185,Male,1,Yes,No,1,Yes,Yes,No,No internet service,No internet service,No internet service,No internet service,No internet service,No internet service,Month-to-month,Yes,Electronic check,72.81,78.6,Yes
CUST-02186,Male,0,No,No,14,Yes,No,Fiber optic,No,No,Yes,Yes,No,Yes,Two year,No,Credit card (automatic),97.02,1293.8,No
CUST-02187,Male,1,Yes,No,48,Yes,Yes,DSL,Yes,No,No,Yes,Yes,Yes,Two year,No,Credit card (automatic),86.24,4283.31,No
CUST-02188,Female,0,Yes,No,34,Yes,Yes,No,No internet service,No internet service,No internet service,No internet service,No internet service,No internet service,Month-to-month,No,Electronic check,53.98,1707.46,No
CUST-02189,Female,0,Yes,No,46,Yes,Yes,No,No internet service,No internet service,No internet service,No internet service,No internet service,No internet service,Month-to-month,Yes,Bank transfer (automatic),99.62,4202.72,No
CUST-02190,Male,0,Yes,Yes,23,Yes,No,Fiber optic,No,No,Yes,No,No,Yes,Month-to-month,Yes,Bank transfer (automatic),81.61,2039.14,No
CUST-02191,Female,0,No,Yes,59,Yes,Yes,No,No internet service,No internet service,No internet service,No internet service,No internet service,No internet service,Month-to-month,Yes,Mailed check,34.02,2152.62,No
CUST-02192,Male,0,No,No,47,Yes,No,Fiber optic,Yes,Yes,Yes,No,Yes,Yes,Month-to-month,Yes,Credit card (automatic),95.28,4479.42,No
CUST-02193,Female,0,Yes,Yes,22,Yes,No,DSL,No,Yes,No,No,No,No,One year,No,Bank transfer (automatic),85.62,1747.39,No
CUST-02194,Male,0,Yes,No,11,Yes,No,No,No internet service,No internet service,No internet service,No internet service,No internet service,No internet service,Month-to-month,No,Credit card (automatic),46.47,486.97,Yes
CUST-02195,Male,0,No,Yes,40,Yes,Yes,Fiber optic,Yes,No,Yes,No,No,No,One year,No,Bank transfer (automatic),102.2,4143.09,No
CUST-02196,Female,0,Yes,No,28,Yes,No,Fiber optic,No,No,Yes,Yes,Yes,Yes,Month-to-month,Yes,Credit card (automatic),55.4,1598.31,No
CUST-02197,Male,0,No,No,69,No,No phone service,Fiber optic,No,Yes,Yes,Yes,No,Yes,Two year,Yes,Electronic check,73.27,5248.36,No
CUST-02198,Female,0,Yes,No,50,Yes,Yes,DSL,No,No,Yes,Yes,Yes,No,Month-to-month,Yes,Electronic check,52.32,2745.66,No
CUST-02199,Female,0,No,Yes,22,Yes,Yes,DSL,Yes,Yes,No,No,No,Yes,One year,No,Bank transfer (automatic),90.44,1874.23,Yes
CUST-02200,Male,0,Yes,No,30,No,No phone service,DSL,No,No,Yes,No,No,Yes,Month-to-month,No,Mailed check,76.12,2190.54,No
CUST-02201,Male,0,No,No,20,Yes,No,DSL,No,No,No,Yes,No,No,Two year,Yes,Credit card (automatic),65.03,1173.82,No
CUST-02202,Female,0,No,No,23,Yes,No,DSL,Yes,No,Yes,No,Yes,No,One year,Yes,Electronic check,20.03,421.44,No
CUST-02203,Male,0,No,Yes,71,Yes,No,Fiber optic,Yes,No,Yes,No,Yes,Yes,One year,No,Credit card (automatic),78.72,5376.16,No
CUST-02204,Male,0,Yes,Yes,8,Yes,No,No,No internet service,No internet service,No internet service,No internet service,No internet service,No internet service,One year,Yes,Bank transfer (automatic),80.24,601.58,No
CUST-02205,Male,0,No,No,21,Yes,Yes,No,No internet service,No internet service,No internet service,No internet service,No internet service,No internet service,Two year,Yes,Mailed check,36.12,757.39,No
CUST-02206,Male,1,No,Yes,3,Yes,No,DSL,No,Yes,Yes,Yes,No,Yes,One year,Yes,Mailed check,51.23,164.41,No
CUST-02207,Male,0,Yes,No,2,Yes,No,No,No internet service,No internet service,No internet service,No internet service,No internet service,No internet service,One year,No,Bank transfer (automatic),105.88,221.2,No
CUST-02208,Female,0,Yes,No,27,Yes,Yes,Fiber optic,No,Yes,No,No,Yes,Yes,Month-to-month,No,Electronic check,72.92,2069.09,No
CUST-02209,Female,0,Yes,Yes,14,Yes,No,Fiber optic,No,No,No,No,No,Yes,Two year,Yes,Mailed check,61.51,878.41,No
CUST-02210,Male,0,Yes,No,7,Yes,No,DSL,No,No,Yes,Yes,Yes,No,One year,Yes,Mailed check,111.6,812.52,No
CUST-02211,Male,0,No,Yes,47,Yes,No,Fiber optic,No,No,Yes,Yes,No,No,Month-to-month,Yes,Mailed check,99.19,4363.57,No
CUST-02212,Male,0,Yes,No,51,Yes,Yes,No,No internet service,No internet service,No internet service,No internet service,No internet service,No internet service,One year,Yes,Credit card (automatic),27.75,1430.1,No
CUST-02213,Female,0,Yes,No,54,Yes,No,Fiber optic,Yes,Yes,Yes,No,No,No,One year,No,Credit card (automatic),103.89,5689.27,Yes
CUST-02214,Male,0,Yes,No,36,Yes,Yes,DSL,No,Yes,No,Yes,No,No,Month-to-month,Yes,Electronic check,32.97,1217.47,No
CUST-02215,Female,0,Yes,No,3,No,No phone service,DSL,No,Yes,No,Yes,No,No,Month-to-month,Yes,Bank transfer (automatic),35.48,112.39,Yes
CUST-02216,Female,0,Yes,No,54,Yes,Yes,DSL,Yes,Yes,No,No,No,No,One year,Yes,Credit card (automatic),25.53,1501.04,No
CUST-02217,Female,0,Yes,No,11,Yes,No,Fiber optic,No,Yes,No,Yes,No,Yes,Month-to-month,Yes,Mailed check,66.14,758.35,Yes
CUST-02218,Male,0,Yes,No,18,No,No phone service,No,No internet service,No internet service,No internet service,No internet service,No internet service,No internet service,Two year,Yes,Electronic check,82.47,1609.92,No
CUST-02219,Female,0,No,No,56,Yes,No,Fiber optic,Yes,Yes,Yes,No,Yes,No,Month-to-month,No,Credit card (automatic),93.37,5280.92,No
CUST-02220,Male,0,No,No,36,Yes,No,No,No internet service,No internet service,No internet service,No internet service,No internet service,No internet service,One year,No,Electronic check,20.67,712.77,No
CUST-02221,Female,0,No,Yes,6,Yes,Yes,No,No internet service,No internet service,No internet service,No internet service,No internet service,No internet service,Month-to-month,Yes,Mailed check,35.79,221.55,Yes
CUST-02222,Male,0,No,Yes,54,Yes,No,DSL,No,No,No,No,Yes,Yes,Month-to-month,Yes,Electronic check,80.12,4742.63,Yes
CUST-02223,Female,0,No,No,27,Yes,Yes,DSL,Yes,Yes,Yes,Yes,Yes,Yes,Two year,Yes,Mailed check,70.56,1985.02,No
CUST-02224,Male,0,Yes,No,36,No,No phone service,Fiber optic,Yes,Yes,Yes,Yes,No,Yes,Month-to-month,Yes,Electronic check,23.14,911.18,No
CUST-02225,Female,0,Yes,No,60,Yes,No,DSL,No,Yes,Yes,Yes,No,Yes,One year,No,Bank transfer (automatic),111.54,6053.13,No
CUST-02226,Male,0,Yes,No,38,Yes,No,Fiber optic,No,Yes,No,No,No,No,Month-to-month,Yes,Electronic check,93.85,3393.95,Yes
CUST-02227,Male,0,Yes,Yes,22,Yes,No,DSL,Yes,No,Yes,No,No,No,Two year,Yes,Bank transfer (automatic),53.88,1131.69,No
CUST-02228,Male,0,No,Yes,51,Yes,No,Fiber optic,Yes,No,No,Yes,Yes,No,Month-to-month,Yes,Bank transfer (automatic),71.64,3600.15,No
CUST-02229,Male,0,No,Yes,10,Yes,No,Fiber optic,No,Yes,No,No,No,No,Month-to-month,Yes,Mailed check,55.43,502.28,No
CUST-02230,Female,1,Yes,No,65,Yes,Yes,Fiber optic,No,No,No,No,No,Yes,Two year,Yes,Electronic check,63.53,4471.58,No
CUST-02231,Female,0,Yes,No,12,Yes,No,Fiber optic,Yes,No,No,No,No,No,Two year,Yes,Credit card (automatic),77.62,970.02,No
CUST-02232,Male,0,No,No,40,Yes,No,No,No internet service,No internet service,No internet service,No internet service,No internet service,No internet service,Two year,Yes,Bank transfer (automatic),57.85,2121.45,No
CUST-02233,Female,1,No,Yes,48,Yes,No,DSL,Yes,No,No,No,Yes,Yes,Month-to-month,Yes,Mailed check,80.07,3593.31,Yes
CUST-02234,Male,0,No,No,14,Yes,Yes,Fiber optic,No,No,No,No,No,No,Month-to-month,No,Credit card (automatic),64.51,921.76,Yes
CUST-02235,Male,0,Yes,No,55,Yes,Yes,DSL,No,No,No,Yes,Yes,Yes,Two year,Yes,Electronic check,83.73,4981.39,No
CUST-02236,Female,0,Yes,No,53,Yes,Yes,DSL,Yes,No,No,No,No,No,Two year,No,Bank transfer (automatic),44.22,2150.36,No
CUST-02237,Male,0,No,No,30,Yes,No,DSL,No,No,No,No,Yes,No,Month-to-month,No,Electronic check,35.12,1039.55,Yes
CUST-02238,Male,0,No,No,60,Yes,Yes,Fiber optic,Yes,No,Yes,No,No,No,Month-to-month,Yes,Electronic check,19.36,1091.91,Yes
CUST-02239,Female,0,Yes,No,57,Yes,Yes,Fiber optic,Yes,No,Yes,Yes,No,No,Month-to-month,Yes,Credit card (automatic),78.2,4172.43,No
CUST-02240,Male,0,Yes,Yes,59,No,No phone service,DSL,Yes,No,Yes,No,No,No,Month-to-month,No,Mailed check,116.08,7163.88,No
CUST-02241,Male,0,Yes,Yes,52,Yes,No,Fiber optic,Yes,Yes,Yes,No,No,Yes,Month-to-month,Yes,Mailed check,60.04,3325.95,Yes
CUST-02242,Male,1,Yes,Yes,60,Yes,No,DSL,No,No,Yes,Yes,No,No,Month-to-month,No,Credit card (automatic),39.26,2554.01,Yes
CUST-02243,Male,1,No,No,41,Yes,Yes,Fiber optic,No,No,Yes,No,No,No,Two year,No,Mailed check,19.31,820.84,No
CUST-02244,Female,0,No,No,28,Yes,Yes,Fiber optic,Yes,No,Yes,Yes,No,No,Month-to-month,Yes,Electronic check,69.28,1771.33,Yes
CUST-02245,Female,0,No,Yes,26,Yes,Yes,No,No internet service,No internet service,No internet service,No internet service,No internet service,No internet service,Two year,Yes,Credit card (automatic),117.27,2961.86,No
CUST-02246,Female,0,Yes,No,43,Yes,No,Fiber optic,No,Yes,No,No,Yes,No,One year,No,Bank transfer (automatic),116.38,4945.85,Yes
CUST-02247,Male,1,Yes,No,4,Yes,No,Fiber optic,No,No,No,Yes,No,No,Month-to-month,No,Credit card (automatic),28.14,107.51,No
CUST-02248,Male,0,Yes,No,51,Yes,Yes,DSL,No,Yes,No,Yes,Yes,Yes,One year,Yes,Credit card (automatic),99.64,5122.16,No
CUST-02249,Female,0,No,No,52,Yes,Yes,DSL,No,Yes,No,Yes,Yes,Yes,Two year,No,Credit card (automatic),35.33,1738.92,No
CUST-02250,Male,0,No,No,51,Yes,Yes,Fiber optic,No,No,Yes,No,Yes,Yes,Month-to-month,No,Electronic check,98.94,5449.04,No
CUST-02251,Male,0,No,No,37,Yes,No,Fiber optic,Yes,Yes,Yes,No,No,Yes,One year,Yes,Credit card (automatic),103.35,3551.3,No
CUST-02252,Male,0,Yes,No,43,Yes,No,No,No internet service,No internet service,No internet service,No internet service,No internet service,No internet service,Month-to-month,Yes,Electronic check,18.77,795.17,No
CUST-02253,Male,0,Yes,No,52,Yes,Yes,No,No internet service,No internet service,No internet service,No internet service,No internet service,No internet service,Month-to-month,Yes,Mailed check,41.73,2007.15,No
CUST-02254,Female,0,No,No,1,Yes,No,No,No internet service,No internet service,No internet service,No internet service,No internet service,No internet service,One year,Yes,Electronic check,23.66,22.99,No
CUST-02255,Female,0,Yes,Yes,53,No,No phone service,No,No internet service,No internet service,No internet service,No internet service,No internet service,No internet service,One year,Yes,Bank transfer (automatic),67.89,3587.22,No
CUST-02256,Female,0,No,No,34,Yes,No,Fiber optic,Yes,Yes,Yes,Yes,No,No,One year,No,Mailed check,20.67,710.36,No
CUST-02257,Male,0,No,No,45,Yes,Yes,DSL,No,Yes,No,Yes,Yes,No,Two year,Yes,Credit card (automatic),80.61,3505.2,No
CUST-02258,Female,1,No,No,71,Yes,Yes,DSL,Yes,No,Yes,No,No,Yes,Two year,Yes,Electronic check,73.83,5566.55,No
CUST-02259,Female,1,No,No,54,Yes,No,No,No internet service,No internet service,No internet service,No internet service,No internet service,No internet service,Two year,Yes,Bank transfer (automatic),55.94,3030.07,No
CUST-02260,Male,1,Yes,No,71,No,No phone service,DSL,No,Yes,Yes,No,No,Yes,One year,Yes,Credit card (automatic),64.18,5005.55,No
CUST-02261,Male,1,Yes,No,10,Yes,Yes,DSL,Yes,Yes,No,No,Yes,No,Month-to-month,Yes,Electronic check,117.01,1082.0,No
CUST-02262,Female,0,Yes,Yes,28,No,No phone service,Fiber optic,No,No,Yes,No,No,No,One year,Yes,Mailed check,34.77,911.94,Yes
CUST-02263,Female,0,Yes,No,68,Yes,Yes,DSL,No,No,Yes,No,Yes,No,Month-to-month,Yes,Electronic check,91.1,6568.71,No
CUST-02264,Female,0,Yes,Yes,62,Yes,Yes,Fiber optic,No,No,Yes,Yes,No,No,Month-to-month,No,Bank transfer (automatic),82.53,5172.39,No
CUST-02265,Female,1,Yes,Yes,46,Yes,No,Fiber optic,No,Yes,Yes,No,Yes,No,Month-to-month,No,Electronic check,84.37,3772.37,No
CUST-02266,Male,0,No,No,6,No,No phone service,Fiber optic,No,No,No,Yes,No,Yes,One year,No,Bank transfer (automatic),52.57,309.77,No
CUST-02267,Female,0,Yes,Yes,63,Yes,Yes,Fiber optic,No,Yes,No,Yes,Yes,Yes,One year,Yes,Electronic check,39.65,2529.82,No
CUST-02268,Female,0,Yes,No,63,Yes,Yes,Fiber optic,No,No,No,Yes,No,No,Two year,Yes,Bank transfer (automatic),83.08,4800.43,Yes
CUST-02269,Male,0,Yes,No,11,Yes,Yes,DSL,No,Yes,No,No,No,Yes,Two year,Yes,Electronic check,109.27,1265.7,No
CUST-02270,Female,0,No,No,11,No,No phone service,No,No internet service,No internet service,No internet service,No internet service,No internet service,No internet service,One year,Yes,Electronic check,115.6,1258.66,No
CUST-02271,Male,0,Yes,Yes,35,Yes,No,DSL,Yes,Yes,No,No,No,No,Month-to-month,Yes,Electronic check,66.09,2272.68,Yes
CUST-02272,Male,0,No,No,28,Yes,No,Fiber optic,No,No,Yes,Yes,No,Yes,Month-to-month,No,Bank transfer (automatic),60.56,1788.33,No
CUST-02273,Male,0,Yes,No,10,Yes,No,Fiber optic,No,No,Yes,Yes,No,No,Month-to-month,Yes,Credit card (automatic),52.89,536.22,Yes
CUST-02274,Female,0,Yes,No,52,Yes,Yes,DSL,No,No,No,No,Yes,No,Month-to-month,No,Electronic check,99.0,5409.68,No
CUST-02275,Female,0,Yes,No,69,Yes,Yes,DSL,No,No,No,No,Yes,Yes,Two year,Yes,Electronic check,43.54,3261.81,No
CUST-02276,Male,1,No,Yes,46,Yes,No,DSL,No,No,No,Yes,No,No,Two year,No,Mailed check,69.3,3472.05,No
CUST-02277,Female,0,No,No,32,Yes,Yes,DSL,Yes,Yes,No,Yes,Yes,No,Month-to-month,Yes,Electronic check,52.51,1656.55,No
CUST-02278,Female,0,Yes,No,66,Yes,Yes,DSL,Yes,Yes,Yes,Yes,Yes,Yes,Month-to-month,Yes,Electronic check,105.57,6367.73,No
CUST-02279,Male,0,Yes,Yes,42,Yes,Yes,No,No internet service,No internet service,No internet service,No internet service,No internet service,No internet service,One year,No,Credit card (automatic),46.27,1753.86,No
CUST-02280,Male,0,Yes,No,17,Yes,Yes,Fiber optic,Yes,Yes,Yes,Yes,Yes,Yes,Month-to-month,Yes,Bank transfer (automatic),86.65,1533.51,Yes
CUST-02281,Female,0,No,No,52,Yes,Yes,DSL,Yes,No,Yes,Yes,No,Yes,Two year,Yes,Mailed check,76.87,3662.71,No
CUST-02282,Male,0,No,Yes,38,Yes,Yes,Fiber optic,No,Yes,Yes,No,No,No,Month-to-month,No,Mailed check,50.84,1889.49,No
CUST-02283,Female,0,Yes,No,71,Yes,No,DSL,No,Yes,Yes,No,Yes,Yes,Month-to-month,Yes,Mailed check,43.48,3187.26,No
CUST-02284,Female,0,No,Yes,33,Yes,Yes,DSL,No,No,No,Yes,No,Yes,One year,Yes,Credit card (automatic),98.38,3570.15,Yes
CUST-02285,Female,0,No,No,36,No,No phone service,No,No internet service,No internet service,No internet service,No internet service,No internet service,No internet service,Month-to-month,Yes,Mailed check,69.05,2348.12,No
CUST-02286,Female,0,No,No,40,Yes,Yes,No,No internet service,No internet service,No internet service,No internet service,No internet service,No internet service,Two year,Yes,Bank transfer (automatic),79.15,2855.55,No
CUST-02287,Male,0,No,No,48,Yes,Yes,Fiber optic,No,Yes,No,Yes,Yes,No,Two year,Yes,Electronic check,114.21,4979.1,No
CUST-02288,Male,0,Yes,No,9,Yes,Yes,No,No internet service,No internet service,No internet service,No internet service,No internet service,No internet service,Two year,Yes,Electronic check,57.8,491.41,No
CUST-02289,Male,0,Yes,Yes,39,Yes,Yes,No,No internet service,No internet service,No internet service,No internet service,No internet service,No internet service,One year,Yes,Bank transfer (automatic),99.43,4260.12,No
CUST-02290,Male,1,No,Yes,17,Yes,No,Fiber optic,Yes,Yes,No,No,Yes,Yes,One year,No,Bank transfer (automatic),81.88,1274.23,No
CUST-02291,Female,0,No,Yes,24,No,No phone service,No,No internet service,No internet service,No internet service,No internet service,No internet service,No internet service,Month-to-month,Yes,Bank transfer (automatic),77.35,1948.95,No
CUST-02292,Female,0,No,No,40,Yes,No,Fiber optic,No,No,No,Yes,No,No,Two year,Yes,Credit card (automatic),23.46,872.7,No
CUST-02293,Male,0,Yes,No,35,Yes,No,DSL,Yes,Yes,Yes,Yes,No,No,One year,Yes,Electronic check,109.24,3596.87,No
CUST-02294,Female,0,Yes,No,1,Yes,No,No,No internet service,No internet service,No internet service,No internet service,No internet service,No internet service,Month-to-month,No,Credit card (automatic),40.86,37.48,No
CUST-02295,Female,0,No,Yes,48,Yes,No,DSL,No,No,Yes,No,No,Yes,Month-to-month,Yes,Electronic check,65.32,2964.87,Yes
CUST-02296,Female,0,No,No,66,Yes,Yes,DSL,No,No,No,No,Yes,No,Month-to-month,No,Bank transfer (automatic),93.2,5678.2,No
CUST-02297,Male,0,No,No,52,Yes,No,Fiber optic,Yes,Yes,Yes,No,Yes,No,Two year,Yes,Mailed check,70.23,3299.48,No
CUST-02298,Male,0,No,No,18,Yes,Yes,No,No internet service,No internet service,No internet service,No internet service,No internet service,No internet service,One year,Yes,Bank transfer (automatic),18.43,351.55,No
CUST-02299,Male,0,Yes,No,25,Yes,No,DSL,Yes,No,No,No,No,Yes,Two year,Yes,Bank transfer (automatic),112.9,2647.78,No
CUST-02300,Female,0,Yes,Yes,53,No,No phone service,Fiber optic,Yes,No,Yes,Yes,Yes,No,Two year,No,Credit card (automatic),20.05,981.59,No
CUST-02301,Male,0,Yes,Yes,50,Yes,No,Fiber optic,Yes,No,No,Yes,Yes,Yes,One year,Yes,Mailed check,26.99,1288.02,No
CUST-02302,Male,0,Yes,No,24,Yes,Yes,Fiber optic,No,Yes,No,Yes,No,Yes,Month-to-month,Yes,Credit card (automatic),40.41,1019.06,No
CUST-02303,Male,1,Yes,No,16,Yes,No,Fiber optic,No,Yes,No,Yes,Yes,No,Two year,No,Mailed check,77.9,1177.8,No
CUST-02304,Male,0,Yes,Yes,60,Yes,Yes,Fiber optic,No,No,No,Yes,No,No,One year,Yes,Mailed check,115.11,6964.48,No
CUST-02305,Male,0,No,Yes,45,Yes,No,No,No internet service,No internet service,No internet service,No internet service,No internet service,No internet service,One year,Yes,Mailed check,110.27,4681.33,No
CUST-02306,Male,0,No,No,54,No,No phone service,DSL,No,No,No,No,No,Yes,Month-to-month,No,Bank transfer (automatic),83.13,4387.65,No
CUST-02307,Female,0,Yes,No,49,Yes,No,No,No internet service,No internet service,No internet service,No internet service,No internet service,No internet service,Month-to-month,Yes,Credit card (automatic),92.17,4535.6,No
CUST-02308,Female,0,Yes,Yes,10,Yes,Yes,DSL,No,No,Yes,No,Yes,No,Month-to-month,Yes,Bank transfer (automatic),89.19,937.89,No
CUST-02309,Male,0,Yes,No,11,Yes,Yes,Fiber optic,No,No,No,Yes,No,Yes,One year,No,Electronic check,86.69,911.95,No
CUST-02310,Male,0,No,No,39,Yes,Yes,Fiber optic,Yes,Yes,No,No,No,No,Two year,Yes,Credit card (automatic),99.24,3828.93,No
CUST-02311,Female,0,No,No,47,Yes,No,No,No internet service,No internet service,No internet service,No internet service,No internet service,No internet service,Month-to-month,Yes,Electronic check,51.99,2513.37,Yes
CUST-02312,Female,1,No,No,55,Yes,No,DSL,Yes,No,Yes,Yes,Yes,No,Two year,Yes,Bank transfer (automatic),40.11,2106.88,No
CUST-02313,Male,0,No,Yes,7,Yes,No,Fiber optic,No,Yes,Yes,No,Yes,Yes,Month-to-month,Yes,Electronic check,52.76,348.64,No
CUST-02314,Male,0,Yes,No,13,Yes,No,DSL,Yes,Yes,Yes,No,No,No,One year,Yes,Electronic check,22.86,301.28,No
CUST-02315,Male,1,No,No,55,Yes,Yes,Fiber optic,No,Yes,Yes,No,No,Yes,Month-to-month,No,Electronic check,114.7,6879.29,No
CUST-02316,Male,0,Yes,No,53,Yes,No,Fiber optic,No,Yes,No,Yes,No,No,Two year,No,Credit card (automatic),91.95,5273.04,No
CUST-02317,Female,0,No,No,16,Yes,Yes,DSL,Yes,Yes,No,No,No,No,Month-to-month,No,Mailed check,39.34,642.07,Yes
CUST-02318,Male,0,No,No,44,No,No phone service,Fiber optic,Yes,Yes,No,Yes,No,Yes,Month-to-month,Yes,Mailed check,43.58,1887.6,No
CUST-02319,Male,1,No,No,4,Yes,Yes,DSL,Yes,Yes,No,No,Yes,Yes,Two year,No,Credit card (automatic),117.26,475.21,No
CUST-02320,Male,0,No,No,2,Yes,No,Fiber optic,Yes,Yes,Yes,Yes,No,Yes,One year,Yes,Mailed check,94.81,201.07,Yes
CUST-02321,Male,0,Yes,Yes,8,Yes,Yes,Fiber optic,No,No,Yes,Yes,No,No,Month-to-month,Yes,Bank transfer (automatic),60.57,445.1,Yes
CUST-02322,Female,0,Yes,Yes,19,Yes,Yes,Fiber optic,No,No,No,No,No,Yes,Two year,No,Credit card (automatic),38.67,776.05,Yes
CUST-02323,Female,0,Yes,No,20,Yes,Yes,DSL,Yes,Yes,No,Yes,No,No,One year,No,Credit card (automatic),22.04,454.73,No
CUST-02324,Female,0,Yes,No,32,Yes,No,DSL,No,No,No,Yes,Yes,Yes,Month-to-month,No,Mailed check,84.93,2592.22,No
CUST-02325,Male,0,Yes,No,4,Yes,Yes,No,No internet service,No internet service,No internet service,No internet service,No internet service,No internet service,One year,Yes,Credit card (automatic),96.0,412.88,No
CUST-02326,Male,0,Yes,No,23,Yes,Yes,No,No internet service,No internet service,No internet service,No internet service,No internet service,No internet service,Month-to-month,Yes,Electronic check,28.77,606.12,No
CUST-02327,Female,0,Yes,No,62,Yes,Yes,Fiber optic,Yes,Yes,Yes,Yes,No,No,Two year,No,Credit card (automatic),18.24,1225.58,No
CUST-02328,Male,0,No,No,25,Yes,Yes,Fiber optic,No,No,No,No,No,Yes,Two year,No,Credit card (automatic),53.74,1313.38,No
CUST-02329,Male,1,Yes,No,32,Yes,Yes,Fiber optic,No,No,Yes,Yes,No,No,Month-to-month,Yes,Credit card (automatic),84.74,2879.98,No
CUST-02330,Female,1,No,No,17,Yes,Yes,Fiber optic,Yes,No,No,No,No,Yes,Month-to-month,No,Bank transfer (automatic),110.38,1746.78,No
CUST-02331,Female,0,Yes,No,17,Yes,No,DSL,Yes,No,Yes,Yes,Yes,Yes,Two year,Yes,Bank transfer (automatic),105.95,1825.48,No
CUST-02332,Female,0,No,No,37,Yes,Yes,Fiber optic,No,Yes,Yes,Yes,No,Yes,Month-to-month,No,Electronic check,86.85,2913.6,No
CUST-02333,Female,0,Yes,No,32,Yes,No,DSL,No,No,Yes,No,Yes,Yes,Month-to-month,Yes,Electronic check,99.41,3040.34,Yes
CUST-02334,Male,0,No,No,26,Yes,No,No,No internet service,No internet service,No internet service,No internet service,No internet service,No internet service,Month-to-month,No,Mailed check,53.59,1485.2,Yes
CUST-02335,Male,0,Yes,No,48,Yes,No,Fiber optic,No,No,No,Yes,Yes,Yes,One year,Yes,Electronic check,42.51,2021.85,No
CUST-02336,Female,0,Yes,Yes,49,Yes,No,Fiber optic,Yes,Yes,No,No,Yes,Yes,Month-to-month,No,Credit card (automatic),30.42,1538.13,No
CUST-02337,Male,1,Yes,Yes,14,Yes,Yes,Fiber optic,No,No,No,Yes,Yes,No,Month-to-month,No,Mailed check,36.16,537.35,No
CUST-02338,Female,0,Yes,No,51,Yes,No,DSL,Yes,Yes,No,No,Yes,No,Two year,No,Bank transfer (automatic),114.29,5864.15,No
CUST-02339,Female,0,No,No,67,Yes,Yes,Fiber optic,Yes,Yes,Yes,No,Yes,No,Month-to-month,No,Mailed check,111.0,7564.66,Yes
CUST-02340,Male,0,Yes,No,18,Yes,Yes,Fiber optic,No,Yes,No,No,No,Yes,Month-to-month,No,Bank transfer (automatic),22.69,430.18,No
CUST-02341,Female,0,Yes,Yes,24,No,No phone service,DSL,Yes,No,No,Yes,No,Yes,One year,Yes,Credit card (automatic),64.99,1441.36,No
CUST-02342,Male,0,No,No,24,Yes,No,Fiber optic,No,Yes,No,No,Yes,No,One year,Yes,Credit card (automatic),55.33,1214.13,Yes
CUST-02343,Male,0,Yes,No,32,Yes,Yes,DSL,No,Yes,No,No,Yes,Yes,Month-to-month,Yes,Bank transfer (automatic),83.18,2726.67,No
CUST-02344,Male,0,No,No,59,Yes,Yes,Fiber optic,No,Yes,Yes,Yes,No,No,Month-to-month,Yes,Mailed check,50.84,3284.56,No
CUST-02345,Male,1,No,Yes,36,Yes,No,DSL,No,No,No,No,Yes,Yes,Month-to-month,Yes,Bank transfer (automatic),46.06,1706.16,Yes
CUST-02346,Female,0,Yes,No,42,Yes,Yes,Fiber optic,No,No,Yes,No,No,No,Month-to-month,Yes,Electronic check,98.92,4325.06,Yes
CUST-02347,Male,1,Yes,No,8,Yes,Yes,DSL,Yes,Yes,Yes,Yes,Yes,Yes,Month-to-month,Yes,Credit card (automatic),112.71,930.27,No
CUST-02348,Female,0,No,Yes,13,Yes,Yes,Fiber optic,No,No,Yes,No,No,Yes,One year,No,Bank transfer (automatic),38.28,508.16,No
CUST-02349,Female,0,Yes,No,2,Yes,No,Fiber optic,No,No,Yes,No,Yes,Yes,Month-to-month,Yes,Mailed check,41.53,78.04,No
CUST-02350,Female,0,No,No,68,Yes,Yes,Fiber optic,No,No,Yes,Yes,No,No,Two year,No,Bank transfer (automatic),59.91,4351.13,No
CUST-02351,Female,0,Yes,No,55,Yes,Yes,No,No internet service,No internet service,No internet service,No internet service,No internet service,No internet service,Month-to-month,Yes,Mailed check,88.63,4949.15,No
CUST-02352,Male,0,Yes,No,25,Yes,Yes,DSL,Yes,No,Yes,Yes,Yes,Yes,Month-to-month,Yes,Credit card (automatic),34.71,950.77,Yes
CUST-02353,Male,0,No,No,52,Yes,Yes,No,No internet service,No internet service,No internet service,No internet service,No internet service,No internet service,One year,Yes,Mailed check,64.79,3078.72,No
CUST-02354,Female,0,Yes,No,40,Yes,No,DSL,Yes,Yes,Yes,Yes,Yes,Yes,Month-to-month,Yes,Credit card (automatic),102.08,3918.63,No
CUST-02355,Female,0,Yes,No,20,Yes,No,Fiber optic,No,Yes,No,Yes,No,No,Month-to-month,Yes,Credit card (automatic),41.41,761.84,Yes
CUST-02356,Male,0,Yes,Yes,38,Yes,No,DSL,No,No,Yes,Yes,No,No,Month-to-month,Yes,Mailed check,22.77,927.41,No
CUST-02357,Female,0,No,Yes,22,Yes,Yes,Fiber optic,Yes,No,No,No,No,Yes,Two year,Yes,Bank transfer (automatic),108.68,2542.96,No
CUST-02358,Male,0,Yes,No,57,Yes,Yes,No,No internet service,No internet service,No internet service,No internet service,No internet service,No internet service,Month-to-month,No,Electronic check,96.75,5815.92,Yes
CUST-02359,Female,0,No,Yes,68,Yes,Yes,No,No internet service,No internet service,No internet service,No internet service,No internet service,No internet service,Two year,No,Bank transfer (automatic),87.88,6189.3,No
CUST-02360,Male,0,Yes,No,28,Yes,No,DSL,Yes,Yes,Yes,No,Yes,No,Month-to-month,Yes,Mailed check,26.73,689.55,No
CUST-02361,Female,1,No,No,61,Yes,No,DSL,No,Yes,No,No,No,Yes,Two year,Yes,Credit card (automatic),107.93,6459.89,No
CUST-02362,Female,0,Yes,No,52,Yes,Yes,Fiber optic,Yes,No,No,No,Yes,Yes,Month-to-month,Yes,Mailed check,48.53,2626.78,Yes
CUST-02363,Male,0,Yes,No,44,Yes,Yes,No,No internet service,No internet service,No internet service,No internet service,No internet service,No internet service,One year,No,Bank transfer (automatic),39.15,1674.66,No
CUST-02364,Female,0,No,No,26,Yes,Yes,DSL,No,No,No,No,Yes,No,One year,Yes,Mailed check,66.75,1811.11,No
CUST-02365,Female,0,Yes,No,33,Yes,No,No,No internet service,No internet service,No internet service,No internet service,No internet service,No internet service,Month-to-month,Yes,Credit card (automatic),110.28,3483.04,Yes
CUST-02366,Male,0,No,Yes,13,Yes,Yes,Fiber optic,No,Yes,No,No,Yes,Yes,One year,No,Mailed check,117.46,1540.28,No
CUST-02367,Female,1,Yes,Yes,40,Yes,No,Fiber optic,No,No,No,No,Yes,No,Month-to-month,No,Credit card (automatic),79.41,3083.99,Yes
CUST-02368,Male,1,No,No,59,Yes,No,Fiber optic,Yes,No,Yes,Yes,No,Yes,Month-to-month,No,Credit card (automatic),113.55,7264.21,Yes
CUST-02369,Male,0,Yes,Yes,41,Yes,Yes,No,No internet service,No internet service,No internet service,No internet service,No internet service,No internet service,Month-to-month,Yes,Mailed check,63.33,2566.61,No
CUST-02370,Female,0,No,No,50,Yes,Yes,No,No internet service,No internet service,No internet service,No internet service,No internet service,No internet service,Month-to-month,Yes,Bank transfer (automatic),20.97,1003.77,No
CUST-02371,Female,0,Yes,No,10,Yes,Yes,DSL,Yes,Yes,Yes,No,Yes,No,Month-to-month,Yes,Bank transfer (automatic),45.57,415.33,No
CUST-02372,Female,0,No,No,34,Yes,No,Fiber optic,Yes,Yes,No,Yes,No,Yes,One year,Yes,Electronic check,48.18,1521.96,No
CUST-02373,Female,0,No,Yes,18,Yes,Yes,No,No internet service,No internet service,No internet service,No internet service,No internet service,No internet service,Month-to-month,No,Electronic check,96.27,1755.35,No
CUST-02374,Female,0,Yes,No,64,No,No phone service,DSL,No,No,No,Yes,Yes,Yes,One year,No,Bank transfer (automatic),30.42,2025.2,No
CUST-02375,Female,0,No,Yes,60,Yes,No,Fiber optic,Yes,No,Yes,Yes,Yes,Yes,Month-to-month,Yes,Credit card (automatic),35.49,2322.91,Yes
CUST-02376,Female,0,No,No,46,Yes,Yes,DSL,Yes,No,Yes,No,No,Yes,Month-to-month,No,Mailed check,79.43,3724.52,No
CUST-02377,Male,0,Yes,Yes,13,Yes,Yes,Fiber optic,No,Yes,No,No,No,No,Month-to-month,Yes,Mailed check,31.06,418.38,No
CUST-02378,Female,0,Yes,No,66,Yes,No,DSL,No,No,No,No,No,No,Two year,Yes,Mailed check,67.55,4565.13,No
CUST-02379,Male,1,Yes,Yes,51,Yes,No,Fiber optic,Yes,No,No,Yes,No,No,Month-to-month,No,Credit card (automatic),21.51,1185.31,No
CUST-02380,Female,0,Yes,Yes,31,Yes,Yes,Fiber optic,No,No,Yes,Yes,No,Yes,Month-to-month,Yes,Bank transfer (automatic),84.89,2527.61,No
CUST-02381,Female,1,Yes,No,9,Yes,No,DSL,No,Yes,Yes,No,No,Yes,Month-to-month,No,Bank transfer (automatic),108.84,999.78,No
CUST-02382,Male,0,Yes,Yes,16,Yes,Yes,Fiber optic,No,Yes,Yes,Yes,Yes,Yes,Month-to-month,Yes,Credit card (automatic),105.49,1843.05,No
CUST-02383,Female,0,No,No,39,Yes,Yes,DSL,No,Yes,Yes,No,No,No,Two year,No,Credit card (automatic),25.36,891.55,No
CUST-02384,Female,1,No,Yes,67,Yes,Yes,No,No internet service,No internet service,No internet service,No internet service,No internet service,No internet service,Month-to-month,Yes,Bank transfer (automatic),77.1,4929.09,No
CUST-02385,Male,0,No,No,62,No,No phone service,Fiber optic,Yes,Yes,No,Yes,Yes,No,Two year,Yes,Mailed check,28.38,1850.63,No
CUST-02386,Female,0,Yes,No,14,Yes,No,Fiber optic,Yes,Yes,No,Yes,Yes,No,Two year,No,Mailed check,23.35,324.93,No
CUST-02387,Female,0,Yes,Yes,38,Yes,Yes,Fiber optic,Yes,No,No,Yes,No,No,One year,No,Mailed check,79.04,2804.32,No
CUST-02388,Female,0,No,No,56,Yes,Yes,DSL,Yes,No,Yes,Yes,Yes,No,Month-to-month,No,Bank transfer (automatic),75.25,4274.39,No
CUST-02389,Male,0,No,No,9,Yes,No,Fiber optic,Yes,Yes,No,No,No,Yes,Month-to-month,Yes,Mailed check,27.38,247.16,Yes
CUST-02390,Female,1,Yes,Yes,70,Yes,No,No,No internet service,No internet service,No internet service,No internet service,No internet service,No internet service,Two year,Yes,Credit card (automatic),53.99,3744.62,No
CUST-02391,Female,1,No,Yes,16,No,No phone service,Fiber optic,No,No,Yes,Yes,Yes,Yes,Month-to-month,Yes,Bank transfer (automatic),49.67,769.57,No
CUST-02392,Female,1,Yes,No,16,Yes,Yes,Fiber optic,No,No,Yes,Yes,Yes,No,Two year,Yes,Bank transfer (automatic),52.25,761.18,Yes
CUST-02393,Female,0,Yes,No,15,No,No phone service,No,No internet service,No internet service,No internet service,No internet service,No internet service,No internet service,Month-to-month,No,Mailed check,51.32,785.83,Yes
CUST-02394,Male,0,No,No,2,Yes,No,Fiber optic,No,Yes,No,No,No,Yes,Month-to-month,Yes,Electronic check,100.47,201.63,Yes
CUST-02395,Male,0,Yes,No,50,Yes,Yes,Fiber optic,Yes,Yes,No,No,Yes,Yes,Two year,No,Bank transfer (automatic),53.36,2713.55,No
CUST-02396,Female,1,Yes,No,45,Yes,No,No,No internet service,No internet service,No internet service,No internet service,No internet service,No internet service,One year,No,Credit card (automatic),51.04,2068.24,No
CUST-02397,Female,0,Yes,Yes,54,Yes,No,Fiber optic,Yes,Yes,No,No,Yes,No,One year,Yes,Bank transfer (automatic),20.96,1037.37,No
CUST-02398,Male,0,Yes,No,25,Yes,No,DSL,No,No,Yes,Yes,No,Yes,Month-to-month,Yes,Mailed check,97.04,2264.77,No
CUST-02399,Male,0,No,No,30,Yes,No,DSL,No,No,No,Yes,Yes,No,Two year,Yes,Credit card (automatic),83.99,2493.72,No
CUST-02400,Female,0,Yes,No,71,No,No phone service,Fiber optic,No,Yes,No,Yes,No,Yes,Month-to-month,No,Electronic check,52.14,3929.9,No
CUST-02401,Male,0,Yes,No,18,Yes,Yes,Fiber optic,No,No,No,Yes,No,No,Two year,Yes,Electronic check,63.18,1079.43,No
CUST-02402,Female,1,No,No,67,Yes,Yes,DSL,Yes,No,No,No,Yes,Yes,Two year,No,Mailed check,97.41,6928.94,No
CUST-02403,Male,1,Yes,No,14,Yes,Yes,DSL,No,No,Yes,Yes,Yes,Yes,Month-to-month,Yes,Credit card (automatic),52.42,695.02,No
CUST-02404,Male,0,Yes,No,57,Yes,No,No,No internet service,No internet service,No internet service,No internet service,No internet service,No internet service,Month-to-month,Yes,Credit card (automatic),65.34,3909.89,No
CUST-02405,Male,0,No,Yes,29,Yes,No,DSL,No,No,Yes,No,No,No,Month-to-month,No,Electronic check,19.98,622.79,No
CUST-02406,Male,1,No,Yes,47,Yes,No,Fiber optic,Yes,Yes,No,Yes,Yes,Yes,Month-to-month,Yes,Mailed check,109.83,5488.73,No
CUST-02407,Female,0,Yes,No,55,Yes,No,DSL,Yes,Yes,Yes,Yes,No,No,Month-to-month,No,Mailed check,55.12,3176.14,No
CUST-02408,Male,0,Yes,No,41,Yes,Yes,Fiber optic,No,No,No,Yes,Yes,Yes,Month-to-month,Yes,Electronic check,47.64,1772.93,No
CUST-02409,Male,0,No,Yes,23,No,No phone service,Fiber optic,No,Yes,Yes,Yes,Yes,No,One year,Yes,Bank transfer (automatic),78.91,1753.28,No
CUST-02410,Female,0,Yes,No,51,Yes,No,No,No internet service,No internet service,No internet service,No internet service,No internet service,No internet service,Two year,No,Electronic check,70.67,3385.41,No
CUST-02411,Male,0,Yes,No,42,Yes,Yes,No,No internet service,No internet service,No internet service,No internet service,No internet service,No internet service,Month-to-month,Yes,Credit card (automatic),58.09,2427.38,Yes
CUST-02412,Male,0,Yes,Yes,33,Yes,Yes,DSL,No,Yes,Yes,Yes,Yes,Yes,One year,No,Bank transfer (automatic),110.24,3531.9,No
CUST-02413,Female,0,No,Yes,59,Yes,No,Fiber optic,Yes,No,Yes,No,Yes,Yes,Month-to-month,No,Bank transfer (automatic),54.3,3279.18,Yes
CUST-02414,Male,0,Yes,No,2,Yes,Yes,Fiber optic,Yes,Yes,Yes,Yes,Yes,Yes,One year,No,Bank transfer (automatic),117.84,238.78,No
CUST-02415,Female,1,No,No,67,Yes,Yes,DSL,No,No,No,No,Yes,Yes,One year,Yes,Credit card (automatic),96.91,6403.18,No
CUST-02416,Female,0,No,No,10,Yes,No,Fiber optic,Yes,No,No,Yes,Yes,Yes,Two year,No,Electronic check,108.33,1141.24,No
CUST-02417,Female,1,No,No,12,Yes,No,No,No internet service,No internet service,No internet service,No internet service,No internet service,No internet service,One year,No,Bank transfer (automatic),46.28,501.47,No
CUST-02418,Female,0,No,No,49,Yes,No,Fiber optic,No,Yes,No,No,Yes,No,Month-to-month,No,Mailed check,25.02,1315.66,No
CUST-02419,Male,0,Yes,Yes,18,Yes,Yes,Fiber optic,No,Yes,No,No,Yes,No,Two year,Yes,Mailed check,59.92,971.34,No
CUST-02420,Female,0,No,No,43,Yes,No,Fiber optic,No,No,Yes,No,No,Yes,Month-to-month,Yes,Bank transfer (automatic),49.34,2101.26,No
CUST-02421,Male,1,Yes,No,32,Yes,No,Fiber optic,Yes,Yes,No,No,No,No,Two year,No,Electronic check,24.07,828.99,No
CUST-02422,Male,0,No,No,37,Yes,Yes,Fiber optic,No,No,No,No,No,No,Two year,Yes,Credit card (automatic),25.15,915.29,No
CUST-02423,Male,0,No,Yes,2,Yes,Yes,Fiber optic,No,Yes,Yes,Yes,Yes,No,Month-to-month,No,Bank transfer (automatic),35.43,74.48,Yes
CUST-02424,Male,0,Yes,Yes,64,Yes,No,Fiber optic,Yes,No,Yes,Yes,No,No,Month-to-month,No,Credit card (automatic),55.78,3500.61,No
CUST-02425,Male,0,No,No,34,Yes,Yes,DSL,Yes,No,No,Yes,Yes,Yes,Month-to-month,Yes,Mailed check,111.52,4057.8,No
CUST-02426,Male,0,No,No,35,Yes,Yes,No,No internet service,No internet service,No internet service,No internet service,No internet service,No internet service,Month-to-month,No,Mailed check,83.78,3225.08,No
CUST-02427,Male,1,Yes,No,37,Yes,No,DSL,Yes,Yes,No,Yes,No,No,Month-to-month,Yes,Bank transfer (automatic),57.84,2310.56,No
CUST-02428,Male,1,No,No,38,Yes,No,Fiber optic,No,No,No,Yes,Yes,Yes,Two year,Yes,Credit card (automatic),97.94,3391.04,No
CUST-02429,Male,0,No,No,24,Yes,Yes,No,No internet service,No internet service,No internet service,No internet service,No internet service,No internet service,Two year,Yes,Electronic check,74.85,1670.03,No
CUST-02430,Male,1,No,No,63,Yes,No,Fiber optic,No,Yes,Yes,Yes,No,Yes,One year,No,Mailed check,59.74,3795.13,No
CUST-02431,Female,0,Yes,No,12,Yes,Yes,DSL,Yes,Yes,No,Yes,Yes,No,Month-to-month,Yes,Credit card (automatic),32.44,425.22,Yes
CUST-02432,Female,0,No,No,67,Yes,Yes,No,No internet service,No internet service,No internet service,No internet service,No internet service,No internet service,Two year,No,Electronic check,110.7,7277.94,No
CUST-02433,Female,0,Yes,No,69,Yes,Yes,No,No internet service,No internet service,No internet service,No internet service,No internet service,No internet service,One year,No,Credit card (automatic),80.39,5299.56,No
CUST-02434,Male,0,Yes,Yes,0,Yes,Yes,Fiber optic,Yes,No,No,No,Yes,No,Month-to-month,No,Mailed check,61.93,0.0,Yes
CUST-02435,Female,0,Yes,Yes,71,Yes,No,Fiber optic,No,No,Yes,Yes,No,Yes,Two year,No,Mailed check,61.83,4573.24,No
CUST-02436,Female,1,No,No,53,Yes,Yes,Fiber optic,No,Yes,No,No,Yes,Yes,One year,No,Bank transfer (automatic),94.5,5279.39,Yes
CUST-02437,Female,0,No,No,8,No,No phone service,Fiber optic,No,Yes,No,Yes,No,Yes,One year,Yes,Credit card (automatic),35.95,265.21,No
CUST-02438,Male,0,No,No,35,Yes,Yes,Fiber optic,Yes,No,Yes,No,No,No,Two year,No,Mailed check,59.75,1991.94,No
CUST-02439,Male,0,No,No,36,No,No phone service,DSL,Yes,No,Yes,No,No,Yes,Two year,Yes,Credit card (automatic),24.3,875.43,No
CUST-02440,Male,1,Yes,No,58,Yes,No,DSL,No,Yes,Yes,Yes,Yes,No,Month-to-month,Yes,Bank transfer (automatic),25.99,1578.7,No
CUST-02441,Male,0,Yes,No,20,No,No phone service,DSL,Yes,Yes,No,Yes,Yes,No,Month-to-month,Yes,Mailed check,70.63,1369.46,Yes
CUST-02442,Female,0,No,No,19,No,No phone service,DSL,Yes,Yes,Yes,No,No,Yes,Month-to-month,No,Mailed check,56.08,1002.5,No
CUST-02443,Female,0,No,Yes,0,Yes,Yes,No,No internet service,No internet service,No internet service,No internet service,No internet service,No internet service,Month-to-month,Yes,Electronic check,89.95,0.0,No
CUST-02444,Female,0,Yes,No,58,Yes,No,Fiber optic,No,No,Yes,Yes,Yes,No,Month-to-month,Yes,Bank transfer (automatic),116.67,6664.41,Yes
CUST-02445,Female,0,No,No,27,Yes,No,Fiber optic,No,No,Yes,Yes,No,No,Month-to-month,No,Credit card (automatic),103.94,3015.72,No
CUST-02446,Male,0,No,No,70,No,No phone service,No,No internet service,No internet service,No internet service,No internet service,No internet service,No internet service,Month-to-month,No,Credit card (automatic),62.19,4730.96,No
CUST-02447,Male,0,No,No,55,Yes,Yes,DSL,Yes,Yes,Yes,No,Yes,No,Month-to-month,Yes,Electronic check,55.79,2865.2,No
CUST-02448,Male,0,No,Yes,8,Yes,No,No,No internet service,No internet service,No internet service,No internet service,No internet service,No internet service,Two year,Yes,Bank transfer (automatic),76.51,585.09,No
CUST-02449,Female,0,No,No,64,Yes,Yes,No,No internet service,No internet service,No internet service,No internet service,No internet service,No internet service,One year,Yes,Credit card (automatic),27.17,1838.35,No
CUST-02450,Male,0,No,No,35,Yes,No,No,No internet service,No internet service,No internet service,No internet service,No internet service,No internet service,Month-to-month,No,Credit card (automatic),116.77,3878.56,No
CUST-02451,Male,0,Yes,No,33,Yes,No,DSL,No,Yes,No,Yes,Yes,No,Month-to-month,Yes,Electronic check,116.1,3650.96,No
CUST-02452,Female,1,Yes,No,31,Yes,No,DSL,No,No,Yes,No,No,Yes,Two year,Yes,Mailed check,110.3,3540.1,No
CUST-02453,Female,0,Yes,No,65,Yes,Yes,Fiber optic,No,Yes,No,No,Yes,No,Month-to-month,Yes,Credit card (automatic),84.22,5486.16,Yes
CUST-02454,Male,1,Yes,No,24,No,No phone service,DSL,Yes,No,No,No,No,Yes,Month-to-month,No,Bank transfer (automatic),68.31,1706.2,Yes
CUST-02455,Male,0,No,Yes,50,Yes,No,Fiber optic,No,Yes,No,Yes,No,Yes,Two year,No,Credit card (automatic),88.67,4054.51,No
CUST-02456,Male,0,No,No,62,Yes,Yes,DSL,Yes,Yes,Yes,No,No,Yes,One year,Yes,Credit card (automatic),49.44,3067.86,No
CUST-02457,Male,0,Yes,No,44,Yes,No,Fiber optic,No,No,No,Yes,No,Yes,Month-to-month,Yes,Bank transfer (automatic),103.22,4698.68,No
CUST-02458,Male,1,Yes,No,25,No,No phone service,Fiber optic,No,No,No,No,No,Yes,Month-to-month,No,Bank transfer (automatic),31.46,782.47,Yes
CUST-02459,Male,0,Yes,No,20,Yes,Yes,Fiber optic,No,No,Yes,No,No,Yes,Month-to-month,Yes,Mailed check,98.35,1820.58,No
CUST-02460,Female,0,Yes,No,50,Yes,Yes,DSL,No,Yes,Yes,No,Yes,No,One year,No,Credit card (automatic),104.75,4854.0,No
CUST-02461,Female,1,Yes,No,23,Yes,No,No,No internet service,No internet service,No internet service,No internet service,No internet service,No internet service,One year,Yes,Mailed check,35.02,819.64,No
CUST-02462,Female,0,No,Yes,11,Yes,No,DSL,No,Yes,No,Yes,No,No,Month-to-month,No,Bank transfer (automatic),65.86,672.88,No
CUST-02463,Male,0,No,No,10,Yes,Yes,DSL,Yes,Yes,No,No,No,No,Month-to-month,No,Electronic check,107.17,1029.64,Yes
CUST-02464,Female,0,Yes,Yes,26,Yes,Yes,Fiber optic,No,No,Yes,No,Yes,No,One year,No,Electronic check,113.93,2927.33,No
CUST-02465,Male,0,Yes,Yes,22,Yes,Yes,Fiber optic,Yes,No,Yes,No,Yes,Yes,Month-to-month,Yes,Mailed check,99.14,2221.79,No
CUST-02466,Male,0,No,No,32,Yes,No,Fiber optic,No,No,No,No,No,Yes,Two year,Yes,Credit card (automatic),112.09,3418.52,No
CUST-02467,Female,0,No,Yes,37,No,No phone service,No,No internet service,No internet service,No internet service,No internet service,No internet service,No internet service,Month-to-month,Yes,Mailed check,111.7,4054.58,No
CUST-02468,Male,0,No,No,54,Yes,Yes,No,No internet service,No internet service,No internet service,No internet service,No internet service,No internet service,Month-to-month,No,Credit card (automatic),115.97,6096.83,No
CUST-02469,Male,0,Yes,No,69,Yes,No,DSL,Yes,Yes,Yes,No,No,Yes,Month-to-month,Yes,Electronic check,59.34,3764.5,Yes
CUST-02470,Female,1,No,No,41,Yes,No,Fiber optic,No,No,Yes,Yes,No,No,Two year,No,Electronic check,46.69,2030.59,No
CUST-02471,Female,1,Yes,No,28,Yes,Yes,Fiber optic,Yes,No,No,No,Yes,Yes,One year,No,Mailed check,81.29,2386.46,No
CUST-02472,Female,0,Yes,No,33,Yes,Yes,No,No internet service,No internet service,No internet service,No internet service,No internet service,No internet service,Two year,Yes,Credit card (automatic),36.89,1286.55,No
CUST-02473,Male,0,No,No,56,Yes,Yes,Fiber optic,Yes,No,Yes,Yes,Yes,Yes,Month-to-month,Yes,Credit card (automatic),73.7,3836.09,No
CUST-02474,Female,0,No,No,2,Yes,Yes,Fiber optic,No,Yes,Yes,No,Yes,No,One year,Yes,Credit card (automatic),75.93,152.39,No
CUST-02475,Female,0,No,Yes,5,Yes,No,Fiber optic,Yes,No,No,No,Yes,Yes,Month-to-month,No,Credit card (automatic),98.64,476.46,No
CUST-02476,Male,0,Yes,No,47,Yes,Yes,Fiber optic,Yes,No,No,Yes,No,Yes,One year,No,Electronic check,54.18,2469.3,No
CUST-02477,Female,0,No,No,63,Yes,No,No,No internet service,No internet service,No internet service,No internet service,No internet service,No internet service,Month-to-month,Yes,Electronic check,78.18,4497.63,No
CUST-02478,Female,0,No,No,12,Yes,No,DSL,Yes,Yes,No,No,Yes,Yes,Month-to-month,Yes,Electronic check,108.33,1415.87,No
CUST-02479,Female,0,Yes,No,35,Yes,Yes,No,No internet service,No internet service,No internet service,No internet service,No internet service,No internet service,Two year,Yes,Mailed check,60.18,2291.53,No
CUST-02480,Male,0,No,No,69,Yes,No,Fiber optic,Yes,Yes,No,Yes,No,Yes,One year,Yes,Electronic check,75.17,5091.62,No
CUST-02481,Male,1,No,No,32,Yes,Yes,Fiber optic,Yes,Yes,Yes,Yes,No,No,Two year,No,Bank transfer (automatic),96.74,3315.12,No
CUST-02482,Male,0,Yes,No,56,Yes,No,Fiber optic,No,Yes,Yes,No,Yes,No,Month-to-month,No,Mailed check,42.96,2324.02,Yes
CUST-02483,Male,0,Yes,No,54,No,No phone service,DSL,Yes,Yes,Yes,Yes,No,No,Month-to-month,Yes,Bank transfer (automatic),28.34,1548.55,Yes
CUST-02484,Female,0,Yes,Yes,12,Yes,No,No,No internet service,No internet service,No internet service,No internet service,No internet service,No internet service,Two year,Yes,Credit card (automatic),86.18,1084.75,No
CUST-02485,Male,0,Yes,No,50,Yes,No,DSL,No,Yes,No,No,No,Yes,Month-to-month,Yes,Bank transfer (automatic),55.05,2765.2,No
CUST-02486,Male,0,Yes,Yes,52,Yes,Yes,DSL,Yes,No,Yes,Yes,No,Yes,Month-to-month,No,Credit card (automatic),56.16,2723.96,No
CUST-02487,Female,0,No,No,35,Yes,No,DSL,Yes,Yes,No,Yes,Yes,Yes,Month-to-month,Yes,Electronic check,111.01,3791.35,Yes
CUST-02488,Female,0,No,No,4,Yes,No,DSL,No,No,Yes,Yes,No,Yes,Month-to-month,Yes,Bank transfer (automatic),58.79,247.36,Yes
CUST-02489,Female,0,Yes,Yes,24,Yes,No,Fiber optic,Yes,Yes,Yes,Yes,No,No,Two year,Yes,Mailed check,113.37,2873.72,No
CUST-02490,Male,0,No,No,36,Yes,No,DSL,Yes,No,Yes,No,No,Yes,Month-to-month,Yes,Credit card (automatic),28.64,997.62,No
CUST-02491,Male,0,No,No,18,Yes,No,Fiber optic,No,Yes,Yes,No,Yes,Yes,Two year,Yes,Mailed check,52.3,949.02,No
CUST-02492,Male,1,Yes,No,34,Yes,No,Fiber optic,No,Yes,Yes,No,No,Yes,Two year,Yes,Mailed check,87.29,2794.01,No
CUST-02493,Female,0,Yes,Yes,33,Yes,No,No,No internet service,No internet service,No internet service,No internet service,No internet service,No internet service,Month-to-month,No,Mailed check,30.6,959.53,No
CUST-02494,Female,0,Yes,No,53,Yes,No,DSL,Yes,No,Yes,Yes,Yes,Yes,Two year,Yes,Electronic check,56.7,2791.62,No
CUST-02495,Male,1,No,No,45,Yes,No,DSL,Yes,No,No,No,No,No,One year,Yes,Mailed check,103.17,4585.01,No
CUST-02496,Female,0,Yes,No,5,Yes,Yes,DSL,Yes,No,No,Yes,Yes,Yes,Two year,No,Bank transfer (automatic),94.18,491.61,No
CUST-02497,Female,0,No,No,0,Yes,No,No,No internet service,No internet service,No internet service,No internet service,No internet service,No internet service,Two year,No,Electronic check,46.21,0.0,No
CUST-02498,Female,0,No,No,70,Yes,No,Fiber optic,No,No,No,Yes,Yes,Yes,Month-to-month,No,Credit card (automatic),53.65,3789.07,No
CUST-02499,Male,0,No,No,33,Yes,Yes,Fiber optic,Yes,Yes,Yes,Yes,Yes,No,Two year,Yes,Credit card (automatic),68.51,2329.58,No
CUST-02500,Female,0,No,No,55,Yes,No,Fiber optic,No,No,No,Yes,No,Yes,Month-to-month,Yes,Mailed check,91.13,4778.41,Yes
CUST-02501,Female,0,Yes,Yes,25,Yes,No,DSL,No,No,No,Yes,No,Yes,One year,Yes,Credit card (automatic),33.19,780.31,No
CUST-02502,Male,1,No,Yes,41,Yes,Yes,DSL,No,Yes,No,No,Yes,Yes,Month-to-month,Yes,Credit card (automatic),70.77,2841.05,No
CUST-02503,Male,1,Yes,Yes,37,Yes,No,No,No internet service,No internet service,No internet service,No internet service,No internet service,No internet service,One year,No,Bank transfer (automatic),25.34,948.63,No
CUST-02504,Female,0,No,No,25,Yes,Yes,DSL,No,No,No,No,Yes,Yes,Month-to-month,Yes,Bank transfer (automatic),57.78,1309.75,No
CUST-02505,Female,0,Yes,No,58,No,No phone service,No,No internet service,No internet service,No internet service,No internet service,No internet service,No internet service,Month-to-month,No,Mailed check,37.1,1976.26,No
CUST-02506,Male,0,Yes,No,23,Yes,No,No,No internet service,No internet service,No internet service,No internet service,No internet service,No internet service,One year,Yes,Mailed check,48.9,1154.12,No
CUST-02507,Male,0,Yes,No,20,Yes,Yes,Fiber optic,No,No,No,No,Yes,Yes,Month-to-month,Yes,Bank transfer (automatic),51.15,961.48,No
CUST-02508,Female,0,No,No,59,Yes,Yes,No,No internet service,No internet service,No internet service,No internet service,No internet service,No internet service,One year,No,Bank transfer (automatic),95.01,5553.3,No
CUST-02509,Female,0,No,No,19,Yes,No,DSL,Yes,No,Yes,No,No,Yes,Two year,Yes,Mailed check,44.52,919.73,No
CUST-02510,Female,1,No,Yes,5,Yes,No,DSL,Yes,No,No,Yes,Yes,Yes,Month-to-month,No,Bank transfer (automatic),84.38,452.5,No
CUST-02511,Female,1,Yes,Yes,66,Yes,Yes,DSL,Yes,No,No,Yes,No,Yes,One year,Yes,Mailed check,71.33,4296.98,No
CUST-02512,Male,0,No,No,9,No,No phone service,DSL,Yes,No,Yes,No,No,No,One year,Yes,Electronic check,98.42,807.6,Yes
CUST-02513,Female,0,No,No,11,Yes,Yes,DSL,Yes,Yes,No,Yes,No,Yes,Two year,Yes,Electronic check,50.16,512.61,No
CUST-02514,Female,0,No,No,21,Yes,Yes,Fiber optic,Yes,No,Yes,No,No,Yes,One year,No,Credit card (automatic),117.47,2277.61,No
CUST-02515,Male,0,Yes,No,61,Yes,No,DSL,No,No,No,Yes,Yes,Yes,Month-to-month,No,Credit card (automatic),47.58,2759.48,No
CUST-02516,Female,0,No,No,60,Yes,Yes,Fiber optic,No,No,No,Yes,No,No,Month-to-month,No,Mailed check,75.95,4440.4,Yes
CUST-02517,Male,0,No,No,16,Yes,No,DSL,No,No,Yes,No,Yes,Yes,Two year,No,Mailed check,81.22,1191.13,No
CUST-02518,Female,0,Yes,No,9,Yes,No,DSL,Yes,Yes,No,No,No,Yes,Month-to-month,Yes,Mailed check,71.82,641.28,No
CUST-02519,Female,0,Yes,Yes,11,Yes,No,Fiber optic,No,No,Yes,Yes,Yes,Yes,Month-to-month,No,Credit card (automatic),103.88,1149.5,No
CUST-02520,Male,0,Yes,No,39,Yes,No,Fiber optic,Yes,No,No,No,Yes,Yes,Two year,No,Bank transfer (automatic),29.3,1179.63,No
CUST-02521,Male,0,Yes,No,22,Yes,Yes,No,No internet service,No internet service,No internet service,No internet service,No internet service,No internet service,Month-to-month,No,Bank transfer (automatic),77.73,1678.03,Yes
CUST-02522,Female,0,Yes,No,39,No,No phone service,No,No internet service,No internet service,No internet service,No internet service,No internet service,No internet service,Month-to-month,Yes,Credit card (automatic),68.63,2567.31,No
CUST-02523,Female,0,Yes,Yes,49,Yes,No,Fiber optic,Yes,No,Yes,No,Yes,Yes,Two year,Yes,Electronic check,59.72,3010.08,No
CUST-02524,Female,0,No,No,9,Yes,No,No,No internet service,No internet service,No internet service,No internet service,No internet service,No internet service,One year,Yes,Mailed check,52.62,512.53,No
CUST-02525,Male,1,No,No,3,Yes,Yes,DSL,No,Yes,No,No,Yes,No,Month-to-month,No,Mailed check,33.29,97.8,Yes
CUST-02526,Female,0,Yes,No,0,Yes,No,Fiber optic,No,No,Yes,Yes,No,Yes,Month-to-month,No,Credit card (automatic),83.0,0.0,Yes
CUST-02527,Male,0,No,Yes,42,Yes,Yes,Fiber optic,No,No,Yes,No,No,No,Month-to-month,No,Mailed check,29.77,1304.78,Yes
CUST-02528,Male,0,Yes,Yes,4,Yes,Yes,Fiber optic,Yes,No,No,Yes,No,Yes,Month-to-month,No,Bank transfer (automatic),100.93,434.18,No
CUST-02529,Female,0,No,No,33,Yes,Yes,Fiber optic,No,No,No,Yes,Yes,No,Month-to-month,No,Mailed check,62.77,2261.9,Yes
CUST-02530,Male,0,Yes,No,65,No,No phone service,No,No internet service,No internet service,No internet service,No internet service,No internet service,No internet service,Month-to-month,No,Bank transfer (automatic),78.54,4819.36,No
CUST-02531,Female,0,Yes,Yes,23,Yes,No,Fiber optic,No,Yes,No,No,Yes,Yes,Month-to-month,Yes,Credit card (automatic),25.78,569.55,No
CUST-02532,Female,0,No,No,13,Yes,No,DSL,No,No,Yes,Yes,Yes,Yes,Two year,No,Electronic check,27.34,384.27,No
CUST-02533,Female,0,No,Yes,40,Yes,Yes,Fiber optic,Yes,Yes,Yes,Yes,No,No,Two year,Yes,Mailed check,41.59,1587.07,No
CUST-02534,Female,0,No,No,41,Yes,Yes,Fiber optic,Yes,Yes,No,Yes,No,Yes,Month-to-month,Yes,Credit card (automatic),95.97,3813.26,Yes
CUST-02535,Female,0,No,No,12,Yes,No,Fiber optic,Yes,No,Yes,Yes,Yes,Yes,Month-to-month,Yes,Mailed check,66.58,821.24,No
CUST-02536,Male,0,No,No,28,Yes,Yes,DSL,No,No,Yes,Yes,No,Yes,Two year,Yes,Bank transfer (automatic),49.09,1393.25,No
CUST-02537,Male,0,No,No,64,Yes,Yes,No,No internet service,No internet service,No internet service,No internet service,No internet service,No internet service,Month-to-month,Yes,Mailed check,102.95,7086.72,Yes
CUST-02538,Female,0,No,No,45,Yes,Yes,No,No internet service,No internet service,No internet service,No internet service,No internet service,No internet service,One year,Yes,Credit card (automatic),37.19,1710.99,No
CUST-02539,Female,0,No,No,33,Yes,No,Fiber optic,Yes,Yes,No,No,No,No,Two year,Yes,Credit card (automatic),43.95,1447.12,No
CUST-02540,Male,0,Yes,No,62,Yes,Yes,DSL,No,Yes,No,Yes,No,No,Month-to-month,Yes,Bank transfer (automatic),95.67,5426.11,No
CUST-02541,Male,1,No,No,3,Yes,Yes,Fiber optic,Yes,No,Yes,Yes,No,Yes,Month-to-month,No,Mailed check,20.7,68.0,Yes
CUST-02542,Male,0,No,No,27,No,No phone service,Fiber optic,No,No,No,Yes,Yes,No,Two year,Yes,Electronic check,40.03,1064.02,No
CUST-02543,Male,1,Yes,No,0,Yes,No,Fiber optic,Yes,Yes,No,No,Yes,Yes,One year,Yes,Credit card (automatic),70.13,0.0,No
CUST-02544,Female,1,Yes,Yes,35,No,No phone service,DSL,No,No,Yes,Yes,No,Yes,Month-to-month,Yes,Mailed check,109.5,3834.06,Yes
CUST-02545,Female,0,Yes,Yes,12,Yes,No,Fiber optic,Yes,Yes,No,No,No,No,Two year,Yes,Bank transfer (automatic),44.59,560.55,No
CUST-02546,Male,0,Yes,No,4,No,No phone service,Fiber optic,No,No,Yes,Yes,No,No,Two year,No,Credit card (automatic),39.31,161.85,No
CUST-02547,Female,0,No,No,13,Yes,No,No,No internet service,No internet service,No internet service,No internet service,No internet service,No internet service,Month-to-month,Yes,Mailed check,115.49,1454.13,No
CUST-02548,Male,1,No,Yes,31,Yes,No,Fiber optic,No,No,No,Yes,Yes,No,Month-to-month,No,Bank transfer (automatic),70.45,2192.7,Yes
CUST-02549,Female,0,Yes,No,49,Yes,Yes,No,No internet service,No internet service,No internet service,No internet service,No internet service,No internet service,Month-to-month,Yes,Mailed check,24.25,1265.73,No
CUST-02550,Male,0,Yes,No,26,Yes,Yes,No,No internet service,No internet service,No internet service,No internet service,No internet service,No internet service,Two year,Yes,Bank transfer (automatic),45.65,1218.58,No
CUST-02551,Female,0,No,No,34,Yes,No,Fiber optic,Yes,No,Yes,Yes,No,No,Month-to-month,No,Mailed check,71.37,2647.2,Yes
CUST-02552,Male,0,No,Yes,2,Yes,Yes,Fiber optic,No,Yes,Yes,No,Yes,No,Month-to-month,No,Electronic check,25.2,52.96,Yes
CUST-02553,Male,0,No,No,3,Yes,Yes,DSL,Yes,Yes,No,No,Yes,No,Month-to-month,No,Mailed check,87.26,261.0,No
CUST-02554,Female,0,No,No,6,Yes,No,Fiber optic,No,Yes,No,No,Yes,No,Month-to-month,Yes,Bank transfer (automatic),70.25,447.38,No
CUST-02555,Male,0,Yes,No,2,Yes,No,DSL,Yes,No,No,No,Yes,No,Two year,No,Electronic check,88.97,175.88,No
CUST-02556,Female,1,No,Yes,58,Yes,Yes,DSL,Yes,No,Yes,No,No,Yes,Two year,Yes,Electronic check,52.17,2852.29,No
CUST-02557,Female,0,Yes,No,0,Yes,Yes,No,No internet service,No internet service,No internet service,No internet service,No internet service,No internet service,Month-to-month,Yes,Credit card (automatic),60.0,0.0,Yes
CUST-02558,Male,0,Yes,No,27,Yes,Yes,No,No internet service,No internet service,No internet service,No internet service,No internet service,No internet service,Two year,Yes,Credit card (automatic),110.81,2904.44,No
CUST-02559,Female,0,Yes,No,58,No,No phone service,DSL,Yes,Yes,Yes,Yes,Yes,Yes,Month-to-month,Yes,Credit card (automatic),39.07,2050.72,No
CUST-02560,Female,0,No,No,52,Yes,No,Fiber optic,No,Yes,Yes,No,Yes,Yes,One year,No,Bank transfer (automatic),21.95,1076.13,No
CUST-02561,Female,0,Yes,No,9,No,No phone service,Fiber optic,No,Yes,Yes,No,Yes,Yes,Two year,Yes,Bank transfer (automatic),116.22,976.33,No
CUST-02562,Female,0,No,No,70,Yes,No,Fiber optic,Yes,Yes,No,No,Yes,Yes,Month-to-month,No,Mailed check,18.74,1389.16,No
CUST-02563,Female,0,Yes,Yes,2,No,No phone service,DSL,No,Yes,No,No,Yes,No,Two year,No,Electronic check,106.82,223.33,No
CUST-02564,Male,0,No,No,6,Yes,No,Fiber optic,Yes,No,No,Yes,No,No,One year,Yes,Bank transfer (automatic),100.6,617.43,No
CUST-02565,Female,0,Yes,Yes,8,Yes,Yes,Fiber optic,No,No,Yes,Yes,No,Yes,One year,Yes,Mailed check,66.76,580.47,No
CUST-02566,Female,0,Yes,Yes,68,Yes,No,DSL,Yes,No,Yes,Yes,Yes,Yes,Month-to-month,No,Mailed check,88.53,5632.48,Yes
CUST-02567,Female,0,No,No,12,Yes,Yes,Fiber optic,No,No,No,Yes,No,Yes,Two year,Yes,Bank transfer (automatic),28.51,319.07,No
CUST-02568,Female,0,No,No,39,Yes,Yes,No,No internet service,No internet service,No internet service,No internet service,No internet service,No internet service,Two year,Yes,Electronic check,94.37,3981.55,No
CUST-02569,Female,0,Yes,No,61,Yes,No,No,No internet service,No internet service,No internet service,No internet service,No internet service,No internet service,Month-to-month,Yes,Bank transfer (automatic),96.38,6051.9,No
CUST-02570,Male,0,Yes,No,61,Yes,No,Fiber optic,No,Yes,Yes,Yes,Yes,No,One year,No,Mailed check,23.13,1427.18,No
CUST-02571,Female,0,No,No,9,Yes,Yes,DSL,Yes,Yes,No,Yes,No,No,One year,Yes,Bank transfer (automatic),67.72,638.72,No
CUST-02572,Male,0,Yes,Yes,10,Yes,Yes,Fiber optic,No,No,No,No,Yes,Yes,Two year,Yes,Credit card (automatic),112.81,1078.84,No
CUST-02573,Male,1,No,Yes,61,Yes,No,No,No internet service,No internet service,No internet service,No internet service,No internet service,No internet service,Month-to-month,No,Mailed check,113.11,7030.64,No
CUST-02574,Male,1,No,Yes,55,Yes,Yes,Fiber optic,No,No,Yes,No,Yes,No,One year,Yes,Bank transfer (automatic),116.45,6311.11,No
CUST-02575,Male,0,Yes,No,48,Yes,Yes,No,No internet service,No internet service,No internet service,No internet service,No internet service,No internet service,Month-to-month,Yes,Bank transfer (automatic),83.67,3861.11,No
CUST-02576,Female,0,No,Yes,15,Yes,Yes,DSL,Yes,No,Yes,Yes,No,Yes,Month-to-month,No,Electronic check,32.11,517.9,No
CUST-02577,Male,0,Yes,No,8,Yes,No,Fiber optic,No,Yes,No,Yes,Yes,Yes,Month-to-month,No,Electronic check,59.29,442.13,Yes
CUST-02578,Male,0,No,No,32,Yes,Yes,DSL,Yes,Yes,No,Yes,No,No,Month-to-month,No,Credit card (automatic),90.69,2622.25,No
CUST-02579,Female,0,No,Yes,34,No,No phone service,No,No internet service,No internet service,No internet service,No internet service,No internet service,No internet service,Month-to-month,Yes,Mailed check,46.38,1532.48,Yes
CUST-02580,Female,0,Yes,Yes,38,Yes,Yes,DSL,No,No,Yes,No,No,No,Two year,Yes,Credit card (automatic),99.01,3535.44,No
CUST-02581,Female,0,No,No,24,Yes,No,DSL,No,Yes,Yes,No,No,No,Two year,No,Credit card (automatic),104.14,2654.83,No
CUST-02582,Male,0,Yes,No,55,Yes,No,Fiber optic,Yes,No,Yes,Yes,No,Yes,Month-to-month,Yes,Credit card (automatic),94.35,4801.75,Yes
CUST-02583,Female,0,No,No,47,Yes,No,Fiber optic,Yes,Yes,Yes,Yes,Yes,No,Month-to-month,Yes,Electronic check,52.21,2668.58,Yes
CUST-02584,Female,0,No,No,9,Yes,Yes,No,No internet service,No internet service,No internet service,No internet service,No internet service,No internet service,Two year,Yes,Bank transfer (automatic),92.15,774.2,No
CUST-02585,Male,0,No,No,40,Yes,Yes,Fiber optic,No,Yes,Yes,Yes,No,No,Month-to-month,No,Credit card (automatic),25.23,1087.77,Yes
CUST-02586,Female,0,No,No,58,Yes,Yes,No,No internet service,No internet service,No internet service,No internet service,No internet service,No internet service,One year,No,Electronic check,51.52,2789.97,No
CUST-02587,Female,0,Yes,No,27,Yes,Yes,DSL,Yes,No,Yes,Yes,No,No,Month-to-month,Yes,Bank transfer (automatic),94.56,2322.29,No
CUST-02588,Female,0,No,No,40,Yes,Yes,Fiber optic,Yes,Yes,No,No,Yes,No,Two year,Yes,Bank transfer (automatic),97.48,3889.72,No
CUST-02589,Female,0,No,No,65,Yes,Yes,No,No internet service,No internet service,No internet service,No internet service,No internet service,No internet service,One year,Yes,Mailed check,49.88,3149.06,No
CUST-02590,Male,0,No,No,50,Yes,No,Fiber optic,Yes,Yes,No,No,Yes,No,Month-to-month,Yes,Electronic check,114.03,5813.06,No
CUST-02591,Female,0,Yes,No,61,No,No phone service,No,No internet service,No internet service,No internet service,No internet service,No internet service,No internet service,Month-to-month,No,Credit card (automatic),45.33,2842.95,Yes
CUST-02592,Female,0,Yes,No,29,Yes,No,Fiber optic,Yes,Yes,No,Yes,No,Yes,Month-to-month,Yes,Mailed check,84.0,2647.63,Yes
CUST-02593,Male,0,Yes,Yes,39,Yes,Yes,Fiber optic,Yes,Yes,Yes,Yes,No,Yes,One year,No,Bank transfer (automatic),105.9,4504.05,No
CUST-02594,Female,1,Yes,No,39,Yes,Yes,Fiber optic,Yes,Yes,Yes,Yes,No,No,Month-to-month,Yes,Credit card (automatic),73.14,2849.59,No
CUST-02595,Male,0,No,No,68,Yes,No,No,No internet service,No internet service,No internet service,No internet service,No internet service,No internet service,Month-to-month,No,Credit card (automatic),59.25,3794.24,No
CUST-02596,Female,0,No,No,61,Yes,No,No,No internet service,No internet service,No internet service,No internet service,No internet service,No internet service,Month-to-month,Yes,Bank transfer (automatic),39.14,2266.86,No
CUST-02597,Male,0,No,Yes,14,Yes,Yes,Fiber optic,Yes,Yes,Yes,No,No,No,Month-to-month,Yes,Mailed check,37.64,484.77,Yes
CUST-02598,Male,0,Yes,No,2,No,No phone service,DSL,No,No,Yes,Yes,Yes,Yes,Month-to-month,No,Mailed check,33.89,64.8,No
CUST-02599,Male,0,Yes,Yes,23,Yes,Yes,DSL,No,No,No,No,Yes,Yes,Two year,Yes,Mailed check,62.3,1550.8,No
CUST-02600,Male,0,No,Yes,40,Yes,No,Fiber optic,Yes,Yes,Yes,No,Yes,Yes,Month-to-month,Yes,Bank transfer (automatic),72.79,2832.76,No
CUST-02601,Female,0,No,Yes,62,Yes,Yes,DSL,Yes,No,No,Yes,Yes,No,Two year,Yes,Electronic check,101.9,6481.46,No
CUST-02602,Male,0,No,No,47,Yes,Yes,Fiber optic,No,Yes,No,Yes,Yes,No,Month-to-month,Yes,Bank transfer (automatic),39.73,2047.04,No
CUST-02603,Female,0,Yes,No,60,Yes,No,No,No internet service,No internet service,No internet service,No internet service,No internet service,No internet service,Month-to-month,No,Bank transfer (automatic),93.52,5169.86,No
CUST-02604,Male,1,No,No,47,No,No phone service,Fiber optic,Yes,No,Yes,No,No,No,Two year,No,Credit card (automatic),87.41,4334.54,No
CUST-02605,Male,0,No,No,46,No,No phone service,Fiber optic,No,Yes,No,Yes,No,No,Month-to-month,Yes,Bank transfer (automatic),81.45,3896.34,No
CUST-02606,Male,0,Yes,No,55,Yes,Yes,DSL,No,No,Yes,No,Yes,No,One year,No,Bank transfer (automatic),51.93,3038.4,No
CUST-02607,Female,0,Yes,No,7,Yes,No,Fiber optic,No,No,Yes,No,No,No,One year,Yes,Electronic check,49.8,323.3,No
CUST-02608,Male,0,No,Yes,17,Yes,Yes,Fiber optic,No,No,No,No,No,No,One year,Yes,Bank transfer (automatic),93.89,1596.7,No
CUST-02609,Female,0,Yes,No,22,Yes,No,Fiber optic,Yes,No,No,Yes,No,Yes,One year,No,Credit card (automatic),45.45,1026.3,No
CUST-02610,Female,0,No,No,68,Yes,No,Fiber optic,No,Yes,No,Yes,No,Yes,One year,Yes,Mailed check,50.97,3646.25,No
CUST-02611,Female,1,No,No,64,Yes,Yes,DSL,No,Yes,No,Yes,No,Yes,Month-to-month,Yes,Credit card (automatic),114.52,7640.97,No
CUST-02612,Female,0,No,No,45,Yes,No,Fiber optic,No,Yes,Yes,No,Yes,Yes,One year,Yes,Electronic check,117.85,5378.52,No
CUST-02613,Female,0,No,No,65,Yes,No,No,No internet service,No internet service,No internet service,No internet service,No internet service,No internet service,Month-to-month,Yes,Credit card (automatic),18.17,1173.77,Yes
CUST-02614,Female,0,Yes,Yes,68,Yes,Yes,DSL,No,No,Yes,Yes,Yes,Yes,Month-to-month,Yes,Mailed check,86.68,6414.96,Yes
CUST-02615,Female,0,Yes,No,21,Yes,No,No,No internet service,No internet service,No internet service,No internet service,No internet service,No internet service,Two year,Yes,Mailed check,71.55,1406.92,No
CUST-02616,Female,0,Yes,Yes,64,Yes,No,Fiber optic,No,No,No,Yes,No,Yes,One year,Yes,Bank transfer (automatic),64.02,3855.0,No
CUST-02617,Female,0,No,Yes,11,Yes,Yes,Fiber optic,Yes,No,Yes,No,No,No,Two year,Yes,Credit card (automatic),45.57,462.28,Yes
CUST-02618,Male,1,No,No,18,Yes,Yes,Fiber optic,Yes,Yes,Yes,Yes,No,Yes,Month-to-month,Yes,Credit card (automatic),68.72,1141.14,Yes
CUST-02619,Male,0,No,No,21,Yes,No,Fiber optic,No,No,Yes,Yes,No,Yes,Two year,Yes,Credit card (automatic),63.66,1436.72,No
CUST-02620,Male,0,Yes,Yes,54,Yes,Yes,Fiber optic,Yes,No,Yes,No,No,No,One year,Yes,Electronic check,58.13,3205.9,No
CUST-02621,Male,1,Yes,No,61,Yes,No,No,No internet service,No internet service,No internet service,No internet service,No internet service,No internet service,Month-to-month,No,Bank transfer (automatic),102.98,6828.41,Yes
CUST-02622,Male,0,No,No,50,Yes,No,DSL,Yes,No,No,No,Yes,Yes,Two year,No,Electronic check,45.06,2427.32,No
CUST-02623,Female,0,Yes,No,47,Yes,No,Fiber optic,Yes,No,No,Yes,No,No,Two year,Yes,Electronic check,77.75,3508.46,No
CUST-02624,Female,0,Yes,No,16,Yes,Yes,No,No internet service,No internet service,No internet service,No internet service,No internet service,No internet service,Two year,Yes,Mailed check,104.42,1717.94,No
CUST-02625,Female,0,Yes,No,12,Yes,No,DSL,No,Yes,No,Yes,Yes,No,Month-to-month,No,Electronic check,115.9,1357.26,Yes
CUST-02626,Female,0,Yes,No,27,Yes,No,No,No internet service,No internet service,No internet service,No internet service,No internet service,No internet service,Month-to-month,Yes,Mailed check,78.28,2272.57,No
CUST-02627,Female,0,No,No,66,Yes,Yes,Fiber optic,Yes,No,Yes,No,Yes,Yes,Month-to-month,Yes,Credit card (automatic),70.0,4836.45,No
CUST-02628,Female,1,Yes,No,4,Yes,Yes,DSL,Yes,No,No,Yes,Yes,No,Two year,Yes,Bank transfer (automatic),102.05,377.46,No
CUST-02629,Female,0,No,No,59,Yes,Yes,Fiber optic,No,No,Yes,Yes,No,Yes,One year,No,Mailed check,36.84,2066.31,No
CUST-02630,Male,0,Yes,No,14,Yes,Yes,DSL,No,No,Yes,Yes,No,Yes,One year,No,Mailed check,81.0,1169.74,Yes
CUST-02631,Male,0,No,Yes,43,Yes,No,DSL,Yes,Yes,Yes,No,Yes,No,One year,Yes,Electronic check,24.42,996.75,No
CUST-02632,Male,0,No,Yes,45,Yes,Yes,DSL,Yes,Yes,Yes,No,No,No,One year,No,Credit card (automatic),84.0,3805.73,No
CUST-02633,Male,0,Yes,Yes,28,Yes,Yes,DSL,No,No,Yes,No,No,No,Month-to-month,Yes,Electronic check,97.58,2592.49,Yes
CUST-02634,Female,0,No,No,67,Yes,No,DSL,No,No,Yes,Yes,No,No,One year,Yes,Mailed check,24.3,1687.53,No
CUST-02635,Female,0,No,No,48,Yes,No,DSL,Yes,Yes,No,Yes,No,Yes,Two year,Yes,Bank transfer (automatic),102.84,4516.75,No
CUST-02636,Female,0,Yes,No,42,Yes,Yes,DSL,No,Yes,Yes,No,Yes,Yes,One year,No,Credit card (automatic),30.34,1330.66,No
CUST-02637,Male,1,No,No,67,Yes,Yes,No,No internet service,No internet service,No internet service,No internet service,No internet service,No internet service,Two year,Yes,Credit card (automatic),35.58,2306.15,No
CUST-02638,Female,0,Yes,No,19,Yes,Yes,No,No internet service,No internet service,No internet service,No internet service,No internet service,No internet service,Month-to-month,No,Mailed check,101.64,1913.21,Yes
CUST-02639,Female,0,No,No,17,Yes,Yes,No,No internet service,No internet service,No internet service,No internet service,No internet service,No internet service,Month-to-month,No,Bank transfer (automatic),30.47,516.29,No
CUST-02640,Female,1,Yes,No,63,Yes,No,DSL,Yes,No,No,Yes,No,Yes,Month-to-month,No,Bank transfer (automatic),85.39,5050.75,No
CUST-02641,Male,0,Yes,Yes,48,Yes,Yes,DSL,Yes,Yes,No,Yes,No,Yes,Month-to-month,Yes,Electronic check,47.48,2480.58,Yes
CUST-02642,Female,0,Yes,Yes,41,No,No phone service,DSL,Yes,No,Yes,No,Yes,No,Month-to-month,No,Bank transfer (automatic),42.84,1580.85,Yes
CUST-02643,Male,1,Yes,No,11,Yes,No,Fiber optic,Yes,No,No,Yes,Yes,Yes,One year,No,Mailed check,83.02,889.98,No
CUST-02644,Male,0,Yes,No,35,No,No phone service,No,No internet service,No internet service,No internet service,No internet service,No internet service,No internet service,Two year,No,Electronic check,28.68,929.22,No
CUST-02645,Male,0,No,No,7,Yes,No,No,No internet service,No internet service,No internet service,No internet service,No internet service,No internet service,Two year,No,Credit card (automatic),75.46,513.42,Yes
CUST-02646,Male,0,No,Yes,27,No,No phone service,DSL,Yes,Yes,No,No,Yes,No,Month-to-month,Yes,Electronic check,110.45,2745.93,Yes
CUST-02647,Female,0,Yes,Yes,59,No,No phone service,Fiber optic,No,No,No,No,No,No,Month-to-month,No,Electronic check,103.14,5937.64,No
CUST-02648,Male,0,No,No,48,No,No phone service,No,No internet service,No internet service,No internet service,No internet service,No internet service,No internet service,Month-to-month,Yes,Bank transfer (automatic),103.11,4646.26,Yes
CUST-02649,Male,0,No,No,37,Yes,Yes,Fiber optic,No,Yes,Yes,Yes,No,No,One year,Yes,Mailed check,48.29,1805.95,No
CUST-02650,Female,0,No,No,57,Yes,No,DSL,No,No,Yes,Yes,No,Yes,Two year,No,Credit card (automatic),88.13,4533.08,No
CUST-02651,Female,0,Yes,No,4,No,No phone service,DSL,Yes,No,No,Yes,Yes,Yes,Month-to-month,No,Mailed check,96.01,384.51,No
CUST-02652,Male,0,Yes,No,45,Yes,No,Fiber optic,No,No,No,No,Yes,Yes,Month-to-month,No,Electronic check,108.14,4654.87,No
CUST-02653,Female,0,No,No,1,Yes,Yes,DSL,Yes,Yes,Yes,No,Yes,Yes,Month-to-month,Yes,Bank transfer (automatic),44.41,42.82,No
CUST-02654,Male,1,Yes,No,24,Yes,No,No,No internet service,No internet service,No internet service,No internet service,No internet service,No internet service,Month-to-month,Yes,Mailed check,94.09,2192.53,Yes
CUST-02655,Male,0,Yes,No,0,Yes,No,DSL,No,Yes,No,No,No,No,Month-to-month,No,Credit card (automatic),41.23,0.0,No
CUST-02656,Male,1,No,No,68,Yes,Yes,DSL,No,Yes,No,No,No,Yes,Month-to-month,Yes,Bank transfer (automatic),20.78,1485.89,Yes
CUST-02657,Male,0,Yes,No,39,Yes,Yes,DSL,Yes,No,No,No,No,Yes,One year,Yes,Credit card (automatic),66.18,2493.11,No
CUST-02658,Female,0,Yes,No,67,Yes,No,DSL,Yes,No,No,No,Yes,Yes,Month-to-month,No,Credit card (automatic),94.59,6876.21,No
CUST-02659,Male,0,Yes,Yes,68,Yes,No,Fiber optic,No,Yes,No,Yes,Yes,Yes,Month-to-month,Yes,Electronic check,39.44,2814.0,Yes
CUST-02660,Female,0,Yes,No,68,Yes,No,DSL,No,Yes,Yes,No,No,No,Month-to-month,No,Mailed check,22.86,1524.58,No
CUST-02661,Female,0,Yes,No,15,Yes,Yes,DSL,No,No,No,Yes,No,Yes,Month-to-month,Yes,Mailed check,55.38,763.88,Yes
CUST-02662,Female,0,No,Yes,53,Yes,Yes,Fiber optic,Yes,No,No,Yes,Yes,No,Month-to-month,Yes,Credit card (automatic),38.29,2053.86,No
CUST-02663,Female,0,Yes,No,62,Yes,Yes,DSL,Yes,Yes,Yes,No,Yes,Yes,Month-to-month,Yes,Bank transfer (automatic),56.21,3564.31,No
CUST-02664,Male,0,Yes,Yes,17,Yes,Yes,DSL,Yes,No,Yes,Yes,Yes,No,Two year,Yes,Bank transfer (automatic),110.08,1735.24,No
CUST-02665,Female,0,No,No,16,Yes,No,DSL,No,Yes,Yes,Yes,No,Yes,Two year,Yes,Electronic check,92.39,1582.32,No
CUST-02666,Male,0,No,No,3,Yes,No,DSL,No,No,Yes,Yes,Yes,Yes,Month-to-month,No,Electronic check,55.29,161.94,No
CUST-02667,Female,0,Yes,Yes,8,Yes,No,Fiber optic,Yes,Yes,Yes,Yes,No,No,Month-to-month,Yes,Mailed check,50.5,375.91,Yes
CUST-02668,Female,0,No,No,30,Yes,No,DSL,Yes,No,Yes,No,Yes,No,One year,Yes,Credit card (automatic),110.12,3317.4,No
CUST-02669,Male,0,Yes,No,4,Yes,No,Fiber optic,Yes,Yes,Yes,Yes,Yes,No,Month-to-month,No,Mailed check,106.88,420.85,No
CUST-02670,Male,0,No,No,15,Yes,Yes,Fiber optic,No,Yes,No,No,Yes,No,Month-to-month,Yes,Electronic check,78.41,1209.59,No
CUST-02671,Male,0,Yes,No,41,Yes,Yes,Fiber optic,No,No,Yes,Yes,Yes,Yes,Month-to-month,No,Mailed check,53.76,2059.82,No
CUST-02672,Female,1,No,No,40,No,No phone service,No,No internet service,No internet service,No internet service,No internet service,No internet service,No internet service,Month-to-month,Yes,Credit card (automatic),97.23,3516.43,No
CUST-02673,Female,0,Yes,No,29,Yes,Yes,DSL,Yes,No,Yes,No,No,Yes,Month-to-month,No,Mailed check,84.37,2435.21,No
CUST-02674,Male,0,No,No,25,Yes,Yes,Fiber optic,Yes,Yes,Yes,No,No,No,Month-to-month,No,Credit card (automatic),74.47,1734.11,No
CUST-02675,Male,0,Yes,Yes,48,No,No phone service,No,No internet service,No internet service,No internet service,No internet service,No internet service,No internet service,One year,No,Bank transfer (automatic),91.86,4106.32,No
CUST-02676,Male,1,Yes,No,30,Yes,Yes,No,No internet service,No internet service,No internet service,No internet service,No internet service,No internet service,Month-to-month,Yes,Mailed check,31.45,977.07,No
CUST-02677,Male,0,Yes,Yes,49,Yes,Yes,Fiber optic,No,Yes,No,No,No,No,Month-to-month,Yes,Bank transfer (automatic),111.01,5177.06,No
CUST-02678,Female,1,No,No,14,Yes,No,DSL,No,Yes,No,No,No,Yes,One year,No,Electronic check,115.29,1723.81,Yes
CUST-02679,Male,0,No,No,51,Yes,No,DSL,No,Yes,Yes,No,No,Yes,One year,Yes,Electronic check,53.44,2733.47,No
CUST-02680,Male,0,Yes,Yes,37,Yes,Yes,DSL,No,No,No,No,No,No,Month-to-month,Yes,Credit card (automatic),112.68,4259.28,No
CUST-02681,Male,1,Yes,No,37,No,No phone service,No,No internet service,No internet service,No internet service,No internet service,No internet service,No internet service,Month-to-month,Yes,Electronic check,97.58,3481.14,No
CUST-02682,Male,0,Yes,Yes,59,Yes,No,Fiber optic,Yes,No,No,No,No,No,Month-to-month,No,Bank transfer (automatic),112.1,6248.57,Yes
CUST-02683,Female,0,Yes,No,19,Yes,Yes,Fiber optic,Yes,No,No,Yes,No,No,Month-to-month,Yes,Credit card (automatic),109.75,1943.02,No
CUST-02684,Male,0,No,No,43,Yes,Yes,Fiber optic,Yes,No,Yes,Yes,Yes,Yes,Two year,Yes,Credit card (automatic),38.09,1705.7,No
CUST-02685,Female,1,No,No,62,Yes,Yes,DSL,No,No,Yes,Yes,No,No,Month-to-month,Yes,Credit card (automatic),44.0,2831.19,No
CUST-02686,Male,0,No,No,49,Yes,Yes,DSL,Yes,No,No,No,Yes,No,Two year,Yes,Electronic check,44.06,2155.78,No
CUST-02687,Male,0,Yes,No,21,Yes,No,No,No internet service,No internet service,No internet service,No internet service,No internet service,No internet service,Month-to-month,Yes,Credit card (automatic),27.43,608.44,Yes
CUST-02688,Female,0,Yes,No,71,Yes,Yes,Fiber optic,Yes,Yes,No,No,No,Yes,One year,Yes,Credit card (automatic),57.77,4349.9,No
CUST-02689,Male,0,No,No,53,Yes,Yes,Fiber optic,No,No,No,No,No,Yes,Month-to-month,Yes,Bank transfer (automatic),54.26,2842.52,Yes
CUST-02690,Female,1,No,No,8,Yes,No,Fiber optic,Yes,Yes,No,No,No,No,One year,No,Credit card (automatic),52.4,431.87,No
CUST-02691,Female,0,No,No,14,Yes,Yes,Fiber optic,Yes,Yes,Yes,Yes,Yes,No,One year,Yes,Mailed check,52.89,801.49,No
CUST-02692,Male,0,No,No,47,Yes,No,DSL,No,Yes,No,No,No,No,Month-to-month,Yes,Credit card (automatic),24.21,1042.62,No
CUST-02693,Female,1,Yes,No,19,Yes,No,DSL,No,Yes,No,Yes,No,No,Month-to-month,Yes,Credit card (automatic),36.6,627.55,No
CUST-02694,Female,0,Yes,No,34,Yes,Yes,DSL,No,Yes,No,No,Yes,No,Two year,Yes,Bank transfer (automatic),47.59,1609.44,No
CUST-02695,Female,0,Yes,No,66,Yes,No,Fiber optic,Yes,No,Yes,Yes,Yes,No,Two year,No,Mailed check,106.9,6817.97,No
CUST-02696,Female,0,No,No,59,Yes,Yes,DSL,Yes,Yes,No,Yes,No,No,Month-to-month,Yes,Electronic check,110.65,5989.12,Yes
CUST-02697,Female,0,Yes,Yes,33,Yes,No,DSL,No,Yes,Yes,No,No,Yes,Month-to-month,No,Mailed check,46.52,1427.63,No
CUST-02698,Female,0,No,No,53,Yes,Yes,Fiber optic,Yes,No,Yes,No,Yes,Yes,One year,Yes,Credit card (automatic),87.42,4408.55,No
CUST-02699,Female,0,No,No,11,Yes,Yes,No,No internet service,No internet service,No internet service,No internet service,No internet service,No internet service,Two year,No,Mailed check,103.06,1042.83,No
CUST-02700,Female,0,No,No,18,Yes,No,DSL,Yes,Yes,No,Yes,No,Yes,One year,Yes,Electronic check,68.62,1190.47,No
CUST-02701,Male,0,No,No,25,Yes,Yes,DSL,Yes,No,Yes,No,Yes,Yes,Two year,Yes,Mailed check,93.55,2166.99,No
CUST-02702,Male,0,No,No,22,Yes,No,Fiber optic,No,No,No,Yes,Yes,No,Month-to-month,Yes,Mailed check,115.59,2606.4,No
CUST-02703,Female,0,Yes,No,32,Yes,No,No,No internet service,No internet service,No internet service,No internet service,No internet service,No internet service,Month-to-month,Yes,Credit card (automatic),34.22,1138.1,No
CUST-02704,Male,0,Yes,No,56,Yes,Yes,Fiber optic,No,Yes,No,Yes,No,Yes,Month-to-month,No,Bank transfer (automatic),25.04,1479.5,Yes
CUST-02705,Female,0,Yes,No,29,Yes,No,Fiber optic,Yes,Yes,No,No,Yes,No,Month-to-month,Yes,Credit card (automatic),82.0,2553.86,Yes
CUST-02706,Female,1,No,Yes,22,Yes,Yes,DSL,No,Yes,Yes,No,No,No,Two year,No,Credit card (automatic),68.85,1364.17,No
CUST-02707,Male,0,Yes,No,35,Yes,No,No,No internet service,No internet service,No internet service,No internet service,No internet service,No internet service,Month-to-month,Yes,Mailed check,47.66,1560.14,No
CUST-02708,Female,0,No,No,42,Yes,Yes,No,No internet service,No internet service,No internet service,No internet service,No internet service,No internet service,One year,No,Electronic check,109.66,4895.57,No
CUST-02709,Female,0,Yes,No,65,Yes,No,Fiber optic,Yes,Yes,No,Yes,Yes,Yes,Two year,No,Bank transfer (automatic),102.58,6041.59,No
CUST-02710,Female,0,No,Yes,52,No,No phone service,No,No internet service,No internet service,No internet service,No internet service,No internet service,No internet service,Month-to-month,Yes,Credit card (automatic),44.44,2387.34,No
CUST-02711,Female,0,No,Yes,59,Yes,No,DSL,Yes,Yes,Yes,No,Yes,Yes,Month-to-month,Yes,Mailed check,95.42,5270.33,No
CUST-02712,Male,0,Yes,Yes,36,No,No phone service,DSL,No,Yes,No,No,Yes,Yes,Month-to-month,No,Credit card (automatic),100.84,3634.91,No
CUST-02713,Female,0,No,Yes,60,Yes,No,Fiber optic,Yes,Yes,No,Yes,No,Yes,One year,Yes,Electronic check,50.53,3312.12,No
CUST-02714,Female,1,Yes,No,52,Yes,Yes,DSL,Yes,Yes,Yes,No,Yes,No,Two year,Yes,Credit card (automatic),27.91,1494.48,No
CUST-02715,Female,0,Yes,No,11,Yes,Yes,No,No internet service,No internet service,No internet service,No internet service,No internet service,No internet service,Two year,Yes,Bank transfer (automatic),103.04,1103.57,No
CUST-02716,Male,0,Yes,No,34,Yes,No,Fiber optic,No,Yes,Yes,Yes,Yes,No,Two year,No,Bank transfer (automatic),27.68,976.7,No
CUST-02717,Female,0,No,No,66,Yes,Yes,Fiber optic,No,No,No,No,Yes,No,Month-to-month,No,Mailed check,65.86,3916.92,Yes
CUST-02718,Male,0,No,No,37,Yes,Yes,DSL,No,Yes,No,Yes,Yes,No,Month-to-month,Yes,Credit card (automatic),37.44,1510.09,No
CUST-02719,Male,0,No,No,23,Yes,Yes,Fiber optic,Yes,No,No,Yes,No,No,Month-to-month,Yes,Bank transfer (automatic),110.75,2468.0,No
CUST-02720,Female,0,No,No,39,Yes,No,DSL,Yes,Yes,No,Yes,Yes,No,Month-to-month,No,Credit card (automatic),28.71,1227.21,No
CUST-02721,Female,0,Yes,No,64,Yes,Yes,DSL,Yes,No,No,No,Yes,No,Month-to-month,No,Bank transfer (automatic),29.69,1967.2,No
CUST-02722,Male,0,No,No,56,Yes,Yes,Fiber optic,No,No,No,Yes,No,Yes,Month-to-month,Yes,Electronic check,88.17,4727.53,No
CUST-02723,Female,0,Yes,No,71,Yes,No,DSL,No,Yes,No,No,No,No,Two year,Yes,Electronic check,38.56,2800.87,No
CUST-02724,Male,0,Yes,Yes,44,Yes,No,No,No internet service,No internet service,No internet service,No internet service,No internet service,No internet service,Month-to-month,No,Bank transfer (automatic),31.24,1341.64,No
CUST-02725,Male,0,No,No,71,Yes,No,DSL,Yes,Yes,Yes,No,Yes,Yes,Month-to-month,Yes,Bank transfer (automatic),34.82,2542.83,No
CUST-02726,Female,0,No,No,12,Yes,No,Fiber optic,No,Yes,No,Yes,Yes,No,Month-to-month,Yes,Credit card (automatic),77.59,985.21,Yes
CUST-02727,Female,0,Yes,No,5,Yes,No,No,No internet service,No internet service,No internet service,No internet service,No internet service,No internet service,Two year,Yes,Credit card (automatic),40.26,200.12,No
CUST-02728,Male,0,No,No,70,Yes,Yes,Fiber optic,Yes,No,Yes,Yes,No,No,Month-to-month,Yes,Bank transfer (automatic),55.72,3683.63,Yes
CUST-02729,Male,0,Yes,No,46,Yes,Yes,Fiber optic,No,Yes,No,Yes,Yes,No,Month-to-month,No,Bank transfer (automatic),102.97,5192.71,No
CUST-02730,Male,1,No,Yes,43,Yes,Yes,Fiber optic,No,No,No,No,No,Yes,Month-to-month,Yes,Credit card (automatic),35.57,1502.79,No
CUST-02731,Male,0,No,No,31,Yes,No,Fiber optic,No,No,Yes,Yes,No,No,Month-to-month,No,Bank transfer (automatic),100.63,2917.63,No
CUST-02732,Female,0,Yes,Yes,2,Yes,Yes,Fiber optic,No,Yes,No,Yes,Yes,Yes,Two year,No,Electronic check,95.54,200.22,Yes
CUST-02733,Female,0,Yes,No,53,Yes,No,No,No internet service,No internet service,No internet service,No internet service,No internet service,No internet service,Month-to-month,Yes,Credit card (automatic),101.12,5525.8,Yes
CUST-02734,Female,0,Yes,No,37,Yes,Yes,No,No internet service,No internet service,No internet service,No internet service,No internet service,No internet service,Two year,Yes,Electronic check,52.7,2073.37,No
CUST-02735,Female,0,No,Yes,3,Yes,Yes,Fiber optic,Yes,Yes,Yes,Yes,No,Yes,Two year,No,Credit card (automatic),65.24,176.21,No
CUST-02736,Female,1,No,No,16,Yes,No,Fiber optic,No,No,Yes,No,Yes,No,Month-to-month,Yes,Bank transfer (automatic),88.7,1375.86,Yes
CUST-02737,Male,0,No,Yes,36,Yes,Yes,No,No internet service,No internet service,No internet service,No internet service,No internet service,No internet service,Month-to-month,No,Mailed check,21.74,753.61,No
CUST-02738,Female,1,Yes,Yes,35,Yes,Yes,Fiber optic,No,No,No,No,No,No,Month-to-month,No,Credit card (automatic),84.38,3203.64,No
CUST-02739,Female,1,Yes,No,57,Yes,No,No,No internet service,No internet service,No internet service,No internet service,No internet service,No internet service,Month-to-month,Yes,Credit card (automatic),30.01,1659.14,Yes
CUST-02740,Female,0,No,Yes,40,Yes,Yes,Fiber optic,Yes,Yes,Yes,No,No,Yes,Month-to-month,No,Mailed check,46.81,1882.6,Yes
CUST-02741,Female,0,Yes,No,7,Yes,Yes,No,No internet service,No internet service,No internet service,No internet service,No internet service,No internet service,Two year,No,Mailed check,98.98,624.06,No
CUST-02742,Female,0,No,Yes,66,Yes,Yes,No,No internet service,No internet service,No internet service,No internet service,No internet service,No internet service,Month-to-month,No,Electronic check,81.54,5713.31,No
CUST-02743,Male,0,Yes,Yes,29,Yes,No,No,No internet service,No internet service,No internet service,No internet service,No internet service,No internet service,Two year,No,Bank transfer (automatic),80.19,2145.97,No
CUST-02744,Male,1,No,No,51,Yes,No,Fiber optic,Yes,No,No,No,No,No,One year,Yes,Mailed check,40.69,2233.87,No
CUST-02745,Male,0,No,No,24,Yes,Yes,Fiber optic,No,No,Yes,Yes,Yes,Yes,Month-to-month,Yes,Credit card (automatic),84.79,2130.65,Yes
CUST-02746,Female,1,No,Yes,51,Yes,Yes,Fiber optic,Yes,No,No,Yes,No,No,One year,No,Mailed check,31.17,1607.6,No
CUST-02747,Male,0,Yes,No,58,Yes,No,DSL,Yes,Yes,Yes,No,Yes,No,Two year,Yes,Mailed check,114.48,6970.62,No
CUST-02748,Male,1,Yes,No,29,Yes,No,DSL,No,Yes,No,Yes,Yes,Yes,Month-to-month,Yes,Bank transfer (automatic),43.27,1328.34,No
CUST-02749,Female,1,No,No,66,Yes,No,No,No internet service,No internet service,No internet service,No internet service,No internet service,No internet service,Month-to-month,No,Bank transfer (automatic),100.67,6978.74,No
CUST-02750,Female,0,No,Yes,3,No,No phone service,Fiber optic,No,Yes,No,No,Yes,Yes,Month-to-month,Yes,Electronic check,110.02,340.68,Yes
CUST-02751,Female,0,No,No,56,Yes,Yes,DSL,No,No,Yes,Yes,Yes,No,Month-to-month,No,Bank transfer (automatic),35.18,2120.08,No
CUST-02752,Male,0,No,No,62,Yes,No,Fiber optic,No,No,No,No,No,Yes,Month-to-month,No,Electronic check,18.97,1158.03,Yes
CUST-02753,Male,0,No,Yes,31,No,No phone service,DSL,No,No,Yes,Yes,Yes,No,One year,No,Mailed check,105.43,3311.58,Yes
CUST-02754,Female,1,No,No,50,No,No phone service,Fiber optic,Yes,Yes,Yes,No,Yes,No,Month-to-month,Yes,Electronic check,94.4,5163.09,No
CUST-02755,Female,0,Yes,No,62,Yes,No,No,No internet service,No internet service,No internet service,No internet service,No internet service,No internet service,Month-to-month,Yes,Electronic check,33.43,2019.7,No
CUST-02756,Male,0,Yes,No,0,Yes,Yes,No,No internet service,No internet service,No internet service,No internet service,No internet service,No internet service,Month-to-month,Yes,Bank transfer (automatic),101.04,0.0,Yes
CUST-02757,Male,0,Yes,No,18,Yes,No,DSL,No,No,No,No,No,No,Two year,Yes,Mailed check,99.05,1744.32,No
CUST-02758,Female,1,Yes,No,34,Yes,No,DSL,No,Yes,No,Yes,No,No,Month-to-month,No,Electronic check,64.13,2167.41,No
CUST-02759,Female,0,No,No,62,Yes,Yes,DSL,Yes,No,No,Yes,Yes,Yes,One year,Yes,Mailed check,112.68,6756.5,No
CUST-02760,Male,0,No,No,25,Yes,No,DSL,No,No,No,Yes,Yes,No,Month-to-month,Yes,Credit card (automatic),76.21,1773.05,No
CUST-02761,Female,0,No,No,12,Yes,No,Fiber optic,No,Yes,No,No,No,No,Two year,No,Credit card (automatic),62.29,818.07,No
CUST-02762,Male,0,Yes,No,22,Yes,Yes,Fiber optic,No,No,No,No,Yes,Yes,Month-to-month,No,Credit card (automatic),19.32,420.56,Yes
CUST-02763,Male,0,Yes,No,34,Yes,Yes,DSL,No,No,No,Yes,Yes,Yes,Two year,Yes,Mailed check,113.28,3681.55,No
CUST-02764,Male,0,No,No,11,Yes,Yes,DSL,Yes,No,No,Yes,No,No,Month-to-month,No,Credit card (automatic),30.84,349.17,Yes
CUST-02765,Male,0,Yes,No,8,Yes,Yes,DSL,No,No,No,Yes,Yes,Yes,Month-to-month,Yes,Bank transfer (automatic),47.62,351.32,No
CUST-02766,Female,0,Yes,Yes,66,Yes,Yes,No,No internet service,No internet service,No internet service,No internet service,No internet service,No internet service,One year,Yes,Mailed check,90.94,6054.15,No
CUST-02767,Female,0,No,No,43,Yes,No,DSL,No,Yes,No,Yes,No,Yes,One year,Yes,Credit card (automatic),18.53,808.6,No
CUST-02768,Male,0,No,No,60,Yes,No,DSL,No,Yes,No,Yes,No,No,Month-to-month,No,Credit card (automatic),72.26,4071.96,No
CUST-02769,Male,0,No,No,20,No,No phone service,DSL,Yes,Yes,Yes,Yes,No,No,Two year,No,Electronic check,33.89,740.11,No
CUST-02770,Male,0,Yes,No,6,Yes,Yes,Fiber optic,Yes,No,Yes,Yes,No,No,Month-to-month,No,Mailed check,20.25,123.8,No
CUST-02771,Male,1,No,No,10,Yes,No,Fiber optic,Yes,Yes,No,Yes,No,Yes,Month-to-month,Yes,Credit card (automatic),82.17,776.11,No
CUST-02772,Male,0,No,Yes,44,Yes,Yes,Fiber optic,No,No,Yes,Yes,Yes,Yes,Month-to-month,No,Mailed check,78.3,3674.95,Yes
CUST-02773,Female,1,No,No,31,Yes,Yes,Fiber optic,No,No,No,No,Yes,Yes,Two year,Yes,Mailed check,91.43,2724.95,No
CUST-02774,Female,0,Yes,Yes,35,Yes,Yes,DSL,Yes,Yes,Yes,Yes,No,No,Month-to-month,Yes,Bank transfer (automatic),79.82,2922.16,Yes
CUST-02775,Female,0,Yes,No,36,Yes,No,DSL,No,No,Yes,No,Yes,Yes,One year,No,Credit card (automatic),62.2,2296.69,No
CUST-02776,Female,0,No,No,40,Yes,Yes,No,No internet service,No internet service,No internet service,No internet service,No internet service,No internet service,Month-to-month,No,Bank transfer (automatic),65.86,2455.09,No
CUST-02777,Male,0,No,Yes,48,Yes,No,No,No internet service,No internet service,No internet service,No internet service,No internet service,No internet service,Month-to-month,Yes,Credit card (automatic),40.01,1764.72,No
CUST-02778,Male,0,Yes,No,14,Yes,No,Fiber optic,Yes,No,No,No,No,No,Month-to-month,Yes,Mailed check,26.37,377.12,No
CUST-02779,Male,0,Yes,No,12,Yes,Yes,DSL,Yes,Yes,No,No,No,Yes,Month-to-month,Yes,Mailed check,104.09,1291.12,No
CUST-02780,Male,0,No,No,52,Yes,Yes,DSL,No,Yes,Yes,No,Yes,No,Two year,Yes,Mailed check,87.13,4196.44,No
CUST-02781,Male,0,Yes,No,32,Yes,Yes,Fiber optic,Yes,No,No,No,Yes,No,One year,No,Mailed check,30.29,905.83,Yes
CUST-02782,Female,0,No,Yes,71,Yes,No,No,No internet service,No internet service,No internet service,No internet service,No internet service,No internet service,Two year,Yes,Credit card (automatic),44.42,2870.03,No
CUST-02783,Male,0,No,Yes,31,No,No phone service,Fiber optic,No,Yes,No,Yes,No,No,Month-to-month,No,Electronic check,104.32,2997.52,No
CUST-02784,Female,0,Yes,No,47,Yes,No,DSL,Yes,No,No,No,Yes,No,Two year,Yes,Mailed check,113.98,5451.43,No
CUST-02785,Female,0,No,No,67,No,No phone service,Fiber optic,No,Yes,Yes,No,No,No,One year,No,Credit card (automatic),97.11,6116.82,No
CUST-02786,Female,0,No,No,56,Yes,No,No,No internet service,No internet service,No internet service,No internet service,No internet service,No internet service,Month-to-month,Yes,Mailed check,75.0,4022.48,No
CUST-02787,Female,0,Yes,Yes,61,Yes,Yes,Fiber optic,Yes,No,Yes,No,Yes,No,One year,No,Electronic check,104.91,6470.23,Yes
CUST-02788,Male,0,No,No,1,Yes,No,No,No internet service,No internet service,No internet service,No internet service,No internet service,No internet service,One year,Yes,Credit card (automatic),80.68,79.29,Yes
CUST-02789,Female,1,Yes,No,15,Yes,No,Fiber optic,Yes,No,No,Yes,Yes,No,One year,Yes,Mailed check,87.94,1410.18,No
CUST-02790,Female,1,No,No,7,Yes,Yes,DSL,Yes,No,Yes,No,No,Yes,Month-to-month,No,Bank transfer (automatic),100.69,714.85,Yes
CUST-02791,Female,0,No,Yes,18,Yes,Yes,DSL,Yes,Yes,No,No,Yes,No,One year,No,Electronic check,53.4,890.47,No
CUST-02792,Male,0,Yes,No,31,Yes,Yes,DSL,No,No,No,Yes,No,Yes,Month-to-month,Yes,Bank transfer (automatic),96.45,2920.77,No
CUST-02793,Male,0,Yes,Yes,66,Yes,No,Fiber optic,No,No,Yes,No,Yes,No,Month-to-month,No,Bank transfer (automatic),38.7,2430.97,Yes
CUST-02794,Male,0,Yes,Yes,31,Yes,No,Fiber optic,Yes,Yes,Yes,No,Yes,No,Two year,Yes,Mailed check,37.43,1104.4,No
CUST-02795,Female,0,Yes,No,24,Yes,Yes,Fiber optic,No,Yes,No,No,Yes,Yes,Month-to-month,No,Bank transfer (automatic),99.13,2263.24,No
CUST-02796,Female,0,Yes,No,52,Yes,No,DSL,No,No,No,Yes,No,Yes,Two year,No,Credit card (automatic),74.38,3804.62,No
CUST-02797,Male,0,Yes,No,24,Yes,No,No,No internet service,No internet service,No internet service,No internet service,No internet service,No internet service,Month-to-month,No,Electronic check,59.39,1320.47,Yes
CUST-02798,Female,0,No,No,32,Yes,Yes,DSL,No,Yes,No,Yes,Yes,Yes,Month-to-month,Yes,Credit card (automatic),70.35,2139.72,No
CUST-02799,Male,0,Yes,No,30,Yes,No,DSL,Yes,No,Yes,Yes,No,No,Two year,Yes,Bank transfer (automatic),115.79,3613.67,No
CUST-02800,Male,0,No,No,35,Yes,No,DSL,Yes,Yes,Yes,Yes,Yes,No,One year,No,Credit card (automatic),107.42,4005.92,No
CUST-02801,Female,0,Yes,No,48,Yes,Yes,DSL,Yes,No,No,No,No,No,Month-to-month,No,Electronic check,68.76,2979.51,No
CUST-02802,Female,0,No,No,43,Yes,Yes,No,No internet service,No internet service,No internet service,No internet service,No internet service,No internet service,Month-to-month,Yes,Bank transfer (automatic),72.72,2866.46,No
CUST-02803,Female,0,No,Yes,47,No,No phone service,DSL,No,No,Yes,No,No,No,Month-to-month,Yes,Electronic check,79.42,3997.8,No
CUST-02804,Female,0,Yes,Yes,29,Yes,No,DSL,Yes,No,No,No,Yes,No,Month-to-month,No,Mailed check,97.08,2654.65,Yes
CUST-02805,Male,0,No,No,12,No,No phone service,Fiber optic,Yes,No,Yes,Yes,Yes,Yes,Two year,No,Mailed check,105.38,1217.06,No
CUST-02806,Male,0,No,No,42,Yes,Yes,Fiber optic,Yes,No,No,Yes,Yes,No,Month-to-month,Yes,Credit card (automatic),32.65,1326.62,Yes
CUST-02807,Male,0,No,Yes,15,Yes,Yes,DSL,Yes,Yes,Yes,No,Yes,No,Two year,No,Credit card (automatic),80.82,1301.01,No
CUST-02808,Male,1,Yes,No,25,Yes,Yes,DSL,Yes,No,No,No,Yes,Yes,One year,Yes,Bank transfer (automatic),40.72,949.34,No
CUST-02809,Male,0,Yes,No,46,Yes,Yes,DSL,Yes,No,Yes,No,No,Yes,Two year,Yes,Bank transfer (automatic),80.18,3918.83,No
CUST-02810,Female,1,No,No,36,Yes,Yes,No,No internet service,No internet service,No internet service,No internet service,No internet service,No internet service,Month-to-month,No,Mailed check,35.13,1256.51,Yes
CUST-02811,Male,0,Yes,Yes,2,Yes,Yes,Fiber optic,No,Yes,No,No,No,Yes,Month-to-month,No,Mailed check,98.8,208.79,No
CUST-02812,Male,0,Yes,No,25,Yes,Yes,No,No internet service,No internet service,No internet service,No internet service,No internet service,No internet service,One year,Yes,Electronic check,84.09,2181.32,No
CUST-02813,Male,0,No,No,14,Yes,No,DSL,Yes,Yes,No,No,Yes,Yes,Two year,No,Mailed check,104.6,1532.38,No
CUST-02814,Female,0,No,No,65,Yes,Yes,Fiber optic,Yes,No,No,No,Yes,Yes,Month-to-month,No,Mailed check,112.44,6744.15,No
CUST-02815,Female,0,Yes,Yes,27,Yes,Yes,Fiber optic,No,Yes,Yes,Yes,Yes,No,Two year,Yes,Electronic check,111.39,2892.51,No
CUST-02816,Female,0,Yes,Yes,37,Yes,Yes,DSL,No,No,Yes,Yes,Yes,No,Month-to-month,Yes,Mailed check,32.52,1137.58,No
CUST-02817,Female,0,Yes,No,43,No,No phone service,Fiber optic,Yes,No,Yes,Yes,No,Yes,Month-to-month,No,Credit card (automatic),55.68,2215.11,No
CUST-02818,Male,1,No,No,52,Yes,No,Fiber optic,Yes,No,Yes,Yes,No,No,Month-to-month,Yes,Electronic check,66.31,3544.14,No
CUST-02819,Male,0,Yes,No,3,Yes,Yes,Fiber optic,No,No,No,Yes,No,No,Month-to-month,Yes,Mailed check,96.89,302.01,Yes
CUST-02820,Female,0,Yes,No,71,Yes,Yes,Fiber optic,Yes,No,No,No,Yes,Yes,Two year,Yes,Electronic check,19.48,1283.91,No
CUST-02821,Female,0,Yes,No,43,Yes,No,Fiber optic,Yes,No,Yes,No,Yes,Yes,Month-to-month,No,Mailed check,110.54,5008.48,Yes
CUST-02822,Male,0,No,Yes,45,Yes,Yes,No,No internet service,No internet service,No internet service,No internet service,No internet service,No internet service,One year,Yes,Mailed check,58.72,2529.74,No
CUST-02823,Male,0,No,No,25,Yes,No,No,No internet service,No internet service,No internet service,No internet service,No internet service,No internet service,Month-to-month,No,Bank transfer (automatic),81.11,1977.78,Yes
CUST-02824,Female,0,No,Yes,12,Yes,Yes,Fiber optic,No,No,Yes,Yes,Yes,Yes,Two year,Yes,Electronic check,116.06,1530.11,No
CUST-02825,Female,1,Yes,No,68,Yes,Yes,DSL,Yes,Yes,No,Yes,Yes,No,Two year,Yes,Credit card (automatic),106.27,6781.2,No
CUST-02826,Female,0,Yes,No,43,Yes,No,Fiber optic,No,Yes,Yes,No,No,No,One year,No,Mailed check,54.22,2153.39,No
CUST-02827,Female,0,No,No,52,Yes,No,DSL,No,No,Yes,No,No,No,One year,No,Credit card (automatic),66.45,3295.42,No
CUST-02828,Male,0,Yes,Yes,50,Yes,No,DSL,Yes,Yes,Yes,Yes,Yes,No,One year,No,Bank transfer (automatic),94.99,5159.67,No
CUST-02829,Male,1,Yes,Yes,12,No,No phone service,Fiber optic,No,Yes,No,Yes,No,Yes,Month-to-month,Yes,Credit card (automatic),92.36,1024.1,Yes
CUST-02830,Male,0,Yes,No,40,Yes,No,Fiber optic,No,Yes,Yes,No,Yes,No,Month-to-month,No,Bank transfer (automatic),88.48,3621.27,Yes
CUST-02831,Female,0,No,No,10,No,No phone service,No,No internet service,No internet service,No internet service,No internet service,No internet service,No internet service,One year,Yes,Electronic check,19.07,201.88,No
CUST-02832,Female,0,Yes,No,36,Yes,No,No,No internet service,No internet service,No internet service,No internet service,No internet service,No internet service,Month-to-month,No,Bank transfer (automatic),37.9,1479.66,Yes
CUST-02833,Male,0,Yes,No,59,Yes,No,No,No internet service,No internet service,No internet service,No internet service,No internet service,No internet service,Month-to-month,Yes,Mailed check,40.17,2359.62,No
CUST-02834,Male,0,No,No,31,Yes,No,No,No internet service,No internet service,No internet service,No internet service,No internet service,No internet service,Month-to-month,No,Bank transfer (automatic),43.06,1323.56,No
CUST-02835,Male,0,Yes,No,44,No,No phone service,Fiber optic,Yes,No,No,Yes,No,No,One year,Yes,Electronic check,27.62,1294.91,No
CUST-02836,Male,1,No,Yes,17,Yes,Yes,DSL,Yes,No,No,Yes,Yes,Yes,Month-to-month,No,Electronic check,98.66,1575.19,Yes
CUST-02837,Female,1,Yes,No,19,No,No phone service,Fiber optic,Yes,No,No,Yes,Yes,Yes,Two year,No,Mailed check,52.13,982.97,No
CUST-02838,Male,0,No,No,43,Yes,Yes,Fiber optic,No,Yes,No,Yes,No,No,Month-to-month,Yes,Mailed check,95.56,4222.27,No
CUST-02839,Male,0,No,No,35,Yes,Yes,Fiber optic,Yes,No,Yes,No,Yes,No,Month-to-month,Yes,Credit card (automatic),111.15,4045.93,Yes
CUST-02840,Male,1,Yes,No,68,Yes,No,Fiber optic,Yes,No,No,No,No,No,Month-to-month,No,Mailed check,49.3,3092.15,No
CUST-02841,Male,1,Yes,Yes,36,Yes,Yes,No,No internet service,No internet service,No internet service,No internet service,No internet service,No internet service,One year,Yes,Bank transfer (automatic),63.38,2449.23,No
CUST-02842,Male,0,No,Yes,32,Yes,Yes,DSL,No,No,Yes,No,Yes,Yes,Month-to-month,Yes,Mailed check,26.75,910.48,No
CUST-02843,Male,0,Yes,Yes,18,Yes,Yes,DSL,Yes,Yes,No,Yes,No,Yes,One year,Yes,Credit card (automatic),47.48,823.37,No
CUST-02844,Male,0,No,No,50,Yes,No,Fiber optic,Yes,Yes,Yes,No,No,Yes,Month-to-month,Yes,Mailed check,72.62,3613.85,Yes
CUST-02845,Female,0,Yes,No,31,Yes,No,No,No internet service,No internet service,No internet service,No internet service,No internet service,No internet service,Two year,Yes,Credit card (automatic),36.02,1090.72,No
CUST-02846,Female,0,Yes,No,21,Yes,No,DSL,Yes,Yes,No,Yes,No,Yes,Two year,Yes,Mailed check,71.7,1650.58,No
CUST-02847,Female,0,Yes,Yes,0,Yes,Yes,No,No internet service,No internet service,No internet service,No internet service,No internet service,No internet service,Month-to-month,Yes,Electronic check,49.29,0.0,Yes
CUST-02848,Female,0,Yes,Yes,53,Yes,Yes,No,No internet service,No internet service,No internet service,No internet service,No internet service,No internet service,One year,Yes,Mailed check,117.0,5916.33,No
CUST-02849,Male,1,No,Yes,19,Yes,Yes,DSL,No,No,Yes,Yes,Yes,Yes,Month-to-month,No,Bank transfer (automatic),55.57,1107.77,No
CUST-02850,Female,0,No,No,57,Yes,Yes,No,No internet service,No internet service,No internet service,No internet service,No internet service,No internet service,Month-to-month,Yes,Electronic check,21.91,1329.21,Yes
CUST-02851,Female,0,Yes,Yes,34,Yes,Yes,DSL,No,Yes,No,Yes,No,No,Month-to-month,No,Mailed check,65.3,2320.61,No
CUST-02852,Male,0,Yes,Yes,69,Yes,Yes,Fiber optic,Yes,No,No,No,Yes,No,Month-to-month,Yes,Mailed check,51.4,3251.18,Yes
CUST-02853,Male,0,Yes,No,69,No,No phone service,Fiber optic,No,No,Yes,No,Yes,Yes,Two year,No,Electronic check,55.0,3633.89,No
CUST-02854,Female,0,Yes,No,60,Yes,No,No,No internet service,No internet service,No internet service,No internet service,No internet service,No internet service,Two year,Yes,Electronic check,55.05,3212.13,No
CUST-02855,Female,0,Yes,No,62,Yes,No,Fiber optic,No,No,No,No,Yes,Yes,Month-to-month,Yes,Electronic check,106.12,6206.88,No
CUST-02856,Male,0,No,Yes,60,Yes,No,Fiber optic,Yes,Yes,No,Yes,Yes,No,Month-to-month,Yes,Bank transfer (automatic),67.83,4054.62,Yes
CUST-02857,Female,1,No,No,56,Yes,Yes,Fiber optic,No,No,Yes,Yes,Yes,No,Month-to-month,Yes,Mailed check,43.28,2336.18,Yes
CUST-02858,Male,0,Yes,No,2,Yes,Yes,Fiber optic,Yes,Yes,Yes,No,Yes,Yes,Month-to-month,No,Credit card (automatic),97.25,176.47,Yes
CUST-02859,Male,0,No,Yes,44,Yes,Yes,Fiber optic,No,Yes,Yes,Yes,No,No,One year,Yes,Mailed check,62.34,2826.37,No
CUST-02860,Male,0,No,Yes,14,Yes,Yes,No,No internet service,No internet service,No internet service,No internet service,No internet service,No internet service,Two year,Yes,Mailed check,32.54,449.73,No
CUST-02861,Male,0,Yes,No,16,Yes,Yes,DSL,Yes,No,Yes,No,No,Yes,Two year,Yes,Electronic check,117.85,1707.64,Yes
CUST-02862,Female,0,No,No,14,Yes,Yes,Fiber optic,No,No,No,No,Yes,No,Month-to-month,No,Credit card (automatic),20.74,315.5,No
CUST-02863,Male,1,No,Yes,4,Yes,Yes,DSL,Yes,No,No,No,Yes,No,One year,No,Mailed check,88.92,366.42,No
CUST-02864,Male,0,No,No,45,Yes,Yes,No,No internet service,No internet service,No internet service,No internet service,No internet service,No internet service,Month-to-month,No,Mailed check,102.76,4230.17,No
CUST-02865,Female,0,No,No,10,No,No phone service,DSL,No,Yes,Yes,Yes,No,Yes,Month-to-month,No,Electronic check,53.38,575.37,No
CUST-02866,Male,1,Yes,Yes,63,Yes,Yes,DSL,Yes,Yes,Yes,No,Yes,No,Month-to-month,No,Mailed check,33.73,2091.36,No
CUST-02867,Female,0,No,No,13,Yes,No,No,No internet service,No internet service,No internet service,No internet service,No internet service,No internet service,Month-to-month,No,Bank transfer (automatic),61.66,759.83,Yes
CUST-02868,Female,0,No,No,38,Yes,Yes,Fiber optic,Yes,No,No,Yes,Yes,No,Two year,Yes,Mailed check,66.25,2288.91,No
CUST-02869,Female,0,No,No,66,Yes,Yes,Fiber optic,No,No,Yes,Yes,Yes,No,Month-to-month,Yes,Bank transfer (automatic),117.97,8167.26,No
CUST-02870,Male,0,Yes,No,54,Yes,No,No,No internet service,No internet service,No internet service,No internet service,No internet service,No internet service,Two year,Yes,Electronic check,19.95,1178.42,No
CUST-02871,Female,0,No,Yes,41,Yes,Yes,Fiber optic,No,No,Yes,No,Yes,No,Month-to-month,Yes,Mailed check,83.59,3211.49,Yes
CUST-02872,Female,0,No,Yes,4,Yes,Yes,DSL,No,Yes,No,No,Yes,Yes,Month-to-month,Yes,Bank transfer (automatic),98.44,387.22,Yes
CUST-02873,Male,0,No,No,51,Yes,No,DSL,No,No,No,No,No,Yes,One year,Yes,Mailed check,79.79,3855.66,No
CUST-02874,Female,0,Yes,No,21,Yes,Yes,Fiber optic,No,No,No,Yes,Yes,No,Month-to-month,Yes,Electronic check,80.99,1725.44,No
CUST-02875,Female,0,Yes,No,43,Yes,No,DSL,Yes,No,Yes,No,No,No,Two year,Yes,Electronic check,105.53,4874.76,No
CUST-02876,Female,1,Yes,No,58,Yes,Yes,Fiber optic,Yes,No,Yes,No,Yes,Yes,One year,Yes,Mailed check,74.52,4002.92,No
CUST-02877,Female,0,Yes,No,24,Yes,Yes,DSL,Yes,Yes,No,No,Yes,Yes,Month-to-month,No,Electronic check,106.16,2445.01,No
CUST-02878,Female,1,Yes,No,20,Yes,No,Fiber optic,Yes,Yes,No,Yes,Yes,No,Two year,Yes,Bank transfer (automatic),39.02,728.06,No
CUST-02879,Male,0,No,No,63,Yes,Yes,DSL,Yes,Yes,No,No,Yes,No,Two year,No,Electronic check,69.61,4147.45,No
CUST-02880,Female,0,Yes,No,67,Yes,No,Fiber optic,No,Yes,No,Yes,Yes,Yes,Month-to-month,Yes,Electronic check,21.36,1325.2,No
CUST-02881,Female,0,No,No,46,Yes,Yes,DSL,No,Yes,Yes,No,Yes,No,Two year,No,Bank transfer (automatic),98.35,4645.92,No
CUST-02882,Male,0,Yes,Yes,34,Yes,Yes,DSL,No,No,Yes,No,No,Yes,Two year,Yes,Mailed check,95.73,2957.66,No
CUST-02883,Male,1,Yes,No,6,Yes,No,Fiber optic,Yes,No,Yes,Yes,Yes,No,Month-to-month,Yes,Electronic check,71.9,451.16,Yes
CUST-02884,Male,0,Yes,No,55,Yes,Yes,DSL,No,No,Yes,No,Yes,No,Month-to-month,Yes,Mailed check,57.58,2940.23,No
CUST-02885,Female,0,No,Yes,51,Yes,No,No,No internet service,No internet service,No internet service,No internet service,No internet service,No internet service,One year,Yes,Bank transfer (automatic),55.01,2674.59,No
CUST-02886,Male,0,No,No,45,Yes,Yes,Fiber optic,Yes,Yes,Yes,Yes,Yes,Yes,Two year,Yes,Mailed check,38.11,1661.88,No
CUST-02887,Female,0,No,No,8,Yes,No,DSL,Yes,No,No,Yes,Yes,Yes,One year,No,Electronic check,60.79,474.75,No
CUST-02888,Female,0,Yes,No,57,Yes,No,No,No internet service,No internet service,No internet service,No internet service,No internet service,No internet service,Month-to-month,No,Electronic check,48.39,2577.8,No
CUST-02889,Male,0,Yes,Yes,22,Yes,No,Fiber optic,No,No,Yes,Yes,No,Yes,Month-to-month,No,Electronic check,75.77,1663.21,Yes
CUST-02890,Male,0,Yes,No,2,Yes,No,Fiber optic,No,No,No,No,Yes,Yes,Two year,Yes,Bank transfer (automatic),96.65,208.56,No
CUST-02891,Female,0,Yes,Yes,60,Yes,Yes,DSL,No,No,No,No,Yes,No,Month-to-month,Yes,Electronic check,87.41,5201.31,No
CUST-02892,Male,0,Yes,No,8,Yes,No,DSL,No,Yes,Yes,Yes,No,No,Month-to-month,Yes,Mailed check,69.4,502.77,No
CUST-02893,Female,0,Yes,Yes,52,No,No phone service,Fiber optic,Yes,Yes,Yes,No,No,No,Month-to-month,Yes,Credit card (automatic),112.86,5708.39,No
CUST-02894,Male,0,No,No,67,Yes,Yes,DSL,No,Yes,Yes,No,Yes,No,Month-to-month,No,Credit card (automatic),37.73,2478.94,No
CUST-02895,Male,1,No,No,48,Yes,Yes,Fiber optic,No,Yes,Yes,No,No,Yes,Month-to-month,Yes,Electronic check,82.0,3765.45,Yes
CUST-02896,Male,0,Yes,No,69,Yes,No,Fiber optic,No,No,No,No,No,Yes,Month-to-month,Yes,Bank transfer (automatic),26.8,1773.74,No
CUST-02897,Female,0,No,No,47,Yes,No,DSL,Yes,No,Yes,No,No,Yes,Month-to-month,No,Mailed check,85.3,3767.69,Yes
CUST-02898,Male,0,No,No,6,Yes,Yes,No,No internet service,No internet service,No internet service,No internet service,No internet service,No internet service,Month-to-month,No,Mailed check,90.53,592.79,Yes
CUST-02899,Female,0,No,Yes,30,No,No phone service,DSL,No,Yes,Yes,No,Yes,No,Two year,No,Bank transfer (automatic),96.26,2904.81,No
CUST-02900,Female,1,Yes,Yes,55,Yes,Yes,DSL,Yes,Yes,No,Yes,Yes,No,Month-to-month,Yes,Mailed check,84.38,4675.02,No
CUST-02901,Female,0,Yes,Yes,60,Yes,No,No,No internet service,No internet service,No internet service,No internet service,No internet service,No internet service,Two year,No,Electronic check,30.26,1788.59,No
CUST-02902,Female,0,Yes,Yes,4,Yes,No,DSL,Yes,No,No,Yes,Yes,No,Two year,Yes,Mailed check,22.43,91.82,No
CUST-02903,Male,0,Yes,No,29,Yes,No,No,No internet service,No internet service,No internet service,No internet service,No internet service,No internet service,One year,No,Credit card (automatic),89.43,2553.67,No
CUST-02904,Female,0,No,No,21,Yes,Yes,Fiber optic,No,Yes,No,No,No,No,One year,No,Bank transfer (automatic),97.82,2131.85,No
CUST-02905,Female,0,Yes,Yes,16,Yes,No,Fiber optic,No,Yes,No,Yes,Yes,Yes,Month-to-month,Yes,Mailed check,21.26,312.15,Yes
CUST-02906,Male,0,Yes,No,9,Yes,No,Fiber optic,No,No,No,Yes,No,No,One year,Yes,Mailed check,32.99,268.98,No
CUST-02907,Female,0,Yes,No,70,Yes,No,DSL,Yes,No,Yes,Yes,Yes,No,Two year,Yes,Bank transfer (automatic),97.03,6876.9,No
CUST-02908,Male,0,No,Yes,67,Yes,No,Fiber optic,No,No,Yes,Yes,No,Yes,Two year,No,Mailed check,114.78,8050.31,No
CUST-02909,Female,0,No,No,41,No,No phone service,No,No internet service,No internet service,No internet service,No internet service,No internet service,No internet service,Month-to-month,No,Bank transfer (automatic),70.05,2969.13,Yes
CUST-02910,Male,0,No,No,26,No,No phone service,DSL,Yes,Yes,No,Yes,Yes,Yes,Month-to-month,Yes,Electronic check,33.33,849.01,No
CUST-02911,Female,0,No,No,6,Yes,Yes,DSL,No,No,No,No,Yes,No,Month-to-month,No,Bank transfer (automatic),50.13,270.9,No
CUST-02912,Male,0,No,No,22,Yes,Yes,Fiber optic,No,Yes,Yes,No,Yes,Yes,Month-to-month,Yes,Mailed check,96.14,1954.68,Yes
CUST-02913,Female,0,Yes,No,7,Yes,No,DSL,Yes,No,Yes,Yes,No,No,Two year,Yes,Mailed check,72.32,495.31,No
CUST-02914,Female,0,No,Yes,7,Yes,Yes,Fiber optic,No,No,No,No,Yes,Yes,Month-to-month,No,Electronic check,23.78,171.93,No
CUST-02915,Male,0,No,No,4,Yes,Yes,Fiber optic,Yes,No,No,Yes,Yes,No,Month-to-month,Yes,Mailed check,48.84,188.02,Yes
CUST-02916,Male,0,Yes,No,70,Yes,Yes,DSL,No,Yes,No,Yes,No,No,One year,No,Credit card (automatic),93.28,6570.87,No
CUST-02917,Male,1,Yes,No,1,Yes,Yes,Fiber optic,No,No,Yes,Yes,No,Yes,Month-to-month,Yes,Credit card (automatic),50.58,47.3,Yes
CUST-02918,Male,1,Yes,No,50,Yes,Yes,Fiber optic,No,No,No,Yes,Yes,No,Month-to-month,No,Mailed check,61.23,2859.17,Yes
CUST-02919,Female,0,No,No,65,Yes,No,DSL,No,Yes,No,No,Yes,Yes,Month-to-month,Yes,Mailed check,108.5,7394.93,No
CUST-02920,Female,0,Yes,No,11,Yes,Yes,No,No internet service,No internet service,No internet service,No internet service,No internet service,No internet service,Month-to-month,Yes,Mailed check,116.46,1265.28,No
CUST-02921,Male,0,No,No,46,Yes,No,DSL,Yes,No,Yes,No,No,Yes,One year,No,Bank transfer (automatic),93.72,4698.29,No
CUST-02922,Female,0,Yes,No,54,Yes,No,Fiber optic,Yes,Yes,No,No,Yes,Yes,One year,No,Mailed check,42.01,2137.56,No
CUST-02923,Male,0,No,No,25,No,No phone service,Fiber optic,Yes,No,No,No,No,No,Two year,No,Bank transfer (automatic),42.31,1046.7,No
CUST-02924,Male,0,No,No,44,Yes,Yes,Fiber optic,Yes,No,No,No,No,No,One year,Yes,Mailed check,48.43,1998.07,No
CUST-02925,Female,1,No,No,61,Yes,Yes,DSL,Yes,Yes,No,Yes,No,No,One year,No,Mailed check,34.06,1976.25,No
CUST-02926,Female,0,No,No,69,Yes,No,No,No internet service,No internet service,No internet service,No internet service,No internet service,No internet service,Month-to-month,No,Mailed check,35.88,2545.07,No
CUST-02927,Female,0,Yes,No,1,Yes,Yes,No,No internet service,No internet service,No internet service,No internet service,No internet service,No internet service,Month-to-month,Yes,Electronic check,43.6,47.17,No
CUST-02928,Female,0,Yes,Yes,25,Yes,No,Fiber optic,Yes,No,No,No,No,Yes,Month-to-month,Yes,Bank transfer (automatic),83.99,1943.71,Yes
CUST-02929,Female,0,No,Yes,13,Yes,No,DSL,Yes,No,No,Yes,No,No,Two year,No,Electronic check,79.25,953.93,No
CUST-02930,Female,0,Yes,No,56,Yes,Yes,No,No internet service,No internet service,No internet service,No internet service,No internet service,No internet service,Month-to-month,Yes,Mailed check,52.09,3181.01,No
CUST-02931,Female,0,No,No,31,Yes,Yes,No,No internet service,No internet service,No internet service,No internet service,No internet service,No internet service,Month-to-month,No,Electronic check,37.67,1222.95,No
CUST-02932,Male,0,Yes,Yes,61,Yes,No,Fiber optic,Yes,Yes,No,Yes,No,Yes,Two year,Yes,Electronic check,80.4,4720.8,No
CUST-02933,Male,0,Yes,No,29,Yes,Yes,DSL,Yes,Yes,No,Yes,No,No,Month-to-month,Yes,Credit card (automatic),31.09,884.83,No
CUST-02934,Male,0,No,No,12,Yes,No,DSL,No,No,Yes,No,No,Yes,Month-to-month,Yes,Electronic check,32.62,414.06,No
CUST-02935,Male,0,No,Yes,39,Yes,No,DSL,No,Yes,Yes,No,No,Yes,Month-to-month,No,Bank transfer (automatic),56.34,2284.63,No
CUST-02936,Male,0,Yes,Yes,30,No,No phone service,DSL,Yes,Yes,Yes,Yes,Yes,Yes,One year,No,Mailed check,74.74,2291.31,No
CUST-02937,Female,0,No,No,36,Yes,No,DSL,Yes,No,Yes,No,Yes,No,Two year,No,Mailed check,90.83,3508.4,No
CUST-02938,Male,0,Yes,Yes,44,Yes,Yes,No,No internet service,No internet service,No internet service,No internet service,No internet service,No internet service,Two year,Yes,Credit card (automatic),86.7,3671.68,No
CUST-02939,Male,1,Yes,No,58,Yes,Yes,Fiber optic,No,No,No,No,Yes,No,Month-to-month,Yes,Credit card (automatic),55.85,3052.23,No
CUST-02940,Male,0,Yes,No,27,Yes,No,DSL,No,Yes,No,No,Yes,No,Month-to-month,No,Bank transfer (automatic),83.47,2213.03,Yes
CUST-02941,Male,1,No,No,60,Yes,Yes,Fiber optic,No,No,Yes,Yes,No,Yes,Month-to-month,Yes,Bank transfer (automatic),39.13,2116.53,No
CUST-02942,Male,1,No,No,18,Yes,No,DSL,No,No,Yes,No,No,Yes,Month-to-month,Yes,Mailed check,67.37,1214.43,Yes
CUST-02943,Male,0,Yes,No,42,Yes,Yes,Fiber optic,Yes,No,Yes,No,No,Yes,Month-to-month,Yes,Mailed check,79.53,3250.23,No
CUST-02944,Male,0,No,No,58,No,No phone service,Fiber optic,No,Yes,Yes,No,Yes,Yes,Month-to-month,No,Electronic check,92.44,4966.84,No
CUST-02945,Female,1,No,No,15,Yes,No,DSL,No,Yes,Yes,No,Yes,No,Month-to-month,No,Bank transfer (automatic),25.96,418.64,No
CUST-02946,Female,0,Yes,No,68,Yes,No,DSL,No,Yes,No,Yes,Yes,No,Month-to-month,No,Credit card (automatic),28.11,1794.66,No
CUST-02947,Male,0,No,No,43,Yes,Yes,Fiber optic,No,No,Yes,No,Yes,Yes,One year,Yes,Mailed check,25.39,1136.74,No
CUST-02948,Female,1,No,No,65,Yes,No,Fiber optic,No,Yes,No,Yes,No,Yes,Month-to-month,Yes,Mailed check,72.65,4916.54,Yes
CUST-02949,Female,0,Yes,No,9,Yes,No,Fiber optic,No,Yes,Yes,Yes,Yes,No,Month-to-month,Yes,Electronic check,75.01,613.33,Yes
CUST-02950,Female,0,No,No,46,Yes,No,No,No internet service,No internet service,No internet service,No internet service,No internet service,No internet service,Two year,Yes,Credit card (automatic),19.1,865.89,No
CUST-02951,Female,0,Yes,Yes,18,Yes,Yes,Fiber optic,No,No,No,Yes,Yes,Yes,One year,Yes,Mailed check,83.67,1498.94,No
CUST-02952,Male,0,No,Yes,50,Yes,No,Fiber optic,No,Yes,No,Yes,Yes,Yes,One year,Yes,Bank transfer (automatic),94.33,5016.02,No
CUST-02953,Female,0,No,No,12,Yes,No,No,No internet service,No internet service,No internet service,No internet service,No internet service,No internet service,Month-to-month,Yes,Bank transfer (automatic),29.66,364.78,Yes
CUST-02954,Female,0,Yes,No,62,Yes,No,DSL,No,Yes,No,Yes,No,Yes,Month-to-month,Yes,Bank transfer (automatic),51.73,2927.15,No
CUST-02955,Female,0,Yes,No,15,No,No phone service,DSL,Yes,Yes,Yes,Yes,No,No,Month-to-month,Yes,Electronic check,103.0,1529.17,Yes
CUST-02956,Male,0,No,No,52,Yes,No,No,No internet service,No internet service,No internet service,No internet service,No internet service,No internet service,Month-to-month,No,Electronic check,86.72,4329.83,No
CUST-02957,Male,0,Yes,Yes,34,Yes,Yes,No,No internet service,No internet service,No internet service,No internet service,No internet service,No internet service,One year,Yes,Bank transfer (automatic),48.46,1539.21,No
CUST-02958,Male,0,Yes,No,58,Yes,Yes,DSL,Yes,Yes,Yes,No,Yes,Yes,Month-to-month,Yes,Credit card (automatic),92.22,5109.18,Yes
CUST-02959,Male,0,No,Yes,38,Yes,Yes,No,No internet service,No internet service,No internet service,No internet service,No internet service,No internet service,Month-to-month,No,Mailed check,106.73,4331.71,No
CUST-02960,Male,0,Yes,No,66,Yes,Yes,DSL,No,No,Yes,No,No,Yes,Month-to-month,Yes,Mailed check,48.93,3306.88,No
CUST-02961,Male,0,No,No,60,Yes,Yes,No,No internet service,No internet service,No internet service,No internet service,No internet service,No internet service,Month-to-month,Yes,Mailed check,86.43,5118.82,No
CUST-02962,Male,0,No,No,49,Yes,No,DSL,Yes,Yes,No,No,Yes,No,Month-to-month,Yes,Bank transfer (automatic),27.34,1398.74,No
CUST-02963,Female,1,Yes,No,52,No,No phone service,DSL,Yes,Yes,Yes,No,Yes,Yes,One year,No,Bank transfer (automatic),23.87,1357.48,No
CUST-02964,Female,0,No,Yes,45,Yes,Yes,Fiber optic,Yes,No,No,No,No,No,Two year,Yes,Bank transfer (automatic),76.63,3742.95,No
CUST-02965,Female,0,Yes,No,51,Yes,Yes,No,No internet service,No internet service,No internet service,No internet service,No internet service,No internet service,Month-to-month,Yes,Electronic check,67.24,3152.74,No
CUST-02966,Male,0,No,Yes,28,Yes,No,No,No internet service,No internet service,No internet service,No internet service,No internet service,No internet service,One year,Yes,Electronic check,99.01,2679.29,No
CUST-02967,Male,0,Yes,Yes,4,Yes,No,No,No internet service,No internet service,No internet service,No internet service,No internet service,No internet service,Month-to-month,Yes,Bank transfer (automatic),96.03,369.76,No
CUST-02968,Male,0,Yes,Yes,66,No,No phone service,Fiber optic,Yes,Yes,No,Yes,No,No,One year,No,Bank transfer (automatic),46.67,3113.39,No
CUST-02969,Male,0,No,No,39,Yes,Yes,Fiber optic,No,No,Yes,No,No,Yes,Month-to-month,Yes,Credit card (automatic),69.23,2478.8,Yes
CUST-02970,Male,0,Yes,Yes,71,Yes,No,DSL,Yes,Yes,No,No,Yes,Yes,Month-to-month,Yes,Mailed check,93.58,7204.57,No
CUST-02971,Female,0,Yes,No,1,Yes,No,DSL,Yes,No,No,Yes,Yes,Yes,Month-to-month,No,Electronic check,45.1,47.65,No
CUST-02972,Female,0,Yes,No,67,Yes,Yes,Fiber optic,No,No,No,No,Yes,No,Month-to-month,No,Mailed check,54.2,3357.42,Yes
CUST-02973,Male,0,No,No,61,Yes,Yes,Fiber optic,No,Yes,No,No,No,No,Month-to-month,Yes,Bank transfer (automatic),23.99,1391.47,No
CUST-02974,Male,0,No,Yes,57,Yes,No,No,No internet service,No internet service,No internet service,No internet service,No internet service,No internet service,One year,Yes,Bank transfer (automatic),31.05,1643.51,No
CUST-02975,Male,1,Yes,Yes,68,Yes,No,DSL,No,Yes,No,No,No,No,Month-to-month,No,Credit card (automatic),79.02,5349.35,No
CUST-02976,Male,0,Yes,No,57,Yes,Yes,Fiber optic,No,Yes,Yes,Yes,Yes,Yes,Two year,No,Credit card (automatic),67.68,4158.76,No
CUST-02977,Female,0,No,No,34,Yes,No,No,No internet service,No internet service,No internet service,No internet service,No internet service,No internet service,Month-to-month,No,Electronic check,34.86,1219.52,Yes
CUST-02978,Male,0,No,Yes,13,Yes,No,Fiber optic,No,No,No,No,No,No,Month-to-month,Yes,Electronic check,18.73,248.63,No
CUST-02979,Male,1,No,No,14,No,No phone service,Fiber optic,No,Yes,Yes,No,No,No,Two year,Yes,Mailed check,34.9,447.02,No
CUST-02980,Male,0,Yes,No,5,Yes,No,Fiber optic,No,Yes,No,No,Yes,Yes,Month-to-month,Yes,Mailed check,92.96,502.57,No
CUST-02981,Male,1,No,No,15,Yes,No,No,No internet service,No internet service,No internet service,No internet service,No internet service,No internet service,Two year,Yes,Electronic check,27.37,392.55,No
CUST-02982,Female,1,Yes,No,45,Yes,Yes,DSL,No,No,No,Yes,No,Yes,Month-to-month,No,Bank transfer (automatic),58.24,2830.53,No
CUST-02983,Male,0,No,No,62,Yes,No,Fiber optic,Yes,Yes,Yes,No,Yes,Yes,Month-to-month,Yes,Electronic check,41.88,2572.69,No
CUST-02984,Male,0,Yes,No,11,Yes,No,DSL,No,No,Yes,No,Yes,Yes,One year,Yes,Mailed check,72.94,806.96,No
CUST-02985,Female,0,No,No,40,Yes,Yes,No,No internet service,No internet service,No internet service,No internet service,No internet service,No internet service,Two year,Yes,Electronic check,69.16,2824.49,No
CUST-02986,Female,0,Yes,No,18,No,No phone service,DSL,No,Yes,No,No,No,Yes,Month-to-month,No,Mailed check,116.3,2004.85,No
CUST-02987,Female,0,No,No,1,Yes,No,Fiber optic,Yes,Yes,No,No,No,No,One year,Yes,Mailed check,95.29,101.69,No
CUST-02988,Male,0,No,No,19,Yes,Yes,Fiber optic,No,No,Yes,No,Yes,Yes,Month-to-month,Yes,Mailed check,111.83,2319.55,No
CUST-02989,Male,1,Yes,No,8,Yes,Yes,Fiber optic,No,No,No,Yes,Yes,No,Two year,No,Credit card (automatic),75.8,580.14,No
CUST-02990,Female,0,No,Yes,20,Yes,No,Fiber optic,Yes,No,Yes,Yes,Yes,Yes,One year,Yes,Bank transfer (automatic),91.78,1652.09,No
CUST-02991,Female,1,No,Yes,7,Yes,Yes,DSL,No,No,Yes,No,No,No,Two year,No,Mailed check,107.51,756.43,No
CUST-02992,Female,0,No,No,38,Yes,No,DSL,Yes,No,No,No,Yes,No,Month-to-month,Yes,Bank transfer (automatic),22.11,855.78,No
CUST-02993,Female,0,No,No,36,Yes,No,No,No internet service,No internet service,No internet service,No internet service,No internet service,No internet service,Two year,No,Bank transfer (automatic),109.55,3599.5,No
CUST-02994,Female,1,Yes,No,28,Yes,Yes,Fiber optic,No,No,No,No,No,Yes,Month-to-month,No,Electronic check,39.18,1134.97,Yes
CUST-02995,Female,0,Yes,No,34,Yes,Yes,No,No internet service,No internet service,No internet service,No internet service,No internet service,No internet service,Month-to-month,Yes,Credit card (automatic),88.5,2883.87,No
CUST-02996,Male,0,No,No,37,Yes,No,Fiber optic,No,No,Yes,No,Yes,Yes,Two year,Yes,Credit card (automatic),95.33,3850.77,No
CUST-02997,Male,0,Yes,Yes,34,Yes,No,DSL,No,No,Yes,Yes,Yes,Yes,Month-to-month,Yes,Bank transfer (automatic),28.93,1038.98,Yes
CUST-02998,Male,0,Yes,No,67,Yes,No,DSL,No,No,Yes,Yes,No,No,One year,Yes,Bank transfer (automatic),113.31,6942.8,No
CUST-02999,Female,0,Yes,No,2,Yes,Yes,DSL,Yes,Yes,No,No,No,No,One year,No,Electronic check,110.66,241.43,No
CUST-03000,Female,0,Yes,No,11,Yes,Yes,No,No internet service,No internet service,No internet service,No internet service,No internet service,No internet service,Month-to-month,No,Electronic check,83.46,867.98,Yes
CUST-03001,Female,0,Yes,No,31,Yes,No,Fiber optic,No,No,No,No,No,No,Month-to-month,No,Mailed check,33.53,1101.45,Yes
CUST-03002,Female,1,No,Yes,46,Yes,No,Fiber optic,Yes,Yes,Yes,Yes,Yes,Yes,Month-to-month,Yes,Credit card (automatic),74.61,3530.41,No
CUST-03003,Female,0,Yes,No,62,Yes,No,No,No internet service,No internet service,No internet service,No internet service,No internet service,No internet service,Two year,No,Credit card (automatic),52.41,3273.01,No
CUST-03004,Female,1,No,No,25,Yes,No,Fiber optic,No,Yes,Yes,Yes,Yes,Yes,Month-to-month,Yes,Bank transfer (automatic),111.08,3017.3,No
CUST-03005,Male,0,Yes,Yes,42,Yes,No,No,No internet service,No internet service,No internet service,No internet service,No internet service,No internet service,Month-to-month,No,Mailed check,58.67,2516.32,No
CUST-03006,Male,0,No,No,43,Yes,No,DSL,Yes,Yes,No,Yes,No,Yes,One year,Yes,Bank transfer (automatic),87.37,4026.45,No
CUST-03007,Female,0,No,No,37,Yes,No,No,No internet service,No internet service,No internet service,No internet service,No internet service,No internet service,Month-to-month,Yes,Bank transfer (automatic),81.7,3221.02,No
CUST-03008,Male,0,No,No,28,Yes,No,No,No internet service,No internet service,No internet service,No internet service,No internet service,No internet service,Month-to-month,No,Mailed check,45.1,1306.28,No
CUST-03009,Female,1,Yes,No,54,Yes,No,Fiber optic,Yes,Yes,Yes,No,Yes,No,One year,Yes,Credit card (automatic),71.55,3856.26,No
CUST-03010,Male,0,Yes,No,51,No,No phone service,Fiber optic,Yes,No,Yes,Yes,Yes,No,Month-to-month,No,Bank transfer (automatic),59.0,2767.17,No
CUST-03011,Female,0,No,No,18,Yes,Yes,No,No internet service,No internet service,No internet service,No internet service,No internet service,No internet service,Month-to-month,No,Bank transfer (automatic),55.46,929.2,No
CUST-03012,Female,0,No,Yes,34,Yes,No,Fiber optic,No,Yes,Yes,No,No,Yes,One year,Yes,Electronic check,104.4,3572.89,No
CUST-03013,Male,0,Yes,No,47,No,No phone service,DSL,Yes,Yes,Yes,Yes,No,No,Month-to-month,Yes,Credit card (automatic),31.98,1452.62,No
CUST-03014,Male,1,Yes,Yes,59,Yes,Yes,No,No internet service,No internet service,No internet service,No internet service,No internet service,No internet service,Two year,Yes,Bank transfer (automatic),59.04,3279.83,No
CUST-03015,Female,1,No,No,30,Yes,Yes,Fiber optic,No,Yes,Yes,No,Yes,No,One year,Yes,Mailed check,18.68,612.75,No
CUST-03016,Female,0,Yes,No,2,Yes,Yes,Fiber optic,Yes,Yes,Yes,No,Yes,Yes,Month-to-month,No,Bank transfer (automatic),44.19,94.72,No
CUST-03017,Male,0,Yes,No,34,Yes,Yes,DSL,No,Yes,Yes,No,No,Yes,Month-to-month,Yes,Electronic check,80.17,2687.77,No
CUST-03018,Male,0,Yes,No,51,Yes,No,DSL,Yes,No,No,No,No,Yes,Month-to-month,Yes,Credit card (automatic),26.75,1465.5,Yes
CUST-03019,Female,0,Yes,Yes,70,Yes,No,Fiber optic,Yes,Yes,Yes,No,Yes,No,Two year,Yes,Credit card (automatic),45.12,2880.12,No
CUST-03020,Male,1,Yes,No,50,Yes,Yes,Fiber optic,Yes,Yes,Yes,Yes,Yes,No,Two year,No,Electronic check,106.02,4876.1,No
CUST-03021,Female,0,Yes,No,55,Yes,No,No,No internet service,No internet service,No internet service,No internet service,No internet service,No internet service,Month-to-month,Yes,Electronic check,87.18,5224.56,No
CUST-03022,Female,0,No,No,20,Yes,No,Fiber optic,No,Yes,Yes,Yes,Yes,Yes,One year,No,Mailed check,25.03,519.5,No
CUST-03023,Female,0,No,No,0,Yes,No,No,No internet service,No internet service,No internet service,No internet service,No internet service,No internet service,Two year,Yes,Electronic check,117.24,0.0,No
CUST-03024,Female,1,No,No,52,Yes,Yes,DSL,No,No,No,No,No,Yes,One year,Yes,Bank transfer (automatic),112.51,6240.04,No
CUST-03025,Male,0,No,No,5,Yes,Yes,DSL,Yes,Yes,No,Yes,Yes,Yes,One year,No,Credit card (automatic),32.17,146.48,No
CUST-03026,Male,0,No,No,61,Yes,No,Fiber optic,Yes,No,No,No,No,Yes,Month-to-month,No,Credit card (automatic),110.19,7014.41,No
CUST-03027,Male,0,No,No,46,No,No phone service,DSL,No,No,No,No,Yes,Yes,Two year,Yes,Bank transfer (automatic),72.99,3261.38,No
CUST-03028,Male,0,Yes,No,49,Yes,Yes,Fiber optic,Yes,No,No,No,No,Yes,Two year,No,Bank transfer (automatic),110.94,5781.79,No
CUST-03029,Male,0,Yes,No,30,Yes,Yes,Fiber optic,No,Yes,No,No,No,No,Month-to-month,No,Bank transfer (automatic),114.81,3366.93,Yes
CUST-03030,Male,0,No,No,63,Yes,No,Fiber optic,Yes,No,Yes,Yes,Yes,Yes,Month-to-month,No,Mailed check,87.36,5798.25,No
CUST-03031,Male,0,No,Yes,28,Yes,No,DSL,Yes,No,Yes,Yes,No,Yes,Month-to-month,Yes,Mailed check,47.13,1425.55,Yes
CUST-03032,Female,0,No,Yes,14,Yes,No,DSL,No,Yes,No,Yes,No,No,One year,Yes,Bank transfer (automatic),110.47,1496.87,No
CUST-03033,Male,0,Yes,No,57,Yes,Yes,DSL,No,Yes,Yes,Yes,Yes,No,Month-to-month,No,Credit card (automatic),75.35,4268.63,No
CUST-03034,Male,0,Yes,Yes,22,Yes,Yes,Fiber optic,No,Yes,Yes,Yes,No,No,Two year,No,Credit card (automatic),52.15,1155.89,No
CUST-03035,Female,0,Yes,Yes,37,Yes,No,DSL,Yes,No,No,No,No,Yes,Two year,Yes,Bank transfer (automatic),64.0,2456.96,No
CUST-03036,Male,0,Yes,No,40,Yes,Yes,No,No internet service,No internet service,No internet service,No internet service,No internet service,No internet service,Month-to-month,No,Credit card (automatic),58.62,2506.17,No
CUST-03037,Male,0,No,Yes,14,Yes,Yes,Fiber optic,No,No,Yes,No,No,Yes,One year,No,Electronic check,111.53,1470.98,No
CUST-03038,Female,0,No,No,2,Yes,Yes,No,No internet service,No internet service,No internet service,No internet service,No internet service,No internet service,Month-to-month,No,Mailed check,99.98,217.78,Yes
CUST-03039,Male,1,No,No,0,Yes,Yes,Fiber optic,Yes,No,No,Yes,No,Yes,Two year,No,Bank transfer (automatic),21.14,0.0,No
CUST-03040,Male,0,No,No,10,Yes,No,No,No internet service,No internet service,No internet service,No internet service,No internet service,No internet service,Month-to-month,Yes,Electronic check,18.99,176.21,No
CUST-03041,Male,0,Yes,Yes,59,Yes,No,Fiber optic,Yes,Yes,No,Yes,Yes,No,Month-to-month,Yes,Mailed check,24.94,1423.15,No
CUST-03042,Female,0,Yes,No,64,Yes,Yes,Fiber optic,Yes,No,No,No,Yes,Yes,Month-to-month,No,Bank transfer (automatic),79.04,4807.01,No
CUST-03043,Male,0,No,No,3,Yes,No,DSL,No,Yes,No,Yes,No,No,Month-to-month,Yes,Electronic check,99.45,278.0,No
CUST-03044,Male,0,Yes,No,24,No,No phone service,No,No internet service,No internet service,No internet service,No internet service,No internet service,No internet service,Month-to-month,Yes,Mailed check,69.49,1716.04,No
CUST-03045,Female,0,Yes,No,71,Yes,No,DSL,No,No,Yes,No,Yes,Yes,One year,No,Credit card (automatic),71.47,4633.71,No
CUST-03046,Male,0,Yes,Yes,42,Yes,Yes,DSL,Yes,No,No,Yes,No,Yes,Month-to-month,Yes,Mailed check,42.04,1800.56,Yes
CUST-03047,Female,0,Yes,No,39,Yes,No,DSL,Yes,No,No,Yes,Yes,Yes,One year,Yes,Mailed check,63.93,2656.69,No
CUST-03048,Female,0,No,Yes,43,Yes,Yes,DSL,Yes,No,Yes,Yes,Yes,Yes,Month-to-month,Yes,Bank transfer (automatic),43.68,1826.36,No
CUST-03049,Male,0,Yes,No,71,Yes,No,DSL,Yes,Yes,No,Yes,No,Yes,Month-to-month,Yes,Mailed check,45.4,3216.74,Yes
CUST-03050,Female,0,No,No,58,No,No phone service,Fiber optic,No,Yes,Yes,No,Yes,Yes,Two year,Yes,Bank transfer (automatic),57.12,3077.17,No
CUST-03051,Female,0,Yes,No,22,Yes,No,Fiber optic,No,No,Yes,Yes,Yes,Yes,Month-to-month,Yes,Credit card (automatic),22.75,522.56,No
CUST-03052,Male,0,Yes,No,61,Yes,No,Fiber optic,No,Yes,Yes,No,No,No,Month-to-month,No,Bank transfer (automatic),113.5,7489.49,Yes
CUST-03053,Female,0,No,No,22,Yes,Yes,DSL,Yes,Yes,Yes,No,Yes,No,Two year,Yes,Mailed check,109.43,2519.53,No
CUST-03054,Female,1,No,No,57,Yes,No,DSL,No,No,Yes,Yes,Yes,No,Month-to-month,Yes,Bank transfer (automatic),97.63,5145.31,No
CUST-03055,Male,0,Yes,No,54,Yes,No,DSL,No,Yes,Yes,Yes,No,Yes,Two year,No,Credit card (automatic),74.85,3916.97,No
CUST-03056,Male,0,Yes,No,32,Yes,No,No,No internet service,No internet service,No internet service,No internet service,No internet service,No internet service,Month-to-month,Yes,Bank transfer (automatic),99.3,2969.91,No
CUST-03057,Male,0,No,No,62,No,No phone service,DSL,No,No,Yes,Yes,Yes,No,Two year,Yes,Electronic check,115.41,7283.41,No
CUST-03058,Female,1,Yes,No,59,Yes,No,No,No internet service,No internet service,No internet service,No internet service,No internet service,No internet service,Month-to-month,No,Mailed check,46.36,2856.96,No
CUST-03059,Male,0,Yes,No,60,No,No phone service,DSL,Yes,No,No,Yes,No,No,Month-to-month,Yes,Electronic check,54.43,3576.26,No
CUST-03060,Female,0,No,No,60,Yes,Yes,Fiber optic,Yes,Yes,No,Yes,Yes,Yes,Month-to-month,Yes,Electronic check,90.9,5457.18,No
CUST-03061,Female,1,Yes,No,68,No,No phone service,Fiber optic,Yes,Yes,Yes,Yes,No,Yes,Two year,No,Mailed check,82.29,5749.35,No
CUST-03062,Female,1,Yes,Yes,20,Yes,Yes,DSL,Yes,Yes,No,Yes,No,Yes,Two year,No,Bank transfer (automatic),100.48,1851.47,No
CUST-03063,Female,0,Yes,No,2,Yes,No,Fiber optic,No,Yes,No,No,Yes,Yes,Month-to-month,Yes,Credit card (automatic),52.7,98.13,Yes
CUST-03064,Female,0,Yes,Yes,47,Yes,Yes,Fiber optic,No,No,Yes,Yes,No,Yes,Two year,No,Electronic check,49.06,2182.09,Yes
CUST-03065,Female,0,Yes,No,9,Yes,Yes,Fiber optic,No,No,Yes,No,Yes,No,Two year,No,Credit card (automatic),76.54,627.46,Yes
CUST-03066,Female,0,No,No,41,Yes,No,No,No internet service,No internet service,No internet service,No internet service,No internet service,No internet service,Month-to-month,No,Bank transfer (automatic),32.59,1311.65,No
CUST-03067,Male,0,Yes,No,65,Yes,Yes,DSL,Yes,Yes,No,No,No,No,Month-to-month,Yes,Bank transfer (automatic),21.96,1556.21,No
CUST-03068,Male,0,No,No,45,Yes,Yes,Fiber optic,No,No,Yes,Yes,Yes,No,Month-to-month,Yes,Electronic check,42.41,1966.82,No
CUST-03069,Female,0,No,No,8,Yes,No,DSL,No,No,Yes,No,No,No,Two year,Yes,Credit card (automatic),33.83,267.18,No
CUST-03070,Female,0,Yes,No,48,Yes,Yes,Fiber optic,No,Yes,No,No,Yes,No,One year,Yes,Bank transfer (automatic),18.67,895.06,No
CUST-03071,Male,0,No,No,3,Yes,Yes,DSL,No,No,No,No,Yes,Yes,Two year,Yes,Mailed check,95.8,267.09,No
CUST-03072,Female,0,Yes,No,59,Yes,Yes,DSL,Yes,Yes,No,Yes,No,Yes,Month-to-month,No,Electronic check,72.32,3922.75,No
CUST-03073,Male,0,No,No,28,Yes,Yes,DSL,No,No,Yes,No,No,Yes,Two year,No,Bank transfer (automatic),84.9,2262.63,No
CUST-03074,Male,0,No,Yes,46,Yes,No,Fiber optic,Yes,Yes,No,No,No,Yes,One year,No,Electronic check,34.31,1517.18,No
CUST-03075,Male,1,No,No,62,Yes,Yes,Fiber optic,Yes,No,Yes,Yes,No,No,Month-to-month,Yes,Electronic check,43.67,2503.31,No
CUST-03076,Female,0,Yes,No,30,No,No phone service,No,No internet service,No internet service,No internet service,No internet service,No internet service,No internet service,Month-to-month,No,Mailed check,24.01,747.87,No
CUST-03077,Female,0,No,No,50,Yes,No,Fiber optic,Yes,No,No,No,Yes,Yes,Two year,No,Bank transfer (automatic),117.75,6385.79,No
CUST-03078,Male,1,No,No,40,Yes,No,Fiber optic,Yes,Yes,No,No,No,Yes,Month-to-month,Yes,Mailed check,28.31,1058.65,No
CUST-03079,Male,0,No,No,35,Yes,No,DSL,No,Yes,No,Yes,Yes,No,One year,Yes,Electronic check,27.04,1010.4,Yes
CUST-03080,Male,0,Yes,No,39,Yes,Yes,DSL,No,Yes,Yes,Yes,No,No,One year,No,Bank transfer (automatic),79.42,2972.45,No
CUST-03081,Male,1,Yes,No,59,Yes,Yes,No,No internet service,No internet service,No internet service,No internet service,No internet service,No internet service,Month-to-month,Yes,Credit card (automatic),51.19,3084.78,No
CUST-03082,Male,0,No,No,14,Yes,Yes,Fiber optic,No,Yes,Yes,No,Yes,No,Month-to-month,Yes,Electronic check,106.76,1371.69,Yes
CUST-03083,Female,0,No,No,29,Yes,No,Fiber optic,No,No,Yes,Yes,Yes,No,Two year,Yes,Bank transfer (automatic),101.15,2780.4,No
CUST-03084,Male,0,No,Yes,29,Yes,No,DSL,Yes,Yes,Yes,No,No,No,Two year,Yes,Mailed check,104.82,2831.91,No
CUST-03085,Female,0,No,No,26,Yes,No,DSL,Yes,Yes,Yes,No,Yes,Yes,One year,No,Electronic check,91.51,2218.08,No
CUST-03086,Male,0,Yes,Yes,39,Yes,Yes,No,No internet service,No internet service,No internet service,No internet service,No internet service,No internet service,One year,No,Bank transfer (automatic),31.18,1321.44,No
CUST-03087,Female,1,Yes,Yes,44,Yes,Yes,Fiber optic,No,No,Yes,No,No,Yes,Month-to-month,Yes,Mailed check,24.36,1042.65,No
CUST-03088,Female,0,Yes,Yes,46,Yes,Yes,Fiber optic,Yes,Yes,No,No,No,No,Month-to-month,Yes,Credit card (automatic),24.46,1056.77,No
CUST-03089,Female,0,No,Yes,55,Yes,Yes,No,No internet service,No internet service,No internet service,No internet service,No internet service,No internet service,Two year,Yes,Mailed check,98.18,5044.9,No
CUST-03090,Female,0,Yes,No,53,Yes,Yes,Fiber optic,Yes,No,No,Yes,Yes,No,Month-to-month,Yes,Electronic check,83.71,4590.08,No
CUST-03091,Female,0,No,No,8,No,No phone service,Fiber optic,Yes,No,No,Yes,Yes,Yes,Month-to-month,Yes,Mailed check,116.1,969.39,Yes
CUST-03092,Female,0,No,No,64,Yes,No,Fiber optic,Yes,No,Yes,No,Yes,No,Month-to-month,Yes,Bank transfer (automatic),82.35,5776.1,No
CUST-03093,Male,0,No,No,69,No,No phone service,Fiber optic,Yes,Yes,No,Yes,No,Yes,Month-to-month,No,Electronic check,42.93,3036.86,No
CUST-03094,Female,0,Yes,No,0,No,No phone service,DSL,No,No,Yes,Yes,No,Yes,One year,Yes,Electronic check,26.95,0.0,Yes
CUST-03095,Male,0,No,No,12,Yes,No,Fiber optic,Yes,No,No,Yes,No,No,Two year,Yes,Bank transfer (automatic),54.56,618.6,No
CUST-03096,Female,0,Yes,No,37,Yes,Yes,DSL,No,Yes,Yes,Yes,No,Yes,Month-to-month,Yes,Mailed check,37.97,1275.45,No
CUST-03097,Female,0,No,No,44,Yes,No,Fiber optic,No,No,Yes,Yes,Yes,Yes,Month-to-month,Yes,Bank transfer (automatic),80.84,3827.85,No
CUST-03098,Male,0,Yes,No,39,Yes,Yes,DSL,No,No,No,Yes,No,Yes,Two year,Yes,Bank transfer (automatic),27.6,1138.58,No
CUST-03099,Female,0,No,Yes,14,Yes,Yes,DSL,Yes,Yes,Yes,Yes,No,Yes,Month-to-month,Yes,Electronic check,95.25,1412.49,No
CUST-03100,Male,0,Yes,Yes,49,Yes,Yes,No,No internet service,No internet service,No internet service,No internet service,No internet service,No internet service,Two year,No,Electronic check,87.66,4142.47,No
CUST-03101,Male,0,No,No,1,Yes,No,Fiber optic,No,Yes,No,Yes,Yes,Yes,Two year,No,Bank transfer (automatic),91.64,89.03,No
CUST-03102,Male,0,Yes,No,52,Yes,Yes,DSL,Yes,No,Yes,Yes,No,No,Two year,No,Credit card (automatic),114.55,6294.51,No
CUST-03103,Male,0,No,Yes,25,Yes,No,No,No internet service,No internet service,No internet service,No internet service,No internet service,No internet service,Month-to-month,Yes,Credit card (automatic),83.06,2154.4,No
CUST-03104,Female,1,No,Yes,65,Yes,Yes,Fiber optic,Yes,Yes,Yes,Yes,No,Yes,Month-to-month,Yes,Credit card (automatic),96.86,6484.28,No
CUST-03105,Female,0,No,Yes,32,Yes,No,DSL,Yes,No,No,No,Yes,No,One year,No,Credit card (automatic),26.53,858.25,No
CUST-03106,Male,0,Yes,No,58,Yes,No,Fiber optic,No,Yes,Yes,Yes,No,Yes,One year,Yes,Mailed check,112.31,6342.48,No
CUST-03107,Female,0,No,No,25,Yes,Yes,Fiber optic,Yes,No,No,No,Yes,No,One year,No,Electronic check,39.86,1044.58,No
CUST-03108,Female,0,No,No,20,Yes,Yes,Fiber optic,Yes,Yes,Yes,Yes,Yes,Yes,Month-to-month,Yes,Credit card (automatic),67.31,1308.75,No
CUST-03109,Male,0,No,Yes,48,Yes,Yes,No,No internet service,No internet service,No internet service,No internet service,No internet service,No internet service,Month-to-month,Yes,Bank transfer (automatic),113.71,5714.28,No
CUST-03110,Female,0,Yes,No,70,Yes,No,DSL,Yes,Yes,Yes,Yes,No,No,Month-to-month,No,Electronic check,35.94,2360.03,No
CUST-03111,Male,0,No,Yes,70,No,No phone service,DSL,Yes,No,No,Yes,Yes,Yes,One year,Yes,Mailed check,21.55,1535.79,No
CUST-03112,Male,1,No,No,65,Yes,Yes,DSL,No,No,Yes,No,Yes,Yes,Month-to-month,Yes,Electronic check,47.71,3012.66,No
CUST-03113,Female,1,Yes,Yes,36,Yes,No,DSL,No,Yes,Yes,Yes,Yes,No,Month-to-month,No,Credit card (automatic),33.64,1290.62,No
CUST-03114,Female,0,No,No,13,Yes,No,Fiber optic,Yes,No,No,Yes,Yes,Yes,One year,No,Mailed check,84.8,1106.52,No
CUST-03115,Female,0,Yes,No,71,Yes,No,No,No internet service,No internet service,No internet service,No internet service,No internet service,No internet service,One year,Yes,Mailed check,45.84,3335.36,No
CUST-03116,Male,0,No,No,6,Yes,Yes,DSL,No,No,Yes,No,Yes,Yes,One year,Yes,Bank transfer (automatic),24.28,133.54,No
CUST-03117,Male,0,Yes,No,37,Yes,Yes,DSL,Yes,Yes,No,No,Yes,Yes,One year,No,Bank transfer (automatic),107.3,3966.32,No
CUST-03118,Female,0,Yes,No,44,Yes,Yes,No,No internet service,No internet service,No internet service,No internet service,No internet service,No internet service,Month-to-month,No,Mailed check,22.95,1066.5,No
CUST-03119,Female,0,Yes,Yes,21,Yes,Yes,DSL,No,No,No,No,No,No,One year,No,Electronic check,45.13,1015.96,No
CUST-03120,Female,0,No,No,43,No,No phone service,Fiber optic,No,No,No,No,Yes,No,Month-to-month,Yes,Bank transfer (automatic),42.03,1887.23,No
CUST-03121,Female,0,No,No,34,Yes,No,DSL,No,Yes,No,Yes,Yes,Yes,Month-to-month,No,Credit card (automatic),20.35,680.63,Yes
CUST-03122,Male,0,Yes,No,59,Yes,No,DSL,Yes,Yes,Yes,Yes,Yes,Yes,One year,Yes,Mailed check,34.52,1937.89,No
CUST-03123,Female,0,No,No,2,Yes,Yes,DSL,Yes,Yes,Yes,Yes,Yes,Yes,Month-to-month,No,Electronic check,99.48,194.55,No
CUST-03124,Male,0,No,No,66,No,No phone service,DSL,Yes,No,Yes,No,Yes,No,Month-to-month,Yes,Electronic check,21.75,1453.19,No
CUST-03125,Male,0,Yes,No,71,Yes,Yes,Fiber optic,Yes,No,Yes,Yes,No,No,One year,Yes,Bank transfer (automatic),20.32,1300.12,No
CUST-03126,Female,0,Yes,Yes,54,Yes,No,DSL,Yes,No,No,No,No,No,Month-to-month,Yes,Electronic check,81.4,4757.8,No
CUST-03127,Female,0,Yes,No,8,Yes,No,DSL,No,Yes,Yes,Yes,Yes,No,Month-to-month,Yes,Bank transfer (automatic),26.89,208.4,No
CUST-03128,Female,1,Yes,Yes,68,Yes,Yes,Fiber optic,No,Yes,Yes,Yes,No,No,Two year,Yes,Electronic check,55.16,3973.54,No
CUST-03129,Male,0,No,No,27,Yes,No,No,No internet service,No internet service,No internet service,No internet service,No internet service,No internet service,Two year,Yes,Electronic check,18.21,495.06,No
CUST-03130,Female,0,No,No,14,Yes,No,Fiber optic,No,Yes,No,Yes,No,Yes,Month-to-month,Yes,Mailed check,54.24,783.99,No
CUST-03131,Female,0,No,Yes,30,Yes,Yes,DSL,No,No,No,Yes,No,No,One year,No,Electronic check,49.8,1571.54,No
CUST-03132,Male,0,No,No,58,Yes,No,DSL,No,Yes,Yes,No,Yes,No,Month-to-month,Yes,Electronic check,79.27,4402.64,No
CUST-03133,Female,0,No,No,53,Yes,Yes,Fiber optic,No,Yes,No,No,No,No,Month-to-month,Yes,Electronic check,67.91,3675.59,No
CUST-03134,Male,0,No,No,67,Yes,No,Fiber optic,Yes,No,No,Yes,No,Yes,One year,No,Credit card (automatic),85.85,6041.44,No
CUST-03135,Female,0,Yes,Yes,46,Yes,No,Fiber optic,Yes,No,No,No,Yes,Yes,Month-to-month,No,Bank transfer (automatic),111.59,5411.28,No
CUST-03136,Male,0,No,No,41,Yes,Yes,DSL,No,No,No,Yes,Yes,Yes,Two year,No,Credit card (automatic),97.52,3931.15,No
CUST-03137,Female,0,No,No,22,Yes,Yes,DSL,No,Yes,No,Yes,Yes,Yes,One year,No,Mailed check,111.36,2561.89,No
CUST-03138,Female,0,No,No,64,Yes,Yes,No,No internet service,No internet service,No internet service,No internet service,No internet service,No internet service,Month-to-month,Yes,Mailed check,23.42,1439.49,No
CUST-03139,Male,0,Yes,No,53,Yes,No,No,No internet service,No internet service,No internet service,No internet service,No internet service,No internet service,Month-to-month,Yes,Credit card (automatic),117.03,5736.49,No
CUST-03140,Male,0,Yes,Yes,10,Yes,No,Fiber optic,Yes,Yes,No,Yes,No,Yes,Month-to-month,No,Electronic check,50.21,463.23,Yes
CUST-03141,Female,0,No,No,62,Yes,Yes,No,No internet service,No internet service,No internet service,No internet service,No internet service,No internet service,Month-to-month,No,Mailed check,45.67,2834.77,No
CUST-03142,Male,0,Yes,No,21,Yes,Yes,DSL,No,Yes,Yes,No,No,No,Month-to-month,Yes,Electronic check,58.35,1196.74,No
CUST-03143,Male,0,Yes,No,53,Yes,Yes,No,No internet service,No internet service,No internet service,No internet service,No internet service,No internet service,Month-to-month,Yes,Bank transfer (automatic),96.33,4832.29,Yes
CUST-03144,Male,0,No,Yes,35,Yes,Yes,Fiber optic,No,Yes,No,No,No,No,Month-to-month,No,Electronic check,113.43,3883.64,Yes
CUST-03145,Male,0,No,No,57,Yes,No,Fiber optic,Yes,Yes,No,Yes,Yes,Yes,Month-to-month,No,Credit card (automatic),73.42,4111.15,No
CUST-03146,Female,1,No,No,19,Yes,No,Fiber optic,No,Yes,No,Yes,No,No,Two year,No,Electronic check,33.44,642.17,No
CUST-03147,Female,0,Yes,No,15,Yes,Yes,DSL,Yes,Yes,Yes,No,Yes,No,Month-to-month,No,Electronic check,39.41,538.88,No
CUST-03148,Male,0,Yes,No,55,Yes,Yes,DSL,No,Yes,Yes,No,No,No,One year,Yes,Electronic check,58.54,3482.44,No
CUST-03149,Male,0,No,No,49,Yes,No,Fiber optic,No,No,Yes,Yes,Yes,No,Month-to-month,Yes,Bank transfer (automatic),54.58,2606.06,No
CUST-03150,Male,0,Yes,No,65,No,No phone service,DSL,Yes,Yes,Yes,No,Yes,Yes,Two year,No,Mailed check,41.83,2781.69,No
CUST-03151,Male,1,Yes,Yes,12,Yes,No,Fiber optic,Yes,No,No,Yes,Yes,Yes,Month-to-month,Yes,Electronic check,103.02,1188.37,No
CUST-03152,Female,0,Yes,No,14,Yes,No,Fiber optic,No,No,Yes,Yes,No,No,Month-to-month,Yes,Mailed check,46.01,677.85,No
CUST-03153,Female,0,No,No,26,Yes,No,DSL,No,Yes,Yes,No,No,No,Month-to-month,Yes,Electronic check,77.28,1992.68,No
CUST-03154,Male,0,No,No,7,Yes,No,Fiber optic,No,Yes,Yes,Yes,No,Yes,Month-to-month,Yes,Mailed check,65.93,445.06,Yes
CUST-03155,Male,0,No,Yes,69,Yes,Yes,DSL,Yes,No,No,No,No,No,Month-to-month,Yes,Bank transfer (automatic),110.35,8320.45,No
CUST-03156,Male,0,No,No,49,Yes,Yes,DSL,Yes,Yes,Yes,Yes,No,No,One year,Yes,Mailed check,80.89,4253.12,Yes
CUST-03157,Female,1,No,No,66,Yes,No,Fiber optic,Yes,Yes,No,Yes,Yes,Yes,Month-to-month,Yes,Mailed check,51.21,3163.77,Yes
CUST-03158,Male,0,Yes,Yes,25,Yes,Yes,Fiber optic,Yes,Yes,No,Yes,No,Yes,Two year,No,Bank transfer (automatic),81.87,2128.88,Yes
CUST-03159,Female,0,Yes,No,35,Yes,Yes,DSL,No,Yes,No,Yes,Yes,Yes,Month-to-month,No,Mailed check,49.89,1834.97,Yes
CUST-03160,Male,1,Yes,No,20,Yes,No,DSL,Yes,Yes,Yes,No,Yes,No,Two year,Yes,Electronic check,27.09,491.36,No
CUST-03161,Female,0,Yes,Yes,51,Yes,No,Fiber optic,No,No,Yes,Yes,No,No,Two year,Yes,Credit card (automatic),66.52,3705.29,No
CUST-03162,Male,0,Yes,No,10,Yes,Yes,DSL,Yes,No,Yes,Yes,No,No,Month-to-month,Yes,Electronic check,104.02,984.65,Yes
CUST-03163,Female,0,Yes,No,7,Yes,No,No,No internet service,No internet service,No internet service,No internet service,No internet service,No internet service,Month-to-month,No,Bank transfer (automatic),108.92,824.71,No
CUST-03164,Male,0,No,No,56,Yes,No,No,No internet service,No internet service,No internet service,No internet service,No internet service,No internet service,Two year,Yes,Bank transfer (automatic),72.37,4177.6,No
CUST-03165,Male,0,No,Yes,45,Yes,Yes,DSL,No,No,Yes,No,Yes,No,One year,Yes,Bank transfer (automatic),87.95,3967.34,No
CUST-03166,Male,0,Yes,No,1,Yes,Yes,No,No internet service,No internet service,No internet service,No internet service,No internet service,No internet service,Month-to-month,Yes,Electronic check,79.07,83.59,Yes
CUST-03167,Female,0,No,No,63,Yes,Yes,Fiber optic,No,Yes,Yes,No,No,Yes,Month-to-month,Yes,Credit card (automatic),99.08,6460.55,Yes
CUST-03168,Male,0,Yes,No,51,Yes,No,Fiber optic,Yes,Yes,No,Yes,Yes,Yes,One year,No,Mailed check,28.32,1513.72,No
CUST-03169,Female,0,Yes,No,64,Yes,Yes,DSL,No,No,No,No,No,No,Month-to-month,No,Credit card (automatic),58.14,3987.31,Yes
CUST-03170,Female,0,No,No,10,No,No phone service,DSL,Yes,Yes,No,Yes,No,No,Month-to-month,Yes,Bank transfer (automatic),43.31,430.6,Yes
CUST-03171,Male,0,No,Yes,5,Yes,No,No,No internet service,No internet service,No internet service,No internet service,No internet service,No internet service,Two year,Yes,Credit card (automatic),18.66,91.91,No
CUST-03172,Male,0,Yes,No,63,No,No phone service,Fiber optic,No,No,Yes,No,No,No,Two year,Yes,Credit card (automatic),100.99,6871.08,No
CUST-03173,Male,0,No,No,54,Yes,Yes,Fiber optic,No,No,No,Yes,Yes,Yes,Two year,Yes,Electronic check,31.42,1797.75,No
CUST-03174,Female,0,Yes,No,43,Yes,No,DSL,Yes,No,No,No,No,Yes,Two year,Yes,Credit card (automatic),50.34,1956.49,No
CUST-03175,Male,0,Yes,No,13,No,No phone service,No,No internet service,No internet service,No internet service,No internet service,No internet service,No internet service,Two year,Yes,Mailed check,104.69,1402.84,No
CUST-03176,Female,0,Yes,No,4,Yes,No,Fiber optic,Yes,No,Yes,Yes,No,Yes,Month-to-month,Yes,Electronic check,90.13,389.64,No
CUST-03177,Female,0,Yes,No,24,Yes,No,Fiber optic,Yes,No,Yes,No,No,No,Month-to-month,No,Mailed check,74.77,1860.37,Yes
CUST-03178,Male,0,Yes,No,49,Yes,Yes,DSL,Yes,No,No,Yes,Yes,No,One year,No,Credit card (automatic),49.03,2428.15,No
CUST-03179,Male,0,No,No,70,Yes,Yes,No,No internet service,No internet service,No internet service,No internet service,No internet service,No internet service,Month-to-month,Yes,Bank transfer (automatic),69.53,4551.61,No
CUST-03180,Male,0,Yes,Yes,1,Yes,Yes,Fiber optic,Yes,No,Yes,No,No,No,One year,Yes,Bank transfer (automatic),23.62,25.75,No
CUST-03181,Male,0,No,Yes,9,Yes,Yes,DSL,No,No,No,Yes,Yes,No,Month-to-month,No,Electronic check,90.73,837.2,Yes
CUST-03182,Male,0,Yes,No,1,Yes,No,Fiber optic,No,No,Yes,No,No,No,Two year,Yes,Mailed check,41.73,38.4,No
CUST-03183,Male,0,No,No,59,Yes,No,No,No internet service,No internet service,No internet service,No internet service,No internet service,No internet service,Month-to-month,Yes,Credit card (automatic),65.92,4221.93,No
CUST-03184,Female,1,Yes,No,44,Yes,Yes,Fiber optic,No,No,No,No,Yes,No,Two year,Yes,Electronic check,27.45,1211.81,No
CUST-03185,Female,0,No,No,7,Yes,Yes,Fiber optic,Yes,No,Yes,No,No,No,Two year,Yes,Mailed check,89.08,580.81,Yes
CUST-03186,Female,0,Yes,No,57,No,No phone service,DSL,Yes,Yes,Yes,Yes,No,No,Two year,Yes,Electronic check,107.58,5796.68,No
CUST-03187,Male,0,Yes,No,6,Yes,No,Fiber optic,Yes,Yes,No,Yes,No,Yes,Month-to-month,No,Mailed check,63.59,417.24,Yes
CUST-03188,Female,0,No,No,71,Yes,No,Fiber optic,Yes,No,No,No,No,Yes,Month-to-month,Yes,Bank transfer (automatic),26.32,1845.04,Yes
CUST-03189,Female,0,No,Yes,20,Yes,Yes,Fiber optic,Yes,Yes,No,No,No,Yes,Two year,Yes,Electronic check,112.51,2214.05,No
CUST-03190,Female,0,No,No,46,Yes,Yes,Fiber optic,Yes,Yes,No,No,No,Yes,One year,No,Credit card (automatic),62.7,2876.22,No
CUST-03191,Female,0,No,No,0,Yes,No,DSL,No,Yes,Yes,No,No,Yes,Month-to-month,Yes,Mailed check,26.03,0.0,No
CUST-03192,Female,0,No,No,11,No,No phone service,No,No internet service,No internet service,No internet service,No internet service,No internet service,No internet service,Two year,Yes,Credit card (automatic),36.84,394.3,No
CUST-03193,Male,0,No,Yes,47,Yes,No,Fiber optic,Yes,No,No,Yes,No,Yes,Month-to-month,No,Electronic check,29.98,1386.81,Yes
CUST-03194,Male,0,Yes,Yes,3,Yes,Yes,Fiber optic,Yes,Yes,Yes,Yes,Yes,No,Month-to-month,Yes,Electronic check,37.75,118.82,Yes
CUST-03195,Female,0,Yes,No,33,No,No phone service,DSL,Yes,Yes,Yes,No,Yes,Yes,One year,No,Mailed check,33.58,1099.54,No
CUST-03196,Female,0,Yes,No,31,No,No phone service,No,No internet service,No internet service,No internet service,No internet service,No internet service,No internet service,Month-to-month,No,Mailed check,110.29,3565.03,Yes
CUST-03197,Female,0,No,No,2,Yes,No,Fiber optic,Yes,Yes,Yes,Yes,Yes,No,Month-to-month,No,Electronic check,38.91,85.01,No
CUST-03198,Male,0,No,No,67,Yes,Yes,DSL,Yes,No,No,No,Yes,No,Month-to-month,Yes,Electronic check,62.2,4552.91,No
CUST-03199,Male,0,No,No,56,Yes,No,No,No internet service,No internet service,No internet service,No internet service,No internet service,No internet service,Month-to-month,Yes,Mailed check,90.99,5041.43,No
CUST-03200,Female,1,Yes,No,23,Yes,No,DSL,No,No,No,No,No,Yes,Two year,Yes,Bank transfer (automatic),85.7,1866.32,No
CUST-03201,Male,1,No,No,32,Yes,No,Fiber optic,No,Yes,Yes,No,Yes,No,Month-to-month,Yes,Credit card (automatic),113.65,3455.86,Yes
CUST-03202,Male,0,Yes,Yes,2,Yes,No,Fiber optic,No,No,Yes,Yes,Yes,Yes,Month-to-month,Yes,Credit card (automatic),114.6,243.83,No
CUST-03203,Female,0,No,No,3,Yes,Yes,No,No internet service,No internet service,No internet service,No internet service,No internet service,No internet service,Month-to-month,Yes,Electronic check,75.07,206.28,Yes
CUST-03204,Male,0,No,No,29,Yes,No,DSL,No,No,Yes,Yes,Yes,No,Two year,Yes,Electronic check,93.23,2455.16,No
CUST-03205,Male,0,No,No,69,Yes,No,Fiber optic,No,No,Yes,No,Yes,Yes,Month-to-month,No,Mailed check,56.6,4047.1,No
CUST-03206,Female,0,Yes,No,48,No,No phone service,Fiber optic,Yes,No,No,No,Yes,No,Month-to-month,Yes,Credit card (automatic),60.93,3164.53,No
CUST-03207,Male,0,No,Yes,29,Yes,Yes,DSL,No,No,No,No,Yes,No,Month-to-month,Yes,Credit card (automatic),28.44,780.36,No
CUST-03208,Male,1,Yes,No,71,Yes,No,No,No internet service,No internet service,No internet service,No internet service,No internet service,No internet service,Month-to-month,Yes,Electronic check,85.34,5519.36,No
CUST-03209,Female,0,No,No,15,Yes,Yes,No,No internet service,No internet service,No internet service,No internet service,No internet service,No internet service,Month-to-month,Yes,Bank transfer (automatic),45.06,729.33,No
CUST-03210,Male,0,No,No,52,Yes,No,Fiber optic,No,No,No,No,No,No,One year,No,Electronic check,25.99,1312.06,No
CUST-03211,Male,0,No,No,5,No,No phone service,No,No internet service,No internet service,No internet service,No internet service,No internet service,No internet service,One year,No,Electronic check,27.82,140.48,No
CUST-03212,Female,0,No,No,23,Yes,No,Fiber optic,Yes,Yes,No,No,No,No,Month-to-month,Yes,Electronic check,90.24,2215.1,No
CUST-03213,Female,0,Yes,No,27,Yes,No,Fiber optic,Yes,Yes,Yes,Yes,Yes,Yes,Month-to-month,Yes,Credit card (automatic),40.89,1048.83,Yes
CUST-03214,Female,0,No,No,20,No,No phone service,Fiber optic,No,Yes,Yes,No,No,No,Two year,Yes,Bank transfer (automatic),95.0,1938.46,No
CUST-03215,Male,0,Yes,No,7,No,No phone service,Fiber optic,No,Yes,Yes,Yes,No,Yes,One year,Yes,Bank transfer (automatic),108.59,834.85,No
CUST-03216,Female,0,No,No,35,Yes,No,Fiber optic,Yes,Yes,No,Yes,No,Yes,Month-to-month,No,Credit card (automatic),52.08,1910.77,No
CUST-03217,Male,1,No,Yes,8,Yes,No,Fiber optic,Yes,Yes,No,No,No,Yes,Month-to-month,Yes,Bank transfer (automatic),97.39,763.12,Yes
CUST-03218,Female,0,No,Yes,39,Yes,No,Fiber optic,No,No,No,No,Yes,No,Month-to-month,No,Credit card (automatic),60.87,2501.18,Yes
CUST-03219,Male,0,Yes,No,50,Yes,Yes,Fiber optic,No,Yes,Yes,No,No,No,Month-to-month,No,Mailed check,95.22,4305.63,No
CUST-03220,Female,0,No,Yes,0,No,No phone service,No,No internet service,No internet service,No internet service,No internet service,No internet service,No internet service,Two year,Yes,Mailed check,48.67,0.0,No
CUST-03221,Female,0,Yes,Yes,62,Yes,Yes,Fiber optic,No,Yes,Yes,No,No,Yes,Two year,Yes,Credit card (automatic),111.15,7228.53,No
CUST-03222,Female,0,Yes,No,67,Yes,Yes,DSL,Yes,Yes,Yes,Yes,Yes,No,One year,Yes,Credit card (automatic),116.72,7448.37,No
CUST-03223,Female,1,No,Yes,25,Yes,No,Fiber optic,No,Yes,Yes,Yes,No,Yes,Two year,Yes,Credit card (automatic),56.62,1309.65,No
CUST-03224,Male,0,Yes,Yes,39,Yes,Yes,Fiber optic,Yes,Yes,Yes,Yes,Yes,Yes,One year,Yes,Credit card (automatic),37.89,1416.62,No
CUST-03225,Female,1,No,No,2,Yes,No,DSL,Yes,No,No,No,No,No,Month-to-month,Yes,Credit card (automatic),86.53,161.68,No
CUST-03226,Female,0,Yes,No,8,Yes,Yes,No,No internet service,No internet service,No internet service,No internet service,No internet service,No internet service,Month-to-month,Yes,Credit card (automatic),76.36,601.18,No
CUST-03227,Male,0,Yes,No,31,Yes,No,DSL,Yes,Yes,No,No,Yes,No,Month-to-month,No,Bank transfer (automatic),117.15,3358.94,No
CUST-03228,Female,1,Yes,No,66,No,No phone service,Fiber optic,Yes,Yes,Yes,No,Yes,No,Month-to-month,Yes,Mailed check,99.16,6986.58,No
CUST-03229,Male,0,Yes,No,3,Yes,No,No,No internet service,No internet service,No internet service,No internet service,No internet service,No internet service,Month-to-month,Yes,Mailed check,101.51,321.58,No
CUST-03230,Female,0,No,No,5,Yes,No,Fiber optic,Yes,Yes,No,No,No,No,Month-to-month,No,Electronic check,90.65,435.75,No
CUST-03231,Female,0,Yes,No,25,Yes,No,Fiber optic,Yes,No,Yes,Yes,No,No,Month-to-month,No,Mailed check,53.08,1332.29,No
CUST-03232,Female,0,No,No,1,Yes,No,No,No internet service,No internet service,No internet service,No internet service,No internet service,No internet service,Month-to-month,Yes,Mailed check,111.58,119.5,No
CUST-03233,Male,0,Yes,No,65,Yes,Yes,No,No internet service,No internet service,No internet service,No internet service,No internet service,No internet service,Two year,No,Electronic check,64.57,4557.18,No
CUST-03234,Female,1,No,No,2,Yes,Yes,No,No internet service,No internet service,No internet service,No internet service,No internet service,No internet service,Month-to-month,Yes,Electronic check,57.94,106.4,No
CUST-03235,Female,0,No,No,34,Yes,Yes,Fiber optic,No,Yes,No,No,Yes,Yes,Month-to-month,Yes,Credit card (automatic),37.42,1328.77,Yes
CUST-03236,Female,0,Yes,Yes,58,Yes,No,Fiber optic,Yes,No,Yes,Yes,Yes,Yes,One year,No,Credit card (automatic),48.4,2602.53,No
CUST-03237,Male,1,Yes,No,37,Yes,No,Fiber optic,Yes,No,Yes,Yes,Yes,Yes,Two year,Yes,Mailed check,18.23,609.76,No
CUST-03238,Male,0,No,Yes,32,Yes,No,DSL,No,No,No,No,No,Yes,Month-to-month,No,Electronic check,83.99,2461.35,No
CUST-03239,Female,0,Yes,No,14,Yes,No,No,No internet service,No internet service,No internet service,No internet service,No internet service,No internet service,Month-to-month,Yes,Credit card (automatic),78.55,1116.39,No
CUST-03240,Male,0,Yes,No,13,Yes,No,No,No internet service,No internet service,No internet service,No internet service,No internet service,No internet service,Two year,No,Bank transfer (automatic),58.3,739.27,No
CUST-03241,Female,0,Yes,No,65,Yes,No,Fiber optic,No,No,Yes,No,Yes,No,One year,Yes,Credit card (automatic),114.71,6887.51,No
CUST-03242,Female,0,Yes,Yes,44,Yes,Yes,DSL,No,No,Yes,No,No,No,Two year,Yes,Credit card (automatic),87.31,3821.91,No
CUST-03243,Female,1,Yes,No,47,Yes,No,DSL,Yes,Yes,No,Yes,No,Yes,One year,Yes,Electronic check,42.27,1989.96,No
CUST-03244,Female,0,Yes,Yes,43,Yes,No,DSL,Yes,Yes,No,Yes,Yes,No,Month-to-month,Yes,Mailed check,55.87,2540.5,Yes
CUST-03245,Female,0,Yes,No,36,Yes,No,Fiber optic,No,No,Yes,Yes,No,No,Month-to-month,No,Mailed check,69.58,2586.87,No
CUST-03246,Female,0,Yes,No,28,Yes,No,Fiber optic,Yes,No,Yes,No,Yes,Yes,Month-to-month,Yes,Bank transfer (automatic),72.54,2017.29,Yes
CUST-03247,Female,0,Yes,Yes,33,Yes,No,No,No internet service,No internet service,No internet service,No internet service,No internet service,No internet service,Month-to-month,Yes,Mailed check,45.56,1450.66,No
CUST-03248,Male,0,No,No,58,Yes,Yes,No,No internet service,No internet service,No internet service,No internet service,No internet service,No internet service,Two year,No,Electronic check,42.94,2242.47,No
CUST-03249,Male,0,Yes,Yes,42,Yes,No,Fiber optic,No,No,Yes,Yes,No,No,One year,Yes,Bank transfer (automatic),47.94,2147.19,No
CUST-03250,Male,0,Yes,No,32,Yes,No,No,No internet service,No internet service,No internet service,No internet service,No internet service,No internet service,Month-to-month,Yes,Mailed check,114.34,3488.37,No
CUST-03251,Male,0,Yes,Yes,18,Yes,Yes,Fiber optic,No,No,No,No,No,No,Two year,Yes,Electronic check,53.95,915.4,Yes
CUST-03252,Male,0,Yes,Yes,7,Yes,Yes,DSL,Yes,No,No,Yes,Yes,No,Month-to-month,Yes,Electronic check,55.41,406.07,No
CUST-03253,Male,0,Yes,Yes,30,Yes,No,No,No internet service,No internet service,No internet service,No internet service,No internet service,No internet service,Month-to-month,Yes,Credit card (automatic),90.02,2469.24,Yes
CUST-03254,Male,0,No,Yes,10,Yes,Yes,DSL,Yes,Yes,No,No,Yes,Yes,One year,Yes,Mailed check,34.28,326.53,No
CUST-03255,Female,0,No,No,7,No,No phone service,No,No internet service,No internet service,No internet service,No internet service,No internet service,No internet service,Two year,Yes,Credit card (automatic),82.32,568.76,No
CUST-03256,Female,0,Yes,No,24,Yes,No,Fiber optic,No,Yes,No,No,No,Yes,Month-to-month,No,Mailed check,84.61,2006.92,Yes
CUST-03257,Female,0,No,No,19,Yes,Yes,Fiber optic,No,No,Yes,Yes,Yes,Yes,One year,No,Mailed check,24.45,432.76,No
CUST-03258,Female,0,Yes,Yes,37,Yes,No,No,No internet service,No internet service,No internet service,No internet service,No internet service,No internet service,Month-to-month,No,Credit card (automatic),36.99,1242.75,No
CUST-03259,Male,0,Yes,No,6,Yes,Yes,Fiber optic,Yes,No,No,No,No,No,One year,Yes,Credit card (automatic),64.65,385.61,No
CUST-03260,Male,0,No,No,38,Yes,No,No,No internet service,No internet service,No internet service,No internet service,No internet service,No internet service,One year,No,Credit card (automatic),101.54,3748.52,No
CUST-03261,Female,0,No,No,71,Yes,No,Fiber optic,No,No,No,No,No,No,Two year,Yes,Mailed check,91.23,6198.61,No
CUST-03262,Female,0,No,No,19,Yes,Yes,No,No internet service,No internet service,No internet service,No internet service,No internet service,No internet service,Month-to-month,Yes,Electronic check,105.35,1909.83,Yes
CUST-03263,Male,0,No,No,10,Yes,Yes,Fiber optic,Yes,Yes,No,Yes,Yes,Yes,One year,No,Mailed check,103.1,1031.86,No
CUST-03264,Female,0,No,Yes,15,Yes,No,Fiber optic,Yes,No,Yes,No,Yes,No,Month-to-month,Yes,Credit card (automatic),69.15,938.02,No
CUST-03265,Female,0,Yes,No,41,No,No phone service,Fiber optic,No,No,No,Yes,Yes,Yes,Month-to-month,No,Electronic check,80.23,3030.28,Yes
CUST-03266,Female,1,Yes,No,51,Yes,Yes,Fiber optic,Yes,Yes,No,Yes,No,Yes,Two year,Yes,Electronic check,110.08,5417.82,No
CUST-03267,Female,1,Yes,No,36,No,No phone service,No,No internet service,No internet service,No internet service,No internet service,No internet service,No internet service,Two year,Yes,Electronic check,92.11,3302.57,No
CUST-03268,Male,0,No,Yes,51,Yes,Yes,No,No internet service,No internet service,No internet service,No internet service,No internet service,No internet service,Month-to-month,No,Credit card (automatic),53.79,2849.63,No
CUST-03269,Female,0,Yes,Yes,8,Yes,Yes,Fiber optic,Yes,Yes,Yes,No,No,No,Month-to-month,No,Mailed check,53.04,406.76,Yes
CUST-03270,Female,0,No,No,34,No,No phone service,No,No internet service,No internet service,No internet service,No internet service,No internet service,No internet service,Month-to-month,Yes,Electronic check,54.66,1920.53,Yes
CUST-03271,Male,0,Yes,Yes,66,Yes,No,Fiber optic,No,Yes,No,Yes,No,Yes,Month-to-month,No,Bank transfer (automatic),67.52,4355.74,No
CUST-03272,Male,0,No,Yes,6,Yes,No,DSL,No,No,No,Yes,No,No,Month-to-month,Yes,Mailed check,54.25,343.38,No
CUST-03273,Female,0,No,No,1,Yes,Yes,Fiber optic,No,Yes,Yes,Yes,No,No,Two year,Yes,Bank transfer (automatic),36.75,36.61,No
CUST-03274,Male,0,Yes,No,24,Yes,Yes,Fiber optic,No,Yes,No,No,Yes,Yes,Month-to-month,Yes,Mailed check,77.49,1875.16,No
CUST-03275,Female,0,Yes,No,40,No,No phone service,DSL,Yes,Yes,No,No,No,No,Month-to-month,No,Mailed check,104.92,4142.3,No
CUST-03276,Female,1,Yes,Yes,51,Yes,No,Fiber optic,No,No,No,Yes,Yes,Yes,Two year,Yes,Bank transfer (automatic),67.25,3177.93,No
CUST-03277,Male,0,Yes,No,64,Yes,No,Fiber optic,No,Yes,Yes,Yes,Yes,Yes,One year,No,Mailed check,39.91,2386.26,No
CUST-03278,Female,0,No,Yes,37,Yes,Yes,DSL,Yes,Yes,No,Yes,No,Yes,Two year,Yes,Credit card (automatic),99.31,3601.34,No
CUST-03279,Female,0,Yes,No,66,Yes,Yes,Fiber optic,Yes,No,No,No,No,No,Two year,Yes,Mailed check,93.57,5680.11,No
CUST-03280,Female,0,No,No,41,Yes,No,DSL,No,Yes,No,No,No,No,Two year,Yes,Electronic check,88.02,3349.12,No
CUST-03281,Female,0,Yes,No,70,Yes,Yes,DSL,No,No,Yes,No,Yes,Yes,One year,No,Credit card (automatic),85.47,6130.96,No
CUST-03282,Male,0,Yes,No,53,Yes,Yes,No,No internet service,No internet service,No internet service,No internet service,No internet service,No internet service,Month-to-month,No,Mailed check,96.23,5236.1,No
CUST-03283,Male,0,Yes,No,66,Yes,No,DSL,No,Yes,Yes,Yes,No,Yes,Month-to-month,No,Bank transfer (automatic),101.03,6171.13,No
CUST-03284,Female,0,Yes,Yes,63,Yes,Yes,Fiber optic,Yes,Yes,Yes,Yes,Yes,No,Month-to-month,Yes,Bank transfer (automatic),107.82,7273.33,No
CUST-03285,Male,0,Yes,Yes,3,Yes,No,Fiber optic,No,No,Yes,No,No,Yes,Two year,Yes,Mailed check,78.99,253.88,No
CUST-03286,Female,1,No,No,30,Yes,No,No,No internet service,No internet service,No internet service,No internet service,No internet service,No internet service,Month-to-month,No,Electronic check,57.36,1679.41,Yes
CUST-03287,Female,0,Yes,Yes,12,Yes,No,Fiber optic,No,No,Yes,Yes,Yes,No,Month-to-month,Yes,Bank transfer (automatic),26.99,323.75,Yes
CUST-03288,Female,0,No,No,26,Yes,No,DSL,No,Yes,Yes,Yes,No,Yes,One year,Yes,Credit card (automatic),90.24,2487.74,No
CUST-03289,Female,0,Yes,Yes,58,Yes,Yes,No,No internet service,No internet service,No internet service,No internet service,No internet service,No internet service,Month-to-month,Yes,Credit card (automatic),32.12,1960.84,No
CUST-03290,Female,0,No,No,64,Yes,No,Fiber optic,Yes,No,Yes,Yes,No,Yes,Month-to-month,Yes,Mailed check,104.85,6526.2,No
CUST-03291,Male,0,Yes,No,63,Yes,No,Fiber optic,No,No,Yes,No,No,No,Two year,No,Mailed check,58.59,3556.15,No
CUST-03292,Female,0,Yes,No,24,Yes,No,DSL,No,Yes,No,Yes,Yes,Yes,Two year,No,Bank transfer (automatic),105.61,2617.95,No
CUST-03293,Male,0,Yes,No,36,Yes,Yes,No,No internet service,No internet service,No internet service,No internet service,No internet service,No internet service,Month-to-month,Yes,Electronic check,69.85,2445.96,No
CUST-03294,Male,0,No,Yes,70,Yes,Yes,Fiber optic,Yes,No,Yes,Yes,No,Yes,Month-to-month,No,Credit card (automatic),63.35,4602.52,Yes
CUST-03295,Female,0,No,No,13,Yes,Yes,No,No internet service,No internet service,No internet service,No internet service,No internet service,No internet service,One year,Yes,Electronic check,54.36,654.33,No
CUST-03296,Female,0,Yes,No,23,Yes,Yes,DSL,Yes,No,No,No,Yes,No,Two year,Yes,Bank transfer (automatic),24.13,574.09,No
CUST-03297,Female,1,Yes,Yes,66,No,No phone service,Fiber optic,Yes,No,Yes,Yes,No,No,Month-to-month,No,Bank transfer (automatic),19.15,1335.98,Yes
CUST-03298,Female,0,Yes,No,47,Yes,Yes,DSL,No,Yes,No,Yes,Yes,Yes,One year,No,Bank transfer (automatic),68.87,3498.82,No
CUST-03299,Female,0,No,No,64,No,No phone service,Fiber optic,Yes,Yes,No,No,No,Yes,Two year,No,Bank transfer (automatic),108.11,6858.41,No
CUST-03300,Male,0,Yes,No,37,Yes,Yes,No,No internet service,No internet service,No internet service,No internet service,No internet service,No internet service,Month-to-month,No,Credit card (automatic),76.61,2868.76,No
CUST-03301,Female,1,No,No,69,Yes,No,DSL,No,No,Yes,Yes,Yes,Yes,Two year,Yes,Electronic check,104.24,6888.9,No
CUST-03302,Female,0,Yes,No,58,Yes,No,DSL,No,No,Yes,No,Yes,No,Two year,Yes,Bank transfer (automatic),117.98,6364.52,No
CUST-03303,Male,0,No,No,11,Yes,No,Fiber optic,Yes,Yes,Yes,Yes,Yes,No,Two year,No,Credit card (automatic),35.86,368.67,No
CUST-03304,Male,0,No,Yes,53,Yes,No,DSL,Yes,No,Yes,Yes,No,No,Month-to-month,No,Electronic check,83.96,4756.54,Yes
CUST-03305,Female,0,No,No,50,Yes,Yes,Fiber optic,Yes,Yes,Yes,No,No,Yes,Month-to-month,Yes,Electronic check,59.69,3009.26,No
CUST-03306,Male,0,Yes,No,37,Yes,Yes,DSL,No,Yes,Yes,No,No,Yes,Month-to-month,Yes,Electronic check,38.88,1402.97,Yes
CUST-03307,Female,0,No,No,45,Yes,Yes,No,No internet service,No internet service,No internet service,No internet service,No internet service,No internet service,Two year,Yes,Credit card (automatic),42.09,2031.92,No
CUST-03308,Male,1,Yes,No,9,Yes,Yes,DSL,No,No,Yes,Yes,Yes,Yes,Two year,No,Mailed check,42.47,352.71,Yes
CUST-03309,Male,0,No,No,8,Yes,Yes,No,No internet service,No internet service,No internet service,No internet service,No internet service,No internet service,One year,Yes,Mailed check,90.97,741.48,No
CUST-03310,Female,1,Yes,No,51,Yes,No,Fiber optic,No,No,No,Yes,No,Yes,Month-to-month,Yes,Mailed check,53.5,2887.16,No
CUST-03311,Male,0,No,No,50,Yes,Yes,DSL,Yes,No,No,No,Yes,No,Month-to-month,Yes,Bank transfer (automatic),43.57,2015.08,No
CUST-03312,Male,0,No,No,21,Yes,No,DSL,Yes,Yes,No,No,Yes,Yes,Month-to-month,Yes,Mailed check,106.6,2068.71,No
CUST-03313,Male,1,Yes,Yes,71,Yes,No,No,No internet service,No internet service,No internet service,No internet service,No internet service,No internet service,Month-to-month,Yes,Mailed check,21.43,1379.53,No
CUST-03314,Male,0,Yes,No,67,No,No phone service,Fiber optic,No,No,Yes,Yes,Yes,No,Two year,Yes,Credit card (automatic),91.56,6676.76,No
CUST-03315,Male,0,No,No,4,Yes,Yes,Fiber optic,Yes,Yes,Yes,Yes,Yes,Yes,Month-to-month,Yes,Bank transfer (automatic),114.06,473.78,Yes
CUST-03316,Male,0,No,No,28,Yes,Yes,DSL,Yes,Yes,Yes,Yes,Yes,Yes,Month-to-month,No,Credit card (automatic),80.56,2062.34,No
CUST-03317,Female,0,Yes,Yes,5,Yes,No,DSL,Yes,Yes,Yes,Yes,No,Yes,One year,No,Credit card (automatic),72.82,376.57,No
CUST-03318,Female,0,No,No,68,Yes,Yes,Fiber optic,Yes,Yes,No,Yes,Yes,No,Month-to-month,No,Mailed check,24.14,1577.05,No
CUST-03319,Male,0,No,No,57,Yes,Yes,Fiber optic,No,Yes,Yes,No,No,No,One year,No,Electronic check,68.3,3588.92,No
CUST-03320,Female,0,Yes,No,42,Yes,Yes,Fiber optic,Yes,No,Yes,No,No,No,Two year,No,Electronic check,54.14,2497.73,No
CUST-03321,Female,0,Yes,Yes,68,No,No phone service,No,No internet service,No internet service,No internet service,No internet service,No internet service,No internet service,Month-to-month,Yes,Bank transfer (automatic),95.81,6097.96,No
CUST-03322,Female,0,Yes,No,71,Yes,No,Fiber optic,No,Yes,Yes,Yes,Yes,Yes,Month-to-month,Yes,Credit card (automatic),99.18,7462.23,No
CUST-03323,Male,0,No,Yes,36,Yes,Yes,DSL,No,Yes,No,No,Yes,Yes,Month-to-month,Yes,Bank transfer (automatic),34.76,1346.81,No
CUST-03324,Female,0,No,No,57,No,No phone service,No,No internet service,No internet service,No internet service,No internet service,No internet service,No internet service,Month-to-month,Yes,Electronic check,70.22,4026.82,No
CUST-03325,Male,0,No,Yes,36,Yes,Yes,Fiber optic,No,Yes,No,Yes,Yes,No,Two year,Yes,Credit card (automatic),103.99,4100.04,No
CUST-03326,Female,0,Yes,No,25,Yes,No,No,No internet service,No internet service,No internet service,No internet service,No internet service,No internet service,Month-to-month,Yes,Credit card (automatic),80.45,1858.34,Yes
CUST-03327,Male,0,No,Yes,41,Yes,No,No,No internet service,No internet service,No internet service,No internet service,No internet service,No internet service,Two year,No,Bank transfer (automatic),66.1,2959.9,No
CUST-03328,Male,0,Yes,Yes,15,Yes,Yes,DSL,Yes,No,Yes,Yes,Yes,Yes,Two year,Yes,Credit card (automatic),107.81,1478.29,No
CUST-03329,Female,1,Yes,Yes,21,Yes,Yes,Fiber optic,No,No,Yes,No,Yes,Yes,Month-to-month,Yes,Credit card (automatic),114.65,2396.74,Yes
CUST-03330,Female,0,No,No,22,Yes,Yes,DSL,Yes,No,Yes,Yes,Yes,Yes,Month-to-month,No,Bank transfer (automatic),41.53,978.53,Yes
CUST-03331,Male,0,Yes,No,46,Yes,Yes,Fiber optic,No,Yes,Yes,Yes,Yes,Yes,Month-to-month,Yes,Bank transfer (automatic),36.28,1686.63,No
CUST-03332,Female,0,No,No,66,Yes,No,Fiber optic,No,No,No,No,Yes,No,Two year,No,Credit card (automatic),104.48,7010.78,No
CUST-03333,Female,0,Yes,No,2,Yes,No,Fiber optic,No,No,No,Yes,No,No,Month-to-month,Yes,Credit card (automatic),42.29,78.85,No
CUST-03334,Female,0,Yes,No,11,Yes,No,Fiber optic,Yes,Yes,No,No,Yes,No,Two year,Yes,Bank transfer (automatic),102.78,1240.1,No
CUST-03335,Male,0,Yes,No,22,Yes,No,No,No internet service,No internet service,No internet service,No internet service,No internet service,No internet service,Two year,Yes,Electronic check,48.12,1001.71,No
CUST-03336,Male,0,No,Yes,10,Yes,No,DSL,Yes,No,Yes,Yes,No,No,One year,No,Credit card (automatic),19.92,213.5,No
CUST-03337,Female,1,Yes,Yes,51,No,No phone service,DSL,No,Yes,No,Yes,No,No,Month-to-month,Yes,Bank transfer (automatic),60.19,3349.99,No
CUST-03338,Female,0,No,No,49,Yes,Yes,Fiber optic,Yes,No,Yes,No,Yes,Yes,Month-to-month,Yes,Mailed check,22.04,1032.61,No
CUST-03339,Female,0,Yes,No,56,Yes,No,Fiber optic,No,Yes,No,No,Yes,Yes,Two year,No,Bank transfer (automatic),38.8,2272.97,No
CUST-03340,Male,0,Yes,Yes,63,No,No phone service,Fiber optic,No,No,Yes,No,No,No,Month-to-month,Yes,Bank transfer (automatic),65.94,3805.58,No
CUST-03341,Male,1,Yes,Yes,45,Yes,No,Fiber optic,Yes,No,Yes,No,Yes,No,Month-to-month,Yes,Electronic check,21.85,1030.73,Yes
CUST-03342,Female,0,No,Yes,28,No,No phone service,Fiber optic,No,No,Yes,Yes,No,Yes,Month-to-month,No,Mailed check,21.32,595.09,No
CUST-03343,Female,0,No,No,69,Yes,No,DSL,No,Yes,Yes,Yes,No,No,Two year,No,Credit card (automatic),33.51,2135.51,No
CUST-03344,Female,0,No,Yes,45,Yes,No,DSL,No,Yes,No,No,No,No,One year,Yes,Bank transfer (automatic),64.28,3120.91,No
CUST-03345,Female,0,No,No,15,Yes,No,Fiber optic,No,Yes,No,No,No,Yes,Two year,No,Bank transfer (automatic),115.4,1792.92,No
CUST-03346,Female,0,No,No,50,Yes,No,DSL,No,Yes,No,No,Yes,No,Two year,No,Electronic check,27.34,1276.39,No
CUST-03347,Female,0,Yes,No,10,Yes,Yes,DSL,Yes,No,No,No,No,Yes,Month-to-month,No,Bank transfer (automatic),80.2,807.26,No
CUST-03348,Male,0,Yes,Yes,10,Yes,Yes,DSL,No,Yes,No,No,No,Yes,Two year,Yes,Bank transfer (automatic),67.71,653.52,No
CUST-03349,Female,0,No,Yes,62,Yes,Yes,Fiber optic,No,Yes,No,No,Yes,No,Month-to-month,No,Credit card (automatic),24.02,1551.96,No
CUST-03350,Male,0,No,No,52,Yes,No,No,No internet service,No internet service,No internet service,No internet service,No internet service,No internet service,Month-to-month,No,Bank transfer (automatic),21.41,1141.7,No
CUST-03351,Female,0,No,No,57,Yes,Yes,No,No internet service,No internet service,No internet service,No internet service,No internet service,No internet service,One year,No,Electronic check,40.18,2148.06,No
CUST-03352,Female,0,No,No,18,Yes,Yes,No,No internet service,No internet service,No internet service,No internet service,No internet service,No internet service,Month-to-month,No,Bank transfer (automatic),86.48,1476.35,Yes
CUST-03353,Male,0,Yes,No,31,Yes,Yes,DSL,Yes,No,Yes,Yes,No,No,Two year,Yes,Mailed check,114.24,3686.32,No
CUST-03354,Male,0,No,No,49,No,No phone service,No,No internet service,No internet service,No internet service,No internet service,No internet service,No internet service,Two year,Yes,Bank transfer (automatic),73.61,3733.25,No
CUST-03355,Male,0,No,No,71,Yes,Yes,Fiber optic,Yes,Yes,No,No,Yes,Yes,One year,No,Electronic check,22.58,1542.98,No
CUST-03356,Male,0,No,No,54,Yes,No,No,No internet service,No internet service,No internet service,No internet service,No internet service,No internet service,Two year,Yes,Mailed check,43.8,2354.91,No
CUST-03357,Female,0,No,No,40,Yes,No,No,No internet service,No internet service,No internet service,No internet service,No internet service,No internet service,Month-to-month,No,Electronic check,112.23,4459.75,No
CUST-03358,Male,0,Yes,Yes,69,Yes,No,Fiber optic,No,No,No,No,Yes,No,Month-to-month,No,Bank transfer (automatic),19.25,1228.48,No
CUST-03359,Female,0,Yes,Yes,20,Yes,No,DSL,Yes,No,No,No,Yes,Yes,Month-to-month,Yes,Bank transfer (automatic),78.23,1602.48,Yes
CUST-03360,Male,0,No,Yes,25,Yes,No,Fiber optic,Yes,No,Yes,No,No,Yes,Month-to-month,Yes,Electronic check,35.89,854.98,Yes
CUST-03361,Female,0,Yes,Yes,0,Yes,No,DSL,Yes,No,Yes,Yes,No,Yes,Month-to-month,Yes,Credit card (automatic),24.62,0.0,Yes
CUST-03362,Female,0,Yes,No,26,Yes,Yes,DSL,No,Yes,No,No,No,No,Month-to-month,Yes,Bank transfer (automatic),43.44,1032.71,Yes
CUST-03363,Female,1,No,No,49,Yes,Yes,DSL,Yes,Yes,No,Yes,No,No,One year,No,Mailed check,111.7,5598.14,No
CUST-03364,Female,0,No,No,65,Yes,No,Fiber optic,Yes,No,Yes,Yes,No,Yes,Month-to-month,Yes,Electronic check,94.18,6537.48,No
CUST-03365,Female,1,Yes,No,64,Yes,No,DSL,Yes,Yes,No,Yes,No,Yes,Two year,No,Bank transfer (automatic),35.12,2278.96,No
CUST-03366,Female,0,Yes,Yes,9,Yes,No,No,No internet service,No internet service,No internet service,No internet service,No internet service,No internet service,One year,No,Mailed check,24.57,225.41,No
CUST-03367,Male,1,Yes,No,36,Yes,No,DSL,Yes,No,Yes,Yes,Yes,Yes,Month-to-month,Yes,Bank transfer (automatic),67.31,2507.15,Yes
CUST-03368,Female,0,Yes,Yes,68,Yes,Yes,Fiber optic,Yes,No,No,Yes,Yes,No,Month-to-month,Yes,Bank transfer (automatic),23.27,1486.26,No
CUST-03369,Male,0,Yes,No,40,Yes,Yes,DSL,Yes,No,No,Yes,No,No,Two year,Yes,Credit card (automatic),58.41,2134.9,No
CUST-03370,Male,0,No,No,45,Yes,No,No,No internet service,No internet service,No internet service,No internet service,No internet service,No internet service,Month-to-month,Yes,Credit card (automatic),98.03,4723.67,No
CUST-03371,Female,0,Yes,No,44,Yes,No,Fiber optic,No,No,No,Yes,No,Yes,Month-to-month,No,Electronic check,68.07,3202.7,No
CUST-03372,Male,0,Yes,No,26,Yes,No,DSL,Yes,Yes,No,Yes,No,Yes,Month-to-month,No,Mailed check,107.68,2824.68,No
CUST-03373,Female,0,Yes,Yes,64,Yes,No,Fiber optic,No,No,No,Yes,No,Yes,Month-to-month,No,Mailed check,97.13,5839.7,No
CUST-03374,Male,0,Yes,No,7,Yes,No,DSL,Yes,No,No,No,Yes,Yes,Month-to-month,Yes,Mailed check,73.53,547.37,Yes
CUST-03375,Female,0,Yes,Yes,66,Yes,No,Fiber optic,Yes,No,Yes,No,Yes,No,One year,Yes,Bank transfer (automatic),97.04,6046.29,No
CUST-03376,Male,0,Yes,Yes,48,Yes,Yes,Fiber optic,Yes,No,Yes,No,No,Yes,Month-to-month,Yes,Bank transfer (automatic),27.49,1414.77,No
CUST-03377,Female,0,Yes,No,13,Yes,Yes,DSL,No,No,No,No,Yes,No,Two year,No,Electronic check,38.14,488.26,No
CUST-03378,Female,0,Yes,Yes,61,Yes,Yes,Fiber optic,No,Yes,Yes,Yes,Yes,Yes,Month-to-month,No,Electronic check,88.04,4895.14,No
CUST-03379,Female,0,No,No,42,Yes,Yes,DSL,No,Yes,No,Yes,Yes,Yes,Month-to-month,No,Bank transfer (automatic),18.57,829.37,No
CUST-03380,Female,0,No,No,26,Yes,No,Fiber optic,Yes,No,No,No,Yes,Yes,Two year,Yes,Bank transfer (automatic),18.47,486.04,No
CUST-03381,Male,1,Yes,No,26,Yes,Yes,Fiber optic,No,No,Yes,No,Yes,No,Month-to-month,Yes,Mailed check,56.03,1403.86,No
CUST-03382,Female,0,No,Yes,67,Yes,Yes,Fiber optic,No,Yes,Yes,No,Yes,No,One year,Yes,Bank transfer (automatic),104.71,6949.53,No
CUST-03383,Male,0,No,No,47,Yes,No,No,No internet service,No internet service,No internet service,No internet service,No internet service,No internet service,Two year,No,Mailed check,116.08,5877.16,No
CUST-03384,Male,0,No,No,66,Yes,Yes,Fiber optic,Yes,No,Yes,No,Yes,Yes,Month-to-month,Yes,Electronic check,82.98,5151.54,No
CUST-03385,Male,0,No,No,24,Yes,Yes,Fiber optic,Yes,Yes,Yes,Yes,No,No,Month-to-month,No,Bank transfer (automatic),113.03,2497.76,No
CUST-03386,Female,0,No,No,63,Yes,Yes,No,No internet service,No internet service,No internet service,No internet service,No internet service,No internet service,Month-to-month,No,Bank transfer (automatic),102.77,6843.29,No
CUST-03387,Male,0,No,No,23,Yes,No,No,No internet service,No internet service,No internet service,No internet service,No internet service,No internet service,Month-to-month,Yes,Mailed check,38.15,898.8,Yes
CUST-03388,Male,0,Yes,No,8,No,No phone service,No,No internet service,No internet service,No internet service,No internet service,No internet service,No internet service,Month-to-month,No,Electronic check,58.4,501.77,No
CUST-03389,Male,1,Yes,No,7,Yes,No,No,No internet service,No internet service,No internet service,No internet service,No internet service,No internet service,Month-to-month,Yes,Credit card (automatic),80.38,541.66,No
CUST-03390,Female,0,No,Yes,58,Yes,No,No,No internet service,No internet service,No internet service,No internet service,No internet service,No internet service,Month-to-month,Yes,Bank transfer (automatic),33.13,1945.08,No
CUST-03391,Female,0,Yes,No,16,No,No phone service,DSL,No,Yes,No,No,Yes,Yes,Month-to-month,Yes,Mailed check,49.31,716.76,No
CUST-03392,Male,1,No,No,42,Yes,No,DSL,No,Yes,Yes,Yes,No,No,One year,Yes,Bank transfer (automatic),93.64,4205.57,No
CUST-03393,Female,0,Yes,No,67,Yes,No,Fiber optic,Yes,Yes,No,No,No,Yes,Month-to-month,Yes,Credit card (automatic),52.47,3298.36,No
CUST-03394,Female,0,Yes,Yes,3,Yes,No,No,No internet service,No internet service,No internet service,No internet service,No internet service,No internet service,One year,Yes,Credit card (automatic),110.59,306.2,No
CUST-03395,Male,0,Yes,No,7,Yes,Yes,DSL,Yes,Yes,Yes,No,No,No,Two year,No,Electronic check,58.68,409.49,No
CUST-03396,Male,0,No,No,41,Yes,Yes,Fiber optic,No,No,Yes,No,Yes,Yes,Month-to-month,Yes,Mailed check,39.98,1719.47,No
CUST-03397,Female,0,Yes,No,48,Yes,Yes,No,No internet service,No internet service,No internet service,No internet service,No internet service,No internet service,Month-to-month,No,Credit card (automatic),39.01,1763.79,Yes
CUST-03398,Male,0,Yes,Yes,5,Yes,Yes,No,No internet service,No internet service,No internet service,No internet service,No internet service,No internet service,Two year,No,Mailed check,86.72,410.49,No
CUST-03399,Female,0,No,No,41,Yes,No,Fiber optic,Yes,No,No,Yes,Yes,No,One year,No,Mailed check,54.82,2164.73,No
CUST-03400,Female,1,No,No,71,Yes,Yes,Fiber optic,Yes,No,No,No,Yes,Yes,Two year,No,Electronic check,41.73,3147.17,Yes
CUST-03401,Female,0,Yes,No,31,Yes,No,DSL,Yes,No,No,No,No,No,Two year,No,Credit card (automatic),87.39,2843.11,No
CUST-03402,Female,1,No,No,14,Yes,Yes,No,No internet service,No internet service,No internet service,No internet service,No internet service,No internet service,One year,No,Mailed check,60.14,803.21,No
CUST-03403,Female,1,Yes,No,68,Yes,No,No,No internet service,No internet service,No internet service,No internet service,No internet service,No internet service,Two year,Yes,Electronic check,102.6,6635.12,No
CUST-03404,Female,0,Yes,No,26,Yes,Yes,No,No internet service,No internet service,No internet service,No internet service,No internet service,No internet service,Month-to-month,Yes,Bank transfer (automatic),72.9,2049.47,No
CUST-03405,Male,0,No,No,65,Yes,Yes,No,No internet service,No internet service,No internet service,No internet service,No internet service,No internet service,Month-to-month,Yes,Bank transfer (automatic),115.22,7661.28,Yes
CUST-03406,Male,0,No,Yes,58,Yes,Yes,DSL,No,Yes,No,No,No,Yes,One year,No,Credit card (automatic),55.45,3039.2,No
CUST-03407,Female,0,Yes,No,27,Yes,Yes,Fiber optic,Yes,Yes,Yes,No,No,No,One year,Yes,Mailed check,46.21,1157.93,No
CUST-03408,Female,0,No,Yes,23,Yes,No,DSL,Yes,No,No,No,No,Yes,Month-to-month,No,Bank transfer (automatic),82.46,1732.02,Yes
CUST-03409,Female,1,Yes,Yes,50,Yes,Yes,Fiber optic,No,Yes,No,Yes,No,Yes,Two year,Yes,Bank transfer (automatic),88.84,4216.66,No
CUST-03410,Male,0,No,No,20,Yes,No,DSL,No,Yes,No,No,No,Yes,Two year,No,Bank transfer (automatic),19.7,411.34,No
CUST-03411,Female,0,No,No,30,Yes,No,DSL,No,No,No,Yes,No,Yes,Month-to-month,Yes,Credit card (automatic),84.94,2482.79,Yes
CUST-03412,Male,0,No,No,49,Yes,Yes,No,No internet service,No internet service,No internet service,No internet service,No internet service,No internet service,Month-to-month,Yes,Mailed check,36.1,1933.42,No
CUST-03413,Female,0,No,No,39,No,No phone service,Fiber optic,Yes,No,No,Yes,No,Yes,Month-to-month,No,Mailed check,113.89,4285.59,No
CUST-03414,Female,0,No,No,67,No,No phone service,No,No internet service,No internet service,No internet service,No internet service,No internet service,No internet service,Month-to-month,No,Credit card (automatic),75.6,4710.84,No
CUST-03415,Male,0,Yes,Yes,15,Yes,Yes,Fiber optic,No,Yes,No,No,Yes,No,Month-to-month,No,Electronic check,30.66,430.15,Yes
CUST-03416,Male,0,Yes,Yes,62,Yes,No,DSL,No,No,Yes,No,Yes,No,Month-to-month,Yes,Credit card (automatic),23.27,1439.41,No
CUST-03417,Female,0,Yes,No,55,Yes,No,Fiber optic,No,No,No,No,No,No,Month-to-month,No,Credit card (automatic),105.96,6337.68,No
CUST-03418,Female,0,No,Yes,23,Yes,Yes,No,No internet service,No internet service,No internet service,No internet service,No internet service,No internet service,Month-to-month,No,Bank transfer (automatic),103.06,2560.14,No
CUST-03419,Female,0,Yes,No,27,Yes,No,Fiber optic,No,No,No,No,Yes,No,One year,No,Electronic check,61.41,1553.05,No
CUST-03420,Male,0,Yes,No,30,Yes,Yes,No,No internet service,No internet service,No internet service,No internet service,No internet service,No internet service,Month-to-month,Yes,Electronic check,26.75,843.34,No
CUST-03421,Male,0,No,No,14,Yes,No,DSL,Yes,No,No,Yes,Yes,Yes,Month-to-month,Yes,Credit card (automatic),57.0,838.28,No
CUST-03422,Male,0,No,No,41,Yes,Yes,Fiber optic,Yes,No,No,Yes,No,No,Month-to-month,No,Bank transfer (automatic),94.05,3597.93,No
CUST-03423,Male,0,No,Yes,49,Yes,No,No,No internet service,No internet service,No internet service,No internet service,No internet service,No internet service,One year,No,Credit card (automatic),84.15,3956.93,No
CUST-03424,Male,0,Yes,No,4,Yes,Yes,DSL,No,No,Yes,No,No,No,Month-to-month,Yes,Electronic check,104.52,382.63,No
CUST-03425,Male,1,Yes,Yes,47,Yes,Yes,Fiber optic,No,No,No,Yes,Yes,No,One year,Yes,Mailed check,93.12,4004.5,No
CUST-03426,Female,0,No,No,12,Yes,Yes,Fiber optic,No,No,Yes,No,No,No,Two year,No,Bank transfer (automatic),51.01,605.03,No
CUST-03427,Female,0,Yes,Yes,31,Yes,Yes,Fiber optic,No,Yes,No,No,Yes,Yes,One year,Yes,Bank transfer (automatic),52.11,1610.25,No
CUST-03428,Male,1,Yes,No,66,Yes,No,DSL,Yes,Yes,No,Yes,Yes,Yes,Two year,No,Bank transfer (automatic),82.78,4952.91,No
CUST-03429,Female,0,No,No,29,No,No phone service,Fiber optic,No,No,No,No,No,No,Month-to-month,Yes,Credit card (automatic),49.02,1554.14,No
CUST-03430,Female,0,Yes,No,5,Yes,Yes,No,No internet service,No internet service,No internet service,No internet service,No internet service,No internet service,Month-to-month,Yes,Mailed check,104.77,522.42,Yes
CUST-03431,Male,1,No,No,24,Yes,No,DSL,No,No,No,Yes,No,No,Month-to-month,Yes,Electronic check,50.77,1288.63,No
CUST-03432,Female,0,Yes,No,27,Yes,No,Fiber optic,No,Yes,No,No,Yes,Yes,One year,Yes,Mailed check,66.89,1854.77,No
CUST-03433,Male,0,No,No,61,Yes,Yes,DSL,Yes,Yes,Yes,Yes,No,No,Two year,No,Electronic check,22.32,1394.01,No
CUST-03434,Male,1,Yes,No,21,Yes,No,Fiber optic,Yes,No,No,Yes,No,No,Month-to-month,Yes,Mailed check,29.81,601.36,No
CUST-03435,Female,0,Yes,No,67,Yes,No,Fiber optic,Yes,Yes,No,No,No,Yes,Month-to-month,Yes,Mailed check,31.19,2251.52,No
CUST-03436,Male,0,No,No,14,No,No phone service,Fiber optic,Yes,No,Yes,Yes,No,No,One year,No,Bank transfer (automatic),52.41,704.35,No
CUST-03437,Male,0,No,No,25,Yes,Yes,DSL,Yes,No,No,No,No,Yes,Month-to-month,Yes,Mailed check,29.66,808.46,Yes
CUST-03438,Male,0,No,No,62,Yes,Yes,DSL,Yes,No,No,No,Yes,Yes,Month-to-month,Yes,Mailed check,63.71,3586.16,Yes
CUST-03439,Male,0,No,Yes,17,Yes,Yes,Fiber optic,Yes,Yes,No,Yes,No,Yes,Two year,No,Electronic check,44.92,704.79,No
CUST-03440,Male,0,Yes,No,62,Yes,Yes,No,No internet service,No internet service,No internet service,No internet service,No internet service,No internet service,Month-to-month,Yes,Electronic check,45.25,2932.63,No
CUST-03441,Male,1,No,No,61,Yes,No,DSL,Yes,Yes,Yes,No,Yes,No,Month-to-month,Yes,Mailed check,62.55,3898.5,Yes
CUST-03442,Male,1,No,No,67,No,No phone service,Fiber optic,Yes,No,No,Yes,Yes,No,Month-to-month,Yes,Bank transfer (automatic),103.38,7227.16,No
CUST-03443,Male,1,No,No,47,Yes,Yes,Fiber optic,Yes,No,No,No,No,No,Two year,Yes,Bank transfer (automatic),94.17,4551.35,No
CUST-03444,Female,0,No,No,49,Yes,Yes,DSL,Yes,Yes,No,Yes,Yes,Yes,One year,Yes,Electronic check,106.37,5240.49,No
CUST-03445,Female,0,No,No,62,Yes,Yes,Fiber optic,Yes,No,No,No,No,Yes,Month-to-month,No,Credit card (automatic),117.02,6574.97,No
CUST-03446,Female,1,Yes,No,68,Yes,Yes,Fiber optic,Yes,Yes,Yes,Yes,Yes,Yes,Month-to-month,Yes,Electronic check,19.11,1379.77,Yes
CUST-03447,Male,1,No,No,5,Yes,No,Fiber optic,No,Yes,No,Yes,Yes,Yes,Month-to-month,No,Bank transfer (automatic),87.25,437.14,No
CUST-03448,Male,0,No,No,57,Yes,No,DSL,No,No,Yes,No,No,Yes,Month-to-month,Yes,Credit card (automatic),29.98,1574.14,No
CUST-03449,Female,0,No,No,50,Yes,Yes,No,No internet service,No internet service,No internet service,No internet service,No internet service,No internet service,Two year,Yes,Electronic check,111.68,5240.57,No
CUST-03450,Female,0,Yes,No,11,Yes,No,DSL,No,No,Yes,Yes,Yes,No,Month-to-month,Yes,Electronic check,40.68,461.98,Yes
CUST-03451,Female,0,Yes,Yes,46,Yes,No,DSL,No,No,Yes,Yes,No,No,Two year,Yes,Credit card (automatic),53.0,2231.75,No
CUST-03452,Male,0,Yes,No,8,Yes,Yes,Fiber optic,Yes,No,Yes,Yes,Yes,Yes,Month-to-month,Yes,Electronic check,115.91,995.8,Yes
CUST-03453,Female,1,No,No,6,Yes,Yes,DSL,No,Yes,No,Yes,No,No,Two year,No,Bank transfer (automatic),104.72,664.86,No
CUST-03454,Female,0,No,No,28,Yes,No,DSL,Yes,Yes,No,No,Yes,Yes,One year,Yes,Credit card (automatic),22.72,611.52,No
CUST-03455,Male,0,Yes,No,50,Yes,No,Fiber optic,No,Yes,No,No,No,Yes,Month-to-month,No,Bank transfer (automatic),22.69,1221.52,No
CUST-03456,Female,0,Yes,No,54,Yes,No,Fiber optic,No,Yes,No,Yes,No,No,Month-to-month,Yes,Mailed check,99.88,5809.01,Yes
CUST-03457,Male,0,No,No,58,Yes,No,Fiber optic,No,No,Yes,No,Yes,No,Month-to-month,No,Electronic check,25.04,1550.45,No
CUST-03458,Male,0,No,No,55,Yes,Yes,Fiber optic,No,Yes,No,No,No,No,Month-to-month,Yes,Mailed check,103.17,5456.06,No
CUST-03459,Male,0,No,No,21,Yes,No,No,No internet service,No internet service,No internet service,No internet service,No internet service,No internet service,Two year,Yes,Mailed check,110.46,2391.97,No
CUST-03460,Female,0,Yes,No,17,Yes,Yes,No,No internet service,No internet service,No internet service,No internet service,No internet service,No internet service,Month-to-month,No,Mailed check,20.38,343.09,No
CUST-03461,Female,0,No,No,57,Yes,No,DSL,Yes,No,Yes,Yes,Yes,No,Month-to-month,Yes,Electronic check,40.0,2297.73,Yes
CUST-03462,Male,0,No,No,39,Yes,No,Fiber optic,No,No,No,No,No,No,Month-to-month,Yes,Credit card (automatic),20.32,778.17,No
CUST-03463,Female,0,Yes,No,30,Yes,Yes,DSL,No,No,No,No,No,No,Two year,Yes,Bank transfer (automatic),25.28,683.16,No
CUST-03464,Female,0,Yes,No,55,Yes,Yes,No,No internet service,No internet service,No internet service,No internet service,No internet service,No internet service,Month-to-month,Yes,Electronic check,71.41,3542.63,No
CUST-03465,Female,1,Yes,No,34,Yes,No,No,No internet service,No internet service,No internet service,No internet service,No internet service,No internet service,Month-to-month,No,Bank transfer (automatic),91.02,3263.56,Yes
CUST-03466,Female,0,No,Yes,25,Yes,No,DSL,Yes,Yes,Yes,No,No,Yes,Two year,Yes,Credit card (automatic),65.95,1795.95,No
CUST-03467,Male,0,Yes,No,67,Yes,Yes,Fiber optic,Yes,Yes,No,No,Yes,No,One year,No,Electronic check,56.59,3586.49,No
CUST-03468,Female,0,Yes,No,33,Yes,No,No,No internet service,No internet service,No internet service,No internet service,No internet service,No internet service,Two year,No,Bank transfer (automatic),38.67,1287.42,No
CUST-03469,Male,1,No,No,15,Yes,Yes,Fiber optic,No,No,No,Yes,Yes,Yes,Month-to-month,Yes,Mailed check,41.66,600.66,Yes
CUST-03470,Male,0,No,Yes,41,Yes,Yes,Fiber optic,Yes,No,Yes,No,No,No,One year,Yes,Electronic check,76.24,3111.8,No
CUST-03471,Female,0,Yes,No,4,Yes,No,No,No internet service,No internet service,No internet service,No internet service,No internet service,No internet service,Two year,No,Bank transfer (automatic),103.58,382.68,No
CUST-03472,Male,0,No,Yes,60,Yes,No,No,No internet service,No internet service,No internet service,No internet service,No internet service,No internet service,Month-to-month,Yes,Mailed check,58.46,3665.73,No
CUST-03473,Female,0,Yes,No,43,Yes,Yes,Fiber optic,No,No,No,No,Yes,No,Month-to-month,Yes,Credit card (automatic),111.96,4829.93,No
CUST-03474,Female,1,No,No,34,Yes,Yes,No,No internet service,No internet service,No internet service,No internet service,No internet service,No internet service,Month-to-month,No,Mailed check,23.21,758.95,No
CUST-03475,Male,0,No,No,0,Yes,Yes,Fiber optic,Yes,Yes,No,No,Yes,Yes,One year,No,Mailed check,100.92,0.0,No
CUST-03476,Male,0,Yes,No,42,Yes,Yes,DSL,Yes,Yes,Yes,Yes,Yes,Yes,Month-to-month,No,Mailed check,51.87,2183.44,No
CUST-03477,Male,0,Yes,No,31,Yes,Yes,Fiber optic,Yes,No,Yes,Yes,Yes,Yes,Month-to-month,Yes,Bank transfer (automatic),104.88,3189.04,Yes
CUST-03478,Male,0,Yes,Yes,62,Yes,Yes,DSL,No,No,Yes,Yes,No,No,One year,Yes,Bank transfer (automatic),109.94,6861.53,No
CUST-03479,Female,0,No,No,32,Yes,No,Fiber optic,Yes,Yes,No,No,Yes,No,One year,Yes,Credit card (automatic),88.04,3072.91,No
CUST-03480,Female,0,Yes,No,65,Yes,No,No,No internet service,No internet service,No internet service,No internet service,No internet service,No internet service,One year,Yes,Mailed check,53.51,3178.53,Yes
CUST-03481,Female,0,No,No,29,Yes,Yes,No,No internet service,No internet service,No internet service,No internet service,No internet service,No internet service,One year,Yes,Mailed check,63.69,2003.63,No
CUST-03482,Male,0,No,No,9,Yes,No,No,No internet service,No internet service,No internet service,No internet service,No internet service,No internet service,Month-to-month,No,Mailed check,73.18,609.4,Yes
CUST-03483,Male,0,Yes,No,22,Yes,Yes,DSL,No,Yes,Yes,No,No,Yes,Month-to-month,Yes,Mailed check,64.21,1329.66,No
CUST-03484,Male,0,No,No,38,Yes,Yes,Fiber optic,No,No,Yes,No,Yes,Yes,One year,Yes,Mailed check,97.12,4044.25,No
CUST-03485,Female,0,No,No,44,Yes,Yes,No,No internet service,No internet service,No internet service,No internet service,No internet service,No internet service,Two year,Yes,Electronic check,95.15,4446.21,No
CUST-03486,Male,0,Yes,No,28,Yes,No,No,No internet service,No internet service,No internet service,No internet service,No internet service,No internet service,Month-to-month,No,Credit card (automatic),19.27,523.56,No
CUST-03487,Female,0,No,No,29,Yes,No,No,No internet service,No internet service,No internet service,No internet service,No internet service,No internet service,One year,No,Bank transfer (automatic),33.17,943.6,No
CUST-03488,Male,0,No,Yes,33,Yes,Yes,Fiber optic,Yes,No,Yes,No,No,Yes,Month-to-month,No,Bank transfer (automatic),54.35,1721.49,Yes
CUST-03489,Female,0,Yes,No,51,Yes,Yes,No,No internet service,No internet service,No internet service,No internet service,No internet service,No internet service,Month-to-month,No,Electronic check,85.24,4108.29,Yes
CUST-03490,Female,0,Yes,No,21,Yes,No,No,No internet service,No internet service,No internet service,No internet service,No internet service,No internet service,Month-to-month,Yes,Bank transfer (automatic),40.97,784.81,No
CUST-03491,Male,0,No,Yes,4,No,No phone service,DSL,Yes,No,Yes,Yes,Yes,No,One year,No,Mailed check,50.28,182.36,No
CUST-03492,Male,0,No,Yes,10,Yes,Yes,DSL,No,Yes,No,No,No,No,Month-to-month,Yes,Bank transfer (automatic),64.21,642.31,No
CUST-03493,Female,0,No,Yes,31,Yes,Yes,No,No internet service,No internet service,No internet service,No internet service,No internet service,No internet service,Month-to-month,Yes,Mailed check,76.96,2400.12,No
CUST-03494,Female,0,No,No,23,Yes,No,Fiber optic,Yes,No,Yes,No,Yes,Yes,Month-to-month,No,Credit card (automatic),108.18,2618.3,No
CUST-03495,Male,0,Yes,No,10,Yes,No,DSL,Yes,Yes,No,Yes,Yes,No,One year,Yes,Bank transfer (automatic),98.46,904.87,No
CUST-03496,Male,1,No,No,10,Yes,Yes,DSL,No,No,No,Yes,No,Yes,Month-to-month,No,Electronic check,53.92,540.79,Yes
CUST-03497,Female,0,No,Yes,16,Yes,Yes,Fiber optic,No,No,Yes,Yes,No,Yes,Month-to-month,Yes,Bank transfer (automatic),94.8,1645.56,No
CUST-03498,Male,1,No,No,31,Yes,Yes,DSL,Yes,Yes,No,No,No,No,Two year,Yes,Mailed check,101.27,3360.8,No
CUST-03499,Female,0,No,No,26,No,No phone service,DSL,No,Yes,Yes,Yes,No,No,Month-to-month,No,Electronic check,70.23,1838.6,No
CUST-03500,Female,0,Yes,Yes,31,Yes,Yes,DSL,Yes,No,No,No,Yes,No,One year,No,Mailed check,47.6,1367.48,No
CUST-03501,Male,0,No,No,60,No,No phone service,No,No internet service,No internet service,No internet service,No internet service,No internet service,No internet service,Month-to-month,No,Credit card (automatic),112.31,6275.05,Yes
CUST-03502,Male,1,Yes,No,24,Yes,No,DSL,No,No,No,No,Yes,No,Month-to-month,Yes,Bank transfer (automatic),114.23,2729.09,Yes
CUST-03503,Male,0,Yes,No,63,Yes,No,Fiber optic,No,Yes,No,Yes,Yes,Yes,Month-to-month,Yes,Credit card (automatic),40.46,2608.81,Yes
CUST-03504,Male,0,Yes,No,63,No,No phone service,Fiber optic,Yes,Yes,No,No,Yes,No,Month-to-month,Yes,Credit card (automatic),96.51,6662.14,No
CUST-03505,Male,0,Yes,Yes,27,Yes,Yes,Fiber optic,Yes,No,Yes,Yes,No,No,Month-to-month,No,Electronic check,22.18,638.54,No
CUST-03506,Female,0,Yes,No,39,Yes,Yes,DSL,Yes,No,No,Yes,No,No,Month-to-month,No,Mailed check,18.24,699.18,Yes
CUST-03507,Female,0,No,Yes,13,Yes,No,DSL,Yes,No,Yes,Yes,No,No,One year,No,Bank transfer (automatic),53.16,670.37,No
CUST-03508,Male,0,Yes,Yes,41,Yes,No,DSL,No,Yes,Yes,No,No,Yes,Two year,No,Electronic check,64.25,2377.93,No
CUST-03509,Male,0,Yes,No,38,No,No phone service,No,No internet service,No internet service,No internet service,No internet service,No internet service,No internet service,Two year,Yes,Bank transfer (automatic),72.63,2488.2,No
CUST-03510,Male,0,Yes,No,1,Yes,No,Fiber optic,No,No,Yes,Yes,Yes,No,Two year,Yes,Credit card (automatic),55.83,55.54,No
CUST-03511,Female,0,No,Yes,0,Yes,No,DSL,No,No,No,No,No,Yes,Month-to-month,Yes,Electronic check,30.88,0.0,Yes
CUST-03512,Male,0,Yes,Yes,31,Yes,Yes,No,No internet service,No internet service,No internet service,No internet service,No internet service,No internet service,Month-to-month,Yes,Credit card (automatic),52.48,1515.07,No
CUST-03513,Male,0,No,No,63,Yes,No,DSL,Yes,No,No,No,Yes,No,Two year,Yes,Bank transfer (automatic),100.18,6917.71,No
CUST-03514,Female,1,Yes,No,30,Yes,No,Fiber optic,No,No,Yes,Yes,No,Yes,Two year,Yes,Credit card (automatic),51.57,1614.32,No
CUST-03515,Female,1,Yes,No,57,Yes,No,Fiber optic,Yes,Yes,No,Yes,No,No,Month-to-month,No,Credit card (automatic),77.23,4360.07,No
CUST-03516,Male,1,No,No,13,Yes,Yes,Fiber optic,Yes,Yes,No,No,Yes,Yes,One year,Yes,Electronic check,86.09,1199.28,No
CUST-03517,Male,0,No,Yes,68,Yes,Yes,Fiber optic,No,Yes,Yes,Yes,No,No,Month-to-month,Yes,Credit card (automatic),91.24,5804.04,No
CUST-03518,Male,1,No,No,15,No,No phone service,DSL,Yes,Yes,No,No,Yes,Yes,Month-to-month,Yes,Credit card (automatic),66.8,979.82,Yes
CUST-03519,Female,0,Yes,Yes,68,Yes,No,Fiber optic,Yes,No,Yes,Yes,Yes,No,Two year,Yes,Mailed check,30.57,1993.43,No
CUST-03520,Male,0,No,No,53,Yes,Yes,Fiber optic,Yes,Yes,No,No,No,Yes,Two year,Yes,Bank transfer (automatic),108.05,6294.12,No
CUST-03521,Male,0,No,Yes,12,Yes,Yes,DSL,No,Yes,Yes,No,Yes,Yes,Two year,No,Bank transfer (automatic),44.03,570.75,No
CUST-03522,Male,0,No,No,30,Yes,Yes,Fiber optic,Yes,No,Yes,Yes,Yes,Yes,Month-to-month,No,Credit card (automatic),51.9,1565.12,Yes
CUST-03523,Female,1,No,No,68,Yes,Yes,No,No internet service,No internet service,No internet service,No internet service,No internet service,No internet service,Two year,No,Bank transfer (automatic),95.38,6387.31,No
CUST-03524,Female,0,No,No,20,Yes,Yes,Fiber optic,No,Yes,No,No,Yes,Yes,Month-to-month,No,Electronic check,94.35,2074.99,No
CUST-03525,Male,0,Yes,Yes,29,Yes,No,Fiber optic,Yes,No,No,No,No,Yes,Two year,Yes,Electronic check,107.64,2938.22,No
CUST-03526,Male,0,No,No,22,Yes,Yes,Fiber optic,No,No,No,No,No,No,Two year,Yes,Bank transfer (automatic),21.37,461.48,No
CUST-03527,Female,0,Yes,No,37,Yes,No,No,No internet service,No internet service,No internet service,No internet service,No internet service,No internet service,Two year,No,Electronic check,105.45,4066.9,No
CUST-03528,Female,0,No,No,28,Yes,No,DSL,Yes,No,Yes,No,Yes,Yes,Month-to-month,Yes,Mailed check,97.22,2833.13,No
CUST-03529,Female,0,No,No,31,Yes,Yes,Fiber optic,No,Yes,No,Yes,No,No,Two year,Yes,Credit card (automatic),70.51,2218.27,No
CUST-03530,Female,0,Yes,No,61,Yes,Yes,Fiber optic,Yes,No,No,Yes,Yes,Yes,Month-to-month,Yes,Bank transfer (automatic),33.95,2258.12,Yes
CUST-03531,Female,0,Yes,No,44,Yes,Yes,DSL,No,No,No,Yes,No,No,Month-to-month,Yes,Mailed check,72.5,3028.44,No
CUST-03532,Female,0,Yes,No,48,Yes,No,Fiber optic,No,No,No,Yes,Yes,No,One year,Yes,Bank transfer (automatic),37.39,1819.35,No
CUST-03533,Female,0,Yes,No,32,No,No phone service,Fiber optic,Yes,Yes,Yes,Yes,Yes,No,Two year,No,Bank transfer (automatic),114.5,3891.52,No
CUST-03534,Female,0,No,Yes,3,Yes,No,No,No internet service,No internet service,No internet service,No internet service,No internet service,No internet service,Month-to-month,Yes,Bank transfer (automatic),88.88,252.37,No
CUST-03535,Female,1,Yes,Yes,17,Yes,Yes,Fiber optic,Yes,Yes,No,No,Yes,No,Two year,No,Mailed check,77.62,1417.49,Yes
CUST-03536,Male,0,No,No,69,Yes,No,DSL,Yes,Yes,Yes,No,No,No,Two year,No,Electronic check,99.34,7045.19,No
CUST-03537,Male,0,No,No,63,Yes,No,DSL,No,No,No,No,No,Yes,Month-to-month,Yes,Mailed check,71.24,4381.37,No
CUST-03538,Male,0,No,No,27,Yes,Yes,Fiber optic,Yes,Yes,Yes,No,No,No,Month-to-month,Yes,Mailed check,24.03,667.97,No
CUST-03539,Female,0,Yes,No,57,No,No phone service,Fiber optic,Yes,No,No,Yes,Yes,No,One year,No,Mailed check,43.9,2716.53,No
CUST-03540,Male,0,Yes,No,55,Yes,No,DSL,No,Yes,No,Yes,No,No,Month-to-month,Yes,Credit card (automatic),116.17,7013.18,No
CUST-03541,Female,0,Yes,No,19,No,No phone service,Fiber optic,No,No,No,Yes,Yes,Yes,Month-to-month,Yes,Bank transfer (automatic),103.08,1872.91,Yes
CUST-03542,Female,0,No,No,33,Yes,Yes,No,No internet service,No internet service,No internet service,No internet service,No internet service,No internet service,One year,No,Credit card (automatic),110.74,3953.41,No
CUST-03543,Male,0,Yes,No,9,Yes,No,DSL,Yes,No,Yes,No,Yes,Yes,Month-to-month,Yes,Electronic check,27.78,226.95,No
CUST-03544,Female,0,Yes,No,21,Yes,No,Fiber optic,Yes,Yes,Yes,No,No,No,Month-to-month,Yes,Electronic check,42.8,810.23,Yes
CUST-03545,Male,0,No,No,4,Yes,Yes,Fiber optic,Yes,No,No,Yes,No,No,Month-to-month,Yes,Electronic check,24.32,99.26,Yes
CUST-03546,Male,0,Yes,No,43,Yes,Yes,Fiber optic,Yes,Yes,No,Yes,Yes,No,Month-to-month,No,Electronic check,100.22,4293.64,Yes
CUST-03547,Male,0,No,No,8,Yes,No,Fiber optic,Yes,Yes,Yes,Yes,Yes,Yes,Month-to-month,Yes,Mailed check,35.39,281.38,Yes
CUST-03548,Female,1,Yes,No,42,Yes,No,Fiber optic,No,No,No,Yes,Yes,No,Month-to-month,Yes,Credit card (automatic),59.01,2346.6,No
CUST-03549,Male,0,Yes,No,3,Yes,Yes,No,No internet service,No internet service,No internet service,No internet service,No internet service,No internet service,Month-to-month,Yes,Credit card (automatic),44.95,137.48,No
CUST-03550,Female,0,Yes,No,41,Yes,Yes,DSL,Yes,Yes,Yes,Yes,No,Yes,Month-to-month,Yes,Electronic check,111.04,4112.8,No
CUST-03551,Male,0,Yes,Yes,64,Yes,Yes,Fiber optic,No,No,No,Yes,No,Yes,Month-to-month,Yes,Credit card (automatic),78.84,4978.97,Yes
CUST-03552,Male,1,Yes,Yes,40,No,No phone service,Fiber optic,Yes,Yes,No,No,Yes,Yes,Month-to-month,Yes,Credit card (automatic),97.95,3813.73,No
CUST-03553,Male,0,No,No,63,Yes,Yes,DSL,No,Yes,Yes,Yes,Yes,No,Two year,No,Credit card (automatic),78.21,4624.75,No
CUST-03554,Female,0,Yes,No,54,Yes,No,Fiber optic,No,No,Yes,Yes,Yes,Yes,Month-to-month,Yes,Credit card (automatic),79.26,4289.24,No
CUST-03555,Female,0,Yes,Yes,17,Yes,Yes,DSL,Yes,No,No,Yes,Yes,No,Two year,Yes,Credit card (automatic),56.29,993.34,No
CUST-03556,Female,1,Yes,No,15,Yes,Yes,Fiber optic,Yes,No,No,No,No,No,Two year,Yes,Mailed check,41.9,667.84,Yes
CUST-03557,Male,1,Yes,No,45,Yes,No,Fiber optic,Yes,No,Yes,No,No,Yes,One year,No,Mailed check,52.84,2359.85,No
CUST-03558,Male,0,Yes,Yes,35,Yes,Yes,Fiber optic,No,Yes,No,No,No,No,Month-to-month,No,Credit card (automatic),47.49,1575.68,No
CUST-03559,Female,0,Yes,No,65,Yes,No,No,No internet service,No internet service,No internet service,No internet service,No internet service,No internet service,Month-to-month,Yes,Credit card (automatic),87.12,5334.24,No
CUST-03560,Female,0,Yes,No,43,Yes,Yes,DSL,No,No,No,Yes,Yes,Yes,Month-to-month,No,Credit card (automatic),60.26,2632.22,No
CUST-03561,Female,0,No,Yes,4,Yes,Yes,No,No internet service,No internet service,No internet service,No internet service,No internet service,No internet service,Two year,Yes,Electronic check,73.02,285.61,No
CUST-03562,Female,0,No,No,28,No,No phone service,No,No internet service,No internet service,No internet service,No internet service,No internet service,No internet service,Two year,No,Electronic check,95.09,2565.37,No
CUST-03563,Female,0,Yes,No,3,Yes,Yes,DSL,No,No,No,Yes,Yes,Yes,One year,Yes,Credit card (automatic),44.66,134.6,No
CUST-03564,Female,0,No,No,48,Yes,Yes,No,No internet service,No internet service,No internet service,No internet service,No internet service,No internet service,One year,Yes,Mailed check,60.36,2929.97,No
CUST-03565,Male,0,Yes,No,71,No,No phone service,Fiber optic,No,No,No,Yes,Yes,Yes,Two year,Yes,Electronic check,69.95,4702.06,No
CUST-03566,Female,0,No,Yes,7,Yes,No,No,No internet service,No internet service,No internet service,No internet service,No internet service,No internet service,Month-to-month,No,Bank transfer (automatic),23.38,159.68,Yes
CUST-03567,Male,0,Yes,No,51,Yes,No,No,No internet service,No internet service,No internet service,No internet service,No internet service,No internet service,One year,No,Electronic check,33.22,1764.6,No
CUST-03568,Male,0,Yes,No,68,Yes,Yes,No,No internet service,No internet service,No internet service,No internet service,No internet service,No internet service,One year,Yes,Electronic check,24.35,1618.51,No
CUST-03569,Female,1,No,Yes,20,Yes,Yes,Fiber optic,Yes,No,No,Yes,Yes,Yes,Month-to-month,No,Bank transfer (automatic),93.23,1843.75,No
CUST-03570,Female,0,Yes,No,26,Yes,Yes,Fiber optic,No,Yes,Yes,Yes,Yes,No,Two year,No,Credit card (automatic),47.99,1282.68,No
CUST-03571,Male,0,No,Yes,37,No,No phone service,Fiber optic,No,Yes,No,Yes,Yes,Yes,Month-to-month,Yes,Electronic check,60.26,2091.74,No
CUST-03572,Female,0,Yes,No,4,Yes,No,Fiber optic,Yes,Yes,Yes,No,Yes,No,Month-to-month,Yes,Electronic check,85.23,365.93,No
CUST-03573,Female,0,Yes,Yes,60,Yes,No,DSL,No,No,No,No,No,No,Month-to-month,Yes,Credit card (automatic),114.65,6656.67,No
CUST-03574,Male,0,Yes,No,7,No,No phone service,Fiber optic,Yes,Yes,No,Yes,Yes,Yes,Month-to-month,Yes,Electronic check,99.1,719.74,No
CUST-03575,Male,0,Yes,No,17,No,No phone service,No,No internet service,No internet service,No internet service,No internet service,No internet service,No internet service,Month-to-month,Yes,Electronic check,23.78,387.86,No
CUST-03576,Male,0,No,No,3,Yes,Yes,No,No internet service,No internet service,No internet service,No internet service,No internet service,No internet service,Month-to-month,No,Credit card (automatic),48.57,150.03,Yes
CUST-03577,Female,0,Yes,No,3,Yes,Yes,No,No internet service,No internet service,No internet service,No internet service,No internet service,No internet service,Month-to-month,Yes,Electronic check,22.91,65.67,Yes
CUST-03578,Male,0,No,No,36,Yes,Yes,DSL,No,Yes,No,Yes,No,Yes,Month-to-month,Yes,Credit card (automatic),24.17,913.29,No
CUST-03579,Female,1,No,No,14,Yes,No,Fiber optic,Yes,No,Yes,No,No,No,Two year,Yes,Electronic check,30.75,396.48,No
CUST-03580,Male,0,Yes,Yes,37,Yes,Yes,Fiber optic,No,No,Yes,Yes,No,No,One year,No,Credit card (automatic),50.11,1782.68,No
CUST-03581,Male,1,Yes,No,26,Yes,No,DSL,No,No,No,Yes,Yes,Yes,Two year,Yes,Bank transfer (automatic),41.15,1084.34,No
CUST-03582,Male,1,No,No,47,Yes,No,Fiber optic,Yes,Yes,No,No,Yes,No,Two year,Yes,Electronic check,53.22,2567.97,No
CUST-03583,Female,0,No,No,45,Yes,Yes,Fiber optic,No,Yes,Yes,Yes,No,Yes,Two year,No,Bank transfer (automatic),100.2,4182.7,No
CUST-03584,Female,0,Yes,No,45,Yes,No,No,No internet service,No internet service,No internet service,No internet service,No internet service,No internet service,Two year,No,Mailed check,97.77,4240.85,No
CUST-03585,Male,0,No,Yes,47,Yes,Yes,No,No internet service,No internet service,No internet service,No internet service,No internet service,No internet service,Month-to-month,No,Mailed check,53.07,2295.64,No
CUST-03586,Male,0,No,No,58,Yes,No,No,No internet service,No internet service,No internet service,No internet service,No internet service,No internet service,Month-to-month,No,Bank transfer (automatic),83.98,5196.55,No
CUST-03587,Male,0,No,No,3,No,No phone service,Fiber optic,No,No,No,No,Yes,No,Two year,Yes,Electronic check,55.27,181.85,No
CUST-03588,Female,1,Yes,Yes,18,Yes,Yes,DSL,Yes,Yes,No,Yes,No,Yes,Month-to-month,No,Bank transfer (automatic),56.6,974.75,Yes
CUST-03589,Male,0,No,No,56,Yes,Yes,No,No internet service,No internet service,No internet service,No internet service,No internet service,No internet service,Month-to-month,Yes,Bank transfer (automatic),85.57,4775.74,No
CUST-03590,Female,0,No,No,18,No,No phone service,DSL,No,Yes,No,Yes,Yes,No,One year,Yes,Credit card (automatic),56.43,1017.07,No
CUST-03591,Male,0,No,No,41,Yes,Yes,Fiber optic,No,Yes,Yes,No,Yes,Yes,Two year,No,Bank transfer (automatic),72.93,2789.46,No
CUST-03592,Male,0,No,Yes,4,Yes,No,DSL,Yes,Yes,No,Yes,No,No,Two year,No,Bank transfer (automatic),29.52,122.04,Yes
CUST-03593,Male,0,Yes,No,47,Yes,Yes,No,No internet service,No internet service,No internet service,No internet service,No internet service,No internet service,Two year,No,Credit card (automatic),71.88,3389.7,No
CUST-03594,Male,0,Yes,Yes,24,Yes,Yes,DSL,Yes,Yes,Yes,No,No,No,Month-to-month,Yes,Credit card (automatic),92.2,2218.93,No
CUST-03595,Male,0,No,No,66,Yes,No,DSL,Yes,No,Yes,Yes,Yes,No,One year,No,Credit card (automatic),106.84,6428.91,No
CUST-03596,Male,0,No,No,25,No,No phone service,Fiber optic,No,No,No,Yes,Yes,No,Two year,No,Bank transfer (automatic),32.73,749.5,No
CUST-03597,Female,0,No,No,61,Yes,Yes,DSL,Yes,Yes,Yes,Yes,Yes,Yes,Two year,Yes,Electronic check,59.07,3937.86,No
CUST-03598,Male,0,Yes,Yes,6,Yes,No,No,No internet service,No internet service,No internet service,No internet service,No internet service,No internet service,One year,Yes,Mailed check,66.62,434.87,No
CUST-03599,Female,0,Yes,No,43,Yes,Yes,DSL,Yes,Yes,No,No,No,No,Two year,Yes,Bank transfer (automatic),108.48,4215.18,No
CUST-03600,Male,0,No,No,26,Yes,No,No,No internet service,No internet service,No internet service,No internet service,No internet service,No internet service,Month-to-month,Yes,Electronic check,43.74,1146.44,Yes
CUST-03601,Male,0,No,Yes,41,Yes,No,Fiber optic,No,No,Yes,No,No,Yes,Two year,No,Credit card (automatic),34.57,1294.02,No
CUST-03602,Female,0,Yes,No,55,Yes,No,Fiber optic,No,Yes,No,Yes,No,Yes,Two year,Yes,Bank transfer (automatic),32.15,1871.92,No
CUST-03603,Male,0,No,No,2,Yes,Yes,No,No internet service,No internet service,No internet service,No internet service,No internet service,No internet service,Month-to-month,Yes,Bank transfer (automatic),33.49,60.94,Yes
CUST-03604,Female,0,No,No,12,Yes,No,Fiber optic,No,Yes,No,Yes,No,Yes,Month-to-month,Yes,Bank transfer (automatic),104.95,1271.82,No
CUST-03605,Female,0,Yes,Yes,69,Yes,Yes,Fiber optic,Yes,No,No,Yes,No,No,Two year,No,Credit card (automatic),79.98,5650.26,No
CUST-03606,Male,0,Yes,Yes,58,No,No phone service,DSL,Yes,Yes,No,Yes,Yes,Yes,Month-to-month,No,Credit card (automatic),60.07,3202.59,Yes
CUST-03607,Female,0,Yes,No,37,Yes,No,DSL,Yes,Yes,Yes,Yes,Yes,Yes,Month-to-month,No,Mailed check,104.67,3945.89,No
CUST-03608,Female,0,Yes,No,67,Yes,No,No,No internet service,No internet service,No internet service,No internet service,No internet service,No internet service,Two year,No,Credit card (automatic),47.8,3485.5,No
CUST-03609,Male,0,Yes,Yes,68,Yes,Yes,DSL,No,Yes,No,No,No,No,Month-to-month,No,Credit card (automatic),110.79,6927.02,No
CUST-03610,Female,1,No,No,0,Yes,No,Fiber optic,Yes,Yes,Yes,Yes,Yes,No,Month-to-month,Yes,Credit card (automatic),93.89,0.0,Yes
CUST-03611,Male,0,Yes,Yes,49,Yes,Yes,Fiber optic,Yes,No,Yes,No,Yes,Yes,One year,No,Credit card (automatic),20.06,937.97,No
CUST-03612,Male,0,Yes,No,8,Yes,No,Fiber optic,No,No,No,No,No,No,Two year,Yes,Electronic check,64.26,490.8,No
CUST-03613,Male,0,Yes,No,52,No,No phone service,DSL,Yes,No,Yes,Yes,Yes,Yes,Two year,No,Electronic check,102.25,5363.92,No
CUST-03614,Male,0,Yes,No,9,Yes,Yes,No,No internet service,No internet service,No internet service,No internet service,No internet service,No internet service,One year,No,Bank transfer (automatic),57.61,562.86,No
CUST-03615,Female,1,Yes,No,28,No,No phone service,DSL,No,Yes,Yes,Yes,No,Yes,Two year,Yes,Electronic check,116.71,3091.89,No
CUST-03616,Male,0,Yes,Yes,35,No,No phone service,No,No internet service,No internet service,No internet service,No internet service,No internet service,No internet service,Month-to-month,No,Credit card (automatic),102.66,3947.62,No
CUST-03617,Male,1,No,No,26,Yes,Yes,No,No internet service,No internet service,No internet service,No internet service,No internet service,No internet service,Two year,No,Credit card (automatic),93.31,2227.83,No
CUST-03618,Female,0,Yes,No,17,Yes,Yes,DSL,No,No,Yes,Yes,Yes,No,Month-to-month,Yes,Mailed check,31.55,583.57,No
CUST-03619,Male,0,No,No,17,Yes,No,No,No internet service,No internet service,No internet service,No internet service,No internet service,No internet service,Two year,Yes,Credit card (automatic),28.79,442.23,No
CUST-03620,Male,0,No,No,8,Yes,No,Fiber optic,Yes,Yes,No,No,No,Yes,Month-to-month,Yes,Credit card (automatic),82.12,612.57,Yes
CUST-03621,Female,0,Yes,No,66,Yes,No,No,No internet service,No internet service,No internet service,No internet service,No internet service,No internet service,One year,No,Bank transfer (automatic),84.14,6082.34,No
CUST-03622,Female,0,Yes,Yes,6,Yes,Yes,Fiber optic,Yes,Yes,No,No,No,No,Two year,No,Credit card (automatic),32.75,187.31,No
CUST-03623,Female,0,No,No,57,Yes,Yes,DSL,No,No,Yes,Yes,Yes,Yes,Month-to-month,Yes,Bank transfer (automatic),103.4,5312.79,No
CUST-03624,Female,0,No,Yes,29,Yes,No,No,No internet service,No internet service,No internet service,No internet service,No internet service,No internet service,Month-to-month,No,Credit card (automatic),105.37,3291.06,No
CUST-03625,Female,0,No,Yes,60,Yes,Yes,No,No internet service,No internet service,No internet service,No internet service,No internet service,No internet service,Month-to-month,Yes,Bank transfer (automatic),59.66,3875.97,Yes
CUST-03626,Female,1,Yes,No,16,Yes,Yes,DSL,No,No,Yes,Yes,Yes,No,Month-to-month,Yes,Bank transfer (automatic),78.77,1321.93,No
CUST-03627,Female,0,No,No,52,Yes,No,No,No internet service,No internet service,No internet service,No internet service,No internet service,No internet service,One year,No,Bank transfer (automatic),69.07,3907.39,No
CUST-03628,Male,0,Yes,No,5,Yes,Yes,No,No internet service,No internet service,No internet service,No internet service,No internet service,No internet service,One year,No,Electronic check,21.57,102.8,No
CUST-03629,Female,0,Yes,Yes,38,Yes,Yes,Fiber optic,Yes,Yes,Yes,Yes,No,Yes,Month-to-month,Yes,Credit card (automatic),27.04,1057.38,Yes
CUST-03630,Female,0,No,No,24,No,No phone service,DSL,No,No,No,Yes,No,Yes,One year,No,Credit card (automatic),95.98,2415.17,No
CUST-03631,Female,0,Yes,No,41,Yes,Yes,Fiber optic,No,Yes,No,Yes,Yes,Yes,Month-to-month,Yes,Mailed check,66.83,2999.57,No
CUST-03632,Male,0,Yes,No,41,No,No phone service,No,No internet service,No internet service,No internet service,No internet service,No internet service,No internet service,Month-to-month,Yes,Bank transfer (automatic),79.09,3500.9,Yes
CUST-03633,Male,0,No,Yes,58,Yes,No,DSL,Yes,No,No,No,No,No,Month-to-month,No,Credit card (automatic),79.29,4193.26,No
CUST-03634,Female,0,No,No,37,Yes,Yes,Fiber optic,Yes,Yes,No,No,No,No,Month-to-month,Yes,Mailed check,55.96,2003.87,No
CUST-03635,Female,0,Yes,No,30,Yes,Yes,Fiber optic,No,Yes,No,Yes,No,No,Month-to-month,Yes,Credit card (automatic),20.94,642.66,Yes
CUST-03636,Female,0,No,No,28,Yes,Yes,DSL,No,Yes,Yes,No,No,Yes,One year,No,Bank transfer (automatic),96.69,2899.75,No
CUST-03637,Male,0,Yes,Yes,8,Yes,Yes,Fiber optic,Yes,No,Yes,Yes,No,No,Two year,Yes,Electronic check,64.84,495.86,No
CUST-03638,Male,0,No,No,0,Yes,No,DSL,No,Yes,Yes,No,No,No,Month-to-month,Yes,Mailed check,31.89,0.0,Yes
CUST-03639,Female,0,No,No,71,No,No phone service,Fiber optic,No,No,Yes,No,Yes,No,One year,No,Mailed check,20.11,1338.42,No
CUST-03640,Male,0,No,No,46,Yes,Yes,Fiber optic,No,Yes,Yes,No,No,No,Month-to-month,Yes,Bank transfer (automatic),19.75,894.93,No
CUST-03641,Female,1,No,Yes,9,No,No phone service,DSL,No,No,Yes,No,No,Yes,Month-to-month,No,Bank transfer (automatic),21.33,175.12,No
CUST-03642,Male,0,Yes,Yes,15,Yes,Yes,No,No internet service,No internet service,No internet service,No internet service,No internet service,No internet service,Two year,No,Mailed check,33.5,456.5,No
CUST-03643,Male,0,No,No,46,No,No phone service,Fiber optic,Yes,Yes,Yes,No,No,Yes,One year,No,Credit card (automatic),41.15,1855.65,No
CUST-03644,Female,0,Yes,No,42,Yes,Yes,Fiber optic,No,No,No,No,No,Yes,Two year,Yes,Electronic check,42.71,1846.87,No
CUST-03645,Female,0,Yes,No,23,Yes,Yes,No,No internet service,No internet service,No internet service,No internet service,No internet service,No internet service,One year,No,Credit card (automatic),81.21,1946.47,No
CUST-03646,Female,0,No,No,7,Yes,No,DSL,Yes,No,Yes,Yes,No,Yes,Month-to-month,Yes,Bank transfer (automatic),42.16,297.06,Yes
CUST-03647,Female,0,No,Yes,25,No,No phone service,DSL,No,Yes,Yes,Yes,Yes,Yes,Month-to-month,Yes,Bank transfer (automatic),85.4,2107.62,No
CUST-03648,Male,0,No,No,6,Yes,No,DSL,Yes,No,Yes,Yes,No,Yes,Two year,No,Credit card (automatic),100.33,544.05,Yes
CUST-03649,Male,1,No,No,14,Yes,Yes,DSL,No,No,No,Yes,Yes,No,Month-to-month,Yes,Bank transfer (automatic),56.48,753.17,Yes
CUST-03650,Male,0,No,No,47,Yes,No,No,No internet service,No internet service,No internet service,No internet service,No internet service,No internet service,One year,Yes,Bank transfer (automatic),89.84,4365.94,No
CUST-03651,Female,0,Yes,No,2,Yes,No,Fiber optic,Yes,No,No,No,Yes,No,One year,Yes,Mailed check,28.41,56.25,No
CUST-03652,Male,0,No,No,15,Yes,No,No,No internet service,No internet service,No internet service,No internet service,No internet service,No internet service,Month-to-month,No,Mailed check,50.79,725.91,No
CUST-03653,Female,0,Yes,No,13,Yes,No,Fiber optic,Yes,No,Yes,No,Yes,No,Month-to-month,Yes,Credit card (automatic),86.26,1060.69,Yes
CUST-03654,Male,0,Yes,No,2,Yes,Yes,DSL,No,Yes,No,Yes,No,Yes,Month-to-month,Yes,Bank transfer (automatic),111.18,200.89,No
CUST-03655,Female,1,Yes,No,69,Yes,Yes,Fiber optic,No,Yes,No,Yes,Yes,Yes,Two year,Yes,Bank transfer (automatic),79.56,5846.54,No
CUST-03656,Female,0,Yes,Yes,30,No,No phone service,DSL,No,No,No,Yes,No,Yes,Two year,No,Electronic check,54.38,1754.75,No
CUST-03657,Male,0,No,No,16,No,No phone service,DSL,Yes,No,No,No,Yes,Yes,Month-to-month,No,Bank transfer (automatic),49.37,768.7,No
CUST-03658,Female,0,No,No,48,Yes,Yes,Fiber optic,No,No,Yes,Yes,No,No,Month-to-month,Yes,Credit card (automatic),57.15,2853.62,No
CUST-03659,Female,0,Yes,No,2,Yes,Yes,Fiber optic,Yes,Yes,No,No,Yes,No,Month-to-month,Yes,Electronic check,83.29,152.09,Yes
CUST-03660,Male,1,Yes,Yes,54,Yes,No,Fiber optic,No,Yes,Yes,Yes,Yes,No,Month-to-month,Yes,Electronic check,50.7,2950.66,No
CUST-03661,Female,0,No,No,71,Yes,No,DSL,No,Yes,Yes,Yes,Yes,No,Month-to-month,Yes,Bank transfer (automatic),65.0,4990.46,No
CUST-03662,Female,0,Yes,Yes,39,Yes,Yes,Fiber optic,No,Yes,No,No,Yes,No,Month-to-month,Yes,Credit card (automatic),93.9,3410.76,No
CUST-03663,Female,0,No,Yes,65,Yes,Yes,DSL,No,No,Yes,No,No,No,Month-to-month,Yes,Bank transfer (automatic),41.78,2868.11,No
CUST-03664,Male,0,Yes,No,39,Yes,No,Fiber optic,No,Yes,Yes,No,No,No,Month-to-month,Yes,Bank transfer (automatic),89.65,3477.64,No
CUST-03665,Male,0,No,No,29,Yes,Yes,Fiber optic,Yes,Yes,Yes,Yes,Yes,No,Month-to-month,Yes,Electronic check,94.15,2829.2,No
CUST-03666,Female,0,Yes,Yes,24,Yes,Yes,DSL,No,No,No,Yes,Yes,Yes,Month-to-month,No,Mailed check,104.37,2492.2,No
CUST-03667,Male,0,Yes,No,6,Yes,Yes,DSL,No,Yes,No,No,No,Yes,Two year,Yes,Electronic check,20.39,112.03,Yes
CUST-03668,Female,0,Yes,No,49,Yes,No,DSL,Yes,No,No,No,No,Yes,Month-to-month,Yes,Bank transfer (automatic),29.38,1537.53,No
CUST-03669,Female,1,No,Yes,0,Yes,No,DSL,No,No,Yes,No,No,Yes,Two year,No,Credit card (automatic),113.48,0.0,No
CUST-03670,Female,0,No,No,43,Yes,No,DSL,Yes,No,Yes,Yes,Yes,No,One year,Yes,Electronic check,30.58,1278.16,No
CUST-03671,Female,0,No,No,48,Yes,Yes,No,No internet service,No internet service,No internet service,No internet service,No internet service,No internet service,Month-to-month,Yes,Mailed check,66.79,3517.51,No
CUST-03672,Female,0,Yes,No,6,Yes,Yes,DSL,Yes,Yes,No,No,Yes,Yes,Two year,No,Credit card (automatic),34.69,205.09,No
CUST-03673,Male,0,Yes,Yes,2,Yes,Yes,No,No internet service,No internet service,No internet service,No internet service,No internet service,No internet service,One year,Yes,Mailed check,99.19,211.09,No
CUST-03674,Female,1,Yes,Yes,0,Yes,No,Fiber optic,Yes,No,No,No,Yes,No,Month-to-month,No,Electronic check,27.65,0.0,Yes
CUST-03675,Male,0,Yes,No,50,Yes,No,Fiber optic,Yes,Yes,Yes,Yes,No,Yes,Month-to-month,Yes,Credit card (automatic),26.56,1415.67,No
CUST-03676,Male,0,Yes,No,37,Yes,No,No,No internet service,No internet service,No internet service,No internet service,No internet service,No internet service,Month-to-month,No,Electronic check,68.47,2513.74,No
CUST-03677,Female,0,Yes,No,42,Yes,Yes,Fiber optic,Yes,Yes,Yes,Yes,Yes,Yes,Two year,Yes,Bank transfer (automatic),41.82,1759.93,No
CUST-03678,Female,0,No,No,54,Yes,No,DSL,Yes,Yes,Yes,Yes,No,Yes,Month-to-month,Yes,Mailed check,84.16,4970.61,No
CUST-03679,Male,0,No,Yes,56,Yes,Yes,DSL,Yes,No,No,Yes,No,No,Month-to-month,No,Electronic check,86.48,5216.88,Yes
CUST-03680,Male,0,No,No,52,Yes,Yes,Fiber optic,Yes,Yes,No,Yes,Yes,No,One year,No,Credit card (automatic),76.6,3861.93,No
CUST-03681,Male,1,Yes,Yes,32,No,No phone service,DSL,Yes,Yes,Yes,Yes,No,Yes,Month-to-month,No,Electronic check,101.46,3538.54,Yes
CUST-03682,Female,0,No,No,61,Yes,Yes,Fiber optic,No,No,No,No,Yes,No,One year,Yes,Electronic check,87.74,4927.31,No
CUST-03683,Male,1,Yes,No,10,Yes,Yes,No,No internet service,No internet service,No internet service,No internet service,No internet service,No internet service,One year,Yes,Electronic check,36.75,332.67,No
CUST-03684,Female,0,Yes,No,71,Yes,No,Fiber optic,No,No,No,No,Yes,Yes,Month-to-month,No,Bank transfer (automatic),25.84,1846.62,Yes
CUST-03685,Female,0,No,No,51,Yes,Yes,DSL,Yes,Yes,No,Yes,No,No,Month-to-month,No,Bank transfer (automatic),92.78,4987.2,Yes
CUST-03686,Female,0,Yes,No,0,Yes,No,DSL,Yes,Yes,Yes,No,No,No,Two year,Yes,Electronic check,92.0,0.0,No
CUST-03687,Male,0,Yes,Yes,13,Yes,No,DSL,No,No,Yes,No,Yes,Yes,One year,Yes,Credit card (automatic),103.03,1226.96,Yes
CUST-03688,Female,0,Yes,Yes,20,Yes,No,Fiber optic,Yes,Yes,Yes,Yes,Yes,Yes,Month-to-month,No,Credit card (automatic),38.23,817.44,Yes
CUST-03689,Female,1,Yes,No,33,Yes,Yes,Fiber optic,Yes,Yes,Yes,No,Yes,Yes,One year,No,Credit card (automatic),40.31,1459.61,Yes
CUST-03690,Female,1,Yes,No,13,Yes,No,Fiber optic,No,Yes,Yes,No,No,Yes,One year,No,Bank transfer (automatic),75.67,1021.94,Yes
CUST-03691,Female,1,No,No,39,Yes,No,DSL,Yes,No,No,Yes,Yes,No,Two year,Yes,Electronic check,33.56,1433.25,No
CUST-03692,Female,0,No,Yes,34,Yes,No,DSL,No,Yes,No,No,Yes,Yes,Month-to-month,Yes,Credit card (automatic),47.63,1727.17,No
CUST-03693,Male,1,Yes,No,41,Yes,Yes,No,No internet service,No internet service,No internet service,No internet service,No internet service,No internet service,Month-to-month,Yes,Electronic check,99.24,3866.91,Yes
CUST-03694,Female,0,Yes,No,19,Yes,Yes,DSL,Yes,No,Yes,Yes,Yes,Yes,One year,Yes,Mailed check,51.42,900.73,No
CUST-03695,Female,0,No,Yes,59,Yes,Yes,Fiber optic,Yes,Yes,Yes,Yes,No,No,One year,Yes,Mailed check,19.13,1198.4,No
CUST-03696,Male,0,No,No,8,Yes,No,DSL,Yes,No,Yes,Yes,Yes,No,Two year,Yes,Credit card (automatic),83.08,685.86,No
CUST-03697,Female,0,No,No,32,No,No phone service,DSL,No,No,No,Yes,Yes,Yes,Month-to-month,Yes,Credit card (automatic),36.06,1226.13,No
CUST-03698,Male,0,Yes,Yes,48,Yes,No,No,No internet service,No internet service,No internet service,No internet service,No internet service,No internet service,Two year,No,Credit card (automatic),37.58,1882.62,No
CUST-03699,Female,0,No,Yes,67,Yes,Yes,DSL,Yes,Yes,No,Yes,Yes,No,Two year,Yes,Bank transfer (automatic),19.65,1317.91,No
CUST-03700,Male,1,No,Yes,3,Yes,No,Fiber optic,Yes,Yes,No,No,No,No,Month-to-month,Yes,Credit card (automatic),75.8,247.45,No
CUST-03701,Male,0,Yes,Yes,47,Yes,No,Fiber optic,No,Yes,No,Yes,Yes,No,Month-to-month,Yes,Electronic check,74.19,3663.76,No
CUST-03702,Female,0,Yes,No,15,Yes,Yes,Fiber optic,Yes,Yes,Yes,No,No,Yes,Two year,Yes,Credit card (automatic),27.64,373.85,No
CUST-03703,Female,1,No,Yes,46,Yes,Yes,No,No internet service,No internet service,No internet service,No internet service,No internet service,No internet service,Month-to-month,No,Credit card (automatic),23.04,1103.14,Yes
CUST-03704,Female,0,Yes,Yes,25,Yes,No,DSL,No,No,Yes,Yes,No,No,Month-to-month,Yes,Credit card (automatic),67.08,1691.81,No
CUST-03705,Male,1,No,No,69,Yes,No,DSL,Yes,Yes,Yes,Yes,Yes,Yes,One year,Yes,Bank transfer (automatic),96.13,6153.14,No
CUST-03706,Male,0,No,No,36,Yes,No,DSL,Yes,Yes,No,Yes,No,No,Month-to-month,No,Credit card (automatic),113.37,4028.37,No
CUST-03707,Male,0,Yes,No,21,Yes,Yes,Fiber optic,No,No,No,Yes,No,Yes,One year,No,Mailed check,25.52,538.51,No
CUST-03708,Female,0,Yes,No,6,Yes,Yes,Fiber optic,Yes,Yes,No,Yes,No,Yes,Month-to-month,No,Bank transfer (automatic),88.82,529.56,No
CUST-03709,Male,0,No,No,41,Yes,No,No,No internet service,No internet service,No internet service,No internet service,No internet service,No internet service,Month-to-month,Yes,Electronic check,37.14,1502.76,No
CUST-03710,Male,0,Yes,Yes,29,Yes,Yes,DSL,Yes,Yes,Yes,Yes,Yes,No,One year,No,Bank transfer (automatic),21.4,636.88,No
CUST-03711,Female,0,Yes,No,5,Yes,Yes,Fiber optic,No,No,Yes,Yes,No,Yes,Two year,Yes,Electronic check,51.48,265.56,No
CUST-03712,Male,0,Yes,No,23,No,No phone service,DSL,No,Yes,Yes,No,Yes,Yes,Two year,No,Mailed check,75.39,1802.47,No
CUST-03713,Male,1,Yes,No,65,No,No phone service,DSL,No,Yes,No,Yes,Yes,No,One year,Yes,Credit card (automatic),78.14,5344.67,No
CUST-03714,Female,0,Yes,No,39,Yes,Yes,Fiber optic,No,Yes,Yes,No,Yes,No,Month-to-month,Yes,Mailed check,22.92,953.44,No
CUST-03715,Male,0,Yes,No,14,Yes,Yes,No,No internet service,No internet service,No internet service,No internet service,No internet service,No internet service,Month-to-month,No,Bank transfer (automatic),110.78,1573.93,No
CUST-03716,Female,0,Yes,No,52,Yes,Yes,DSL,No,No,Yes,Yes,Yes,No,One year,Yes,Bank transfer (automatic),23.46,1115.72,No
CUST-03717,Female,0,No,Yes,4,Yes,Yes,DSL,Yes,No,Yes,Yes,No,Yes,Month-to-month,Yes,Electronic check,39.72,154.58,No
CUST-03718,Female,0,Yes,Yes,35,Yes,No,Fiber optic,Yes,No,Yes,No,Yes,No,Two year,No,Bank transfer (automatic),61.25,1931.0,No
CUST-03719,Female,1,No,No,45,Yes,Yes,Fiber optic,Yes,No,Yes,No,No,Yes,Month-to-month,No,Bank transfer (automatic),112.57,5162.11,Yes
CUST-03720,Female,0,Yes,No,22,Yes,No,No,No internet service,No internet service,No internet service,No internet service,No internet service,No internet service,Two year,Yes,Electronic check,117.12,2821.45,No
CUST-03721,Male,0,No,Yes,44,Yes,Yes,DSL,No,No,Yes,Yes,Yes,Yes,Month-to-month,Yes,Mailed check,18.04,845.69,Yes
CUST-03722,Male,0,Yes,No,9,Yes,No,Fiber optic,Yes,Yes,No,Yes,No,No,Two year,Yes,Bank transfer (automatic),40.45,363.05,No
CUST-03723,Female,0,No,Yes,53,Yes,Yes,DSL,No,No,Yes,Yes,Yes,Yes,Month-to-month,No,Credit card (automatic),68.14,3761.8,No
CUST-03724,Female,0,Yes,Yes,69,Yes,No,Fiber optic,No,Yes,No,No,No,No,One year,No,Bank transfer (automatic),87.44,6325.23,No
CUST-03725,Male,0,No,No,31,Yes,No,DSL,No,No,No,Yes,Yes,No,One year,Yes,Mailed check,83.67,2642.97,No
CUST-03726,Female,0,Yes,Yes,42,Yes,No,DSL,Yes,Yes,Yes,Yes,No,Yes,One year,Yes,Electronic check,43.15,1952.06,No
CUST-03727,Female,0,Yes,Yes,14,Yes,Yes,No,No internet service,No internet service,No internet service,No internet service,No internet service,No internet service,Month-to-month,Yes,Bank transfer (automatic),37.75,509.67,Yes
CUST-03728,Female,0,No,Yes,65,Yes,Yes,Fiber optic,Yes,No,Yes,No,No,No,One year,No,Electronic check,19.43,1306.74,No
CUST-03729,Male,0,No,No,14,Yes,Yes,DSL,Yes,Yes,No,No,No,No,Two year,Yes,Bank transfer (automatic),102.29,1307.37,No
CUST-03730,Male,0,Yes,Yes,19,Yes,Yes,No,No internet service,No internet service,No internet service,No internet service,No internet service,No internet service,Two year,No,Credit card (automatic),55.88,984.9,No
CUST-03731,Female,0,No,No,49,Yes,No,Fiber optic,Yes,Yes,Yes,Yes,Yes,Yes,Two year,No,Electronic check,104.43,5565.79,No
CUST-03732,Female,1,No,No,5,No,No phone service,DSL,No,Yes,No,Yes,No,No,Month-to-month,No,Credit card (automatic),50.37,254.02,Yes
CUST-03733,Male,0,Yes,No,16,Yes,No,Fiber optic,Yes,No,Yes,No,Yes,No,Month-to-month,No,Bank transfer (automatic),93.6,1573.79,Yes
CUST-03734,Male,0,No,Yes,25,Yes,No,Fiber optic,Yes,Yes,Yes,Yes,No,Yes,Two year,Yes,Electronic check,24.97,670.36,No
CUST-03735,Female,0,Yes,No,21,Yes,Yes,DSL,Yes,Yes,No,No,Yes,No,Month-to-month,No,Electronic check,99.14,2262.71,No
CUST-03736,Female,1,No,Yes,63,Yes,No,No,No internet service,No internet service,No internet service,No internet service,No internet service,No internet service,Two year,Yes,Bank transfer (automatic),107.1,6193.69,No
CUST-03737,Male,1,Yes,No,57,Yes,No,Fiber optic,No,No,Yes,No,Yes,No,Month-to-month,Yes,Bank transfer (automatic),44.49,2638.29,Yes
CUST-03738,Male,1,No,No,36,No,No phone service,No,No internet service,No internet service,No internet service,No internet service,No internet service,No internet service,Month-to-month,No,Credit card (automatic),32.19,1188.93,No
CUST-03739,Male,0,Yes,Yes,71,Yes,Yes,Fiber optic,No,No,Yes,No,No,No,One year,Yes,Bank transfer (automatic),37.61,2723.79,No
CUST-03740,Female,0,Yes,No,27,Yes,No,Fiber optic,Yes,Yes,No,Yes,No,Yes,Month-to-month,No,Bank transfer (automatic),104.78,2628.44,No
CUST-03741,Male,0,No,Yes,48,Yes,Yes,DSL,Yes,No,No,Yes,No,Yes,One year,Yes,Mailed check,46.62,2360.03,No
CUST-03742,Female,0,No,Yes,66,Yes,No,Fiber optic,Yes,No,No,Yes,No,No,One year,Yes,Bank transfer (automatic),41.14,2615.09,No
CUST-03743,Male,0,Yes,No,66,No,No phone service,Fiber optic,No,No,Yes,No,Yes,Yes,One year,Yes,Electronic check,115.89,7223.78,No
CUST-03744,Male,0,Yes,No,40,Yes,Yes,DSL,No,Yes,No,Yes,No,No,One year,Yes,Bank transfer (automatic),85.0,3540.94,No
CUST-03745,Male,0,No,Yes,45,Yes,No,Fiber optic,No,No,Yes,Yes,Yes,No,One year,No,Credit card (automatic),101.22,4295.6,No
CUST-03746,Male,0,No,Yes,54,Yes,Yes,DSL,No,Yes,No,No,No,Yes,Two year,Yes,Bank transfer (automatic),92.71,5005.07,No
CUST-03747,Female,0,No,Yes,10,Yes,Yes,No,No internet service,No internet service,No internet service,No internet service,No internet service,No internet service,Month-to-month,Yes,Mailed check,55.4,533.78,Yes
CUST-03748,Female,0,No,No,25,Yes,Yes,No,No internet service,No internet service,No internet service,No internet service,No internet service,No internet service,One year,Yes,Mailed check,104.27,2775.4,No
CUST-03749,Male,1,No,No,71,Yes,No,Fiber optic,No,Yes,Yes,No,Yes,No,Month-to-month,No,Mailed check,76.82,5949.87,No
CUST-03750,Female,0,No,Yes,12,Yes,No,DSL,Yes,Yes,No,Yes,Yes,No,Two year,Yes,Electronic check,83.74,1070.12,No
CUST-03751,Male,0,Yes,Yes,35,Yes,Yes,Fiber optic,No,No,Yes,Yes,Yes,No,One year,No,Mailed check,50.61,1734.82,No
CUST-03752,Male,0,No,No,63,Yes,No,Fiber optic,Yes,No,No,Yes,Yes,No,Month-to-month,Yes,Credit card (automatic),116.12,6822.18,No
CUST-03753,Male,0,No,No,50,No,No phone service,No,No internet service,No internet service,No internet service,No internet service,No internet service,No internet service,Month-to-month,Yes,Mailed check,103.46,5378.24,No
CUST-03754,Male,0,No,No,21,Yes,No,DSL,No,Yes,No,No,Yes,Yes,Month-to-month,No,Credit card (automatic),32.81,744.64,Yes
CUST-03755,Female,0,No,No,59,Yes,Yes,Fiber optic,Yes,No,No,No,No,Yes,Month-to-month,No,Bank transfer (automatic),38.39,2220.37,No
CUST-03756,Male,0,Yes,Yes,1,Yes,Yes,DSL,Yes,Yes,Yes,No,Yes,Yes,Month-to-month,Yes,Electronic check,92.86,84.33,No
CUST-03757,Male,0,Yes,No,55,Yes,Yes,No,No internet service,No internet service,No internet service,No internet service,No internet service,No internet service,Month-to-month,No,Bank transfer (automatic),20.58,1046.86,No
CUST-03758,Female,1,Yes,No,39,Yes,No,No,No internet service,No internet service,No internet service,No internet service,No internet service,No internet service,Month-to-month,Yes,Credit card (automatic),51.55,1963.27,No
CUST-03759,Male,0,Yes,No,27,Yes,No,No,No internet service,No internet service,No internet service,No internet service,No internet service,No internet service,Two year,Yes,Electronic check,71.25,1923.47,No
CUST-03760,Male,0,No,Yes,2,Yes,Yes,Fiber optic,Yes,No,Yes,No,No,Yes,Two year,No,Credit card (automatic),38.49,73.76,No
CUST-03761,Male,0,Yes,No,62,Yes,Yes,Fiber optic,Yes,No,No,Yes,No,Yes,Month-to-month,No,Electronic check,105.32,6513.51,No
CUST-03762,Female,1,No,No,22,Yes,Yes,No,No internet service,No internet service,No internet service,No internet service,No internet service,No internet service,One year,Yes,Mailed check,106.93,2568.32,No
CUST-03763,Male,0,No,No,54,Yes,Yes,Fiber optic,Yes,Yes,Yes,No,Yes,No,Month-to-month,Yes,Bank transfer (automatic),113.68,5619.44,No
CUST-03764,Female,0,Yes,No,31,Yes,No,DSL,No,No,No,No,No,Yes,Month-to-month,Yes,Mailed check,32.63,1072.93,No
CUST-03765,Male,1,Yes,No,27,Yes,Yes,No,No internet service,No internet service,No internet service,No internet service,No internet service,No internet service,Month-to-month,Yes,Electronic check,25.93,693.85,Yes
CUST-03766,Male,1,No,No,7,Yes,No,Fiber optic,Yes,No,Yes,No,Yes,No,Month-to-month,Yes,Credit card (automatic),73.61,531.11,No
CUST-03767,Female,1,Yes,No,2,Yes,Yes,Fiber optic,No,No,Yes,Yes,No,No,Month-to-month,No,Electronic check,97.24,212.74,Yes
CUST-03768,Male,0,Yes,No,52,Yes,Yes,DSL,Yes,No,No,Yes,Yes,Yes,Two year,No,Electronic check,47.11,2429.9,No
CUST-03769,Male,0,No,Yes,28,Yes,No,DSL,No,No,No,No,No,No,Two year,Yes,Mailed check,42.1,1083.56,No
CUST-03770,Female,1,No,No,58,Yes,Yes,Fiber optic,No,Yes,No,No,Yes,No,Month-to-month,Yes,Electronic check,69.77,4312.05,No
CUST-03771,Female,0,No,No,23,Yes,Yes,Fiber optic,No,Yes,No,Yes,No,No,Two year,No,Bank transfer (automatic),66.21,1451.17,No
CUST-03772,Female,0,No,No,37,Yes,No,Fiber optic,No,Yes,Yes,Yes,Yes,No,Two year,No,Bank transfer (automatic),65.96,2638.31,No
CUST-03773,Female,0,No,No,27,Yes,No,DSL,No,Yes,Yes,Yes,No,Yes,Month-to-month,Yes,Mailed check,58.53,1448.18,Yes
CUST-03774,Female,0,Yes,No,61,Yes,Yes,Fiber optic,Yes,Yes,No,Yes,No,Yes,Month-to-month,No,Mailed check,90.71,5232.28,No
CUST-03775,Male,1,No,No,50,No,No phone service,No,No internet service,No internet service,No internet service,No internet service,No internet service,No internet service,One year,No,Bank transfer (automatic),79.47,4345.47,No
CUST-03776,Female,0,No,Yes,6,Yes,No,Fiber optic,Yes,No,No,No,No,Yes,Month-to-month,No,Mailed check,66.78,431.15,No
CUST-03777,Male,0,No,Yes,22,Yes,Yes,No,No internet service,No internet service,No internet service,No internet service,No internet service,No internet service,Two year,No,Bank transfer (automatic),90.07,1870.11,No
CUST-03778,Male,1,Yes,Yes,45,Yes,Yes,DSL,Yes,Yes,Yes,No,Yes,No,Month-to-month,No,Bank transfer (automatic),44.17,2097.55,Yes
CUST-03779,Male,0,No,No,27,Yes,Yes,No,No internet service,No internet service,No internet service,No internet service,No internet service,No internet service,Two year,No,Mailed check,107.18,2654.42,No
CUST-03780,Female,0,No,Yes,23,Yes,No,Fiber optic,No,No,Yes,No,Yes,Yes,One year,No,Credit card (automatic),56.42,1208.86,No
CUST-03781,Female,0,Yes,Yes,6,Yes,No,Fiber optic,Yes,No,Yes,Yes,No,No,Month-to-month,Yes,Mailed check,50.76,285.21,No
CUST-03782,Male,0,No,Yes,48,Yes,Yes,DSL,Yes,Yes,No,No,No,No,Month-to-month,Yes,Credit card (automatic),72.23,3150.28,No
CUST-03783,Female,0,No,No,2,Yes,Yes,No,No internet service,No internet service,No internet service,No internet service,No internet service,No internet service,Month-to-month,No,Mailed check,45.04,89.8,No
CUST-03784,Female,0,No,No,1,Yes,Yes,No,No internet service,No internet service,No internet service,No internet service,No internet service,No internet service,Two year,Yes,Bank transfer (automatic),44.87,43.89,Yes
CUST-03785,Female,0,Yes,Yes,6,No,No phone service,No,No internet service,No internet service,No internet service,No internet service,No internet service,No internet service,Month-to-month,Yes,Credit card (automatic),25.79,157.51,No
CUST-03786,Female,0,Yes,No,20,Yes,No,Fiber optic,No,No,Yes,No,Yes,Yes,Month-to-month,Yes,Mailed check,83.19,1726.6,No
CUST-03787,Male,0,No,No,8,Yes,Yes,DSL,Yes,Yes,No,Yes,Yes,Yes,Month-to-month,Yes,Mailed check,109.27,890.83,Yes
CUST-03788,Male,0,No,Yes,11,Yes,No,DSL,Yes,No,Yes,No,No,No,Month-to-month,Yes,Bank transfer (automatic),86.53,909.66,Yes
CUST-03789,Female,0,No,No,23,No,No phone service,DSL,No,No,Yes,No,No,No,Month-to-month,Yes,Credit card (automatic),74.77,1576.16,No
CUST-03790,Male,0,Yes,No,32,Yes,Yes,DSL,Yes,No,No,No,Yes,Yes,One year,No,Mailed check,89.18,2986.19,No
CUST-03791,Female,0,Yes,Yes,42,Yes,No,Fiber optic,Yes,Yes,No,Yes,Yes,No,Month-to-month,Yes,Electronic check,114.65,4631.47,Yes
CUST-03792,Female,0,Yes,Yes,4,Yes,No,Fiber optic,Yes,Yes,Yes,Yes,Yes,Yes,Month-to-month,No,Electronic check,51.65,196.15,No
CUST-03793,Male,0,Yes,No,70,Yes,No,Fiber optic,No,No,No,No,Yes,Yes,Month-to-month,Yes,Mailed check,61.07,4437.78,No
CUST-03794,Male,0,Yes,No,13,Yes,Yes,DSL,No,Yes,Yes,Yes,Yes,No,Month-to-month,Yes,Bank transfer (automatic),46.62,599.01,Yes
CUST-03795,Male,1,Yes,Yes,35,Yes,Yes,DSL,No,No,Yes,No,Yes,No,Month-to-month,Yes,Bank transfer (automatic),19.67,647.77,No
CUST-03796,Female,0,No,No,34,Yes,Yes,Fiber optic,Yes,Yes,No,Yes,No,No,Month-to-month,No,Mailed check,52.74,1888.75,No
CUST-03797,Male,0,Yes,No,49,Yes,Yes,No,No internet service,No internet service,No internet service,No internet service,No internet service,No internet service,Month-to-month,No,Mailed check,25.16,1308.38,No
CUST-03798,Female,0,No,No,10,Yes,Yes,No,No internet service,No internet service,No internet service,No internet service,No internet service,No internet service,One year,Yes,Bank transfer (automatic),103.84,1139.18,Yes
CUST-03799,Male,1,Yes,Yes,23,Yes,Yes,DSL,No,No,No,No,No,No,Month-to-month,Yes,Bank transfer (automatic),89.56,2046.69,No
CUST-03800,Male,0,No,No,43,Yes,No,Fiber optic,Yes,Yes,No,No,No,No,Two year,Yes,Bank transfer (automatic),48.4,1888.34,No
CUST-03801,Female,0,Yes,No,50,Yes,No,Fiber optic,No,Yes,No,No,No,No,Two year,Yes,Mailed check,50.79,2548.26,No
CUST-03802,Female,0,No,No,16,No,No phone service,Fiber optic,No,Yes,No,No,No,No,Month-to-month,Yes,Bank transfer (automatic),74.96,1085.0,No
CUST-03803,Female,0,No,No,69,Yes,No,DSL,Yes,No,Yes,No,Yes,Yes,Month-to-month,Yes,Mailed check,97.8,7352.28,No
CUST-03804,Female,0,No,No,7,Yes,No,Fiber optic,Yes,No,Yes,Yes,Yes,Yes,Month-to-month,No,Credit card (automatic),89.87,588.18,No
CUST-03805,Female,0,Yes,No,27,Yes,No,DSL,Yes,No,Yes,Yes,No,Yes,Two year,No,Electronic check,20.88,611.72,No
CUST-03806,Female,0,Yes,No,11,Yes,No,Fiber optic,Yes,No,Yes,Yes,Yes,Yes,Month-to-month,Yes,Credit card (automatic),96.53,1157.4,Yes
CUST-03807,Female,0,Yes,No,42,Yes,No,Fiber optic,Yes,Yes,Yes,No,No,No,One year,No,Electronic check,106.13,4703.03,No
CUST-03808,Female,0,No,No,36,Yes,Yes,Fiber optic,No,No,Yes,No,Yes,Yes,Month-to-month,Yes,Mailed check,26.99,891.44,No
CUST-03809,Male,0,No,Yes,62,Yes,Yes,Fiber optic,No,No,No,No,Yes,No,Two year,Yes,Mailed check,95.01,5959.38,No
CUST-03810,Female,0,No,No,62,Yes,No,No,No internet service,No internet service,No internet service,No internet service,No internet service,No internet service,Month-to-month,Yes,Credit card (automatic),43.17,2598.53,No
CUST-03811,Female,0,Yes,Yes,9,Yes,No,DSL,Yes,No,Yes,Yes,Yes,Yes,One year,Yes,Mailed check,35.37,338.72,No
CUST-03812,Male,0,Yes,No,36,Yes,Yes,Fiber optic,Yes,No,Yes,No,Yes,Yes,Month-to-month,No,Mailed check,72.39,2502.95,Yes
CUST-03813,Female,0,No,No,10,Yes,Yes,No,No internet service,No internet service,No internet service,No internet service,No internet service,No internet service,Month-to-month,No,Bank transfer (automatic),73.27,725.56,Yes
CUST-03814,Male,1,Yes,No,18,Yes,Yes,DSL,Yes,Yes,No,No,No,Yes,Month-to-month,Yes,Credit card (automatic),65.09,1188.89,Yes
CUST-03815,Male,0,Yes,Yes,51,Yes,No,Fiber optic,Yes,No,Yes,No,No,Yes,Month-to-month,Yes,Electronic check,108.18,5004.44,No
CUST-03816,Female,1,Yes,No,17,Yes,No,DSL,No,Yes,No,Yes,No,No,Two year,Yes,Credit card (automatic),42.16,732.33,No
CUST-03817,Male,0,Yes,No,31,Yes,Yes,Fiber optic,No,Yes,Yes,No,Yes,Yes,One year,Yes,Mailed check,78.25,2350.19,No
CUST-03818,Female,1,No,Yes,22,Yes,No,DSL,No,No,No,Yes,Yes,Yes,Month-to-month,Yes,Mailed check,58.99,1305.35,No
CUST-03819,Male,0,Yes,No,11,Yes,No,Fiber optic,Yes,Yes,Yes,Yes,No,No,One year,No,Credit card (automatic),105.38,1072.2,No
CUST-03820,Male,0,Yes,No,57,Yes,Yes,Fiber optic,No,Yes,No,Yes,No,Yes,Month-to-month,No,Mailed check,31.28,1724.42,Yes
CUST-03821,Male,0,No,No,20,No,No phone service,DSL,Yes,Yes,No,Yes,No,No,Two year,Yes,Mailed check,26.29,534.4,No
CUST-03822,Female,0,No,No,20,Yes,Yes,Fiber optic,Yes,Yes,No,Yes,No,Yes,Month-to-month,No,Mailed check,117.28,2379.18,Yes
CUST-03823,Female,0,Yes,No,28,Yes,No,Fiber optic,No,No,Yes,Yes,Yes,No,Month-to-month,Yes,Bank transfer (automatic),75.72,1975.12,No
CUST-03824,Male,0,Yes,No,46,No,No phone service,Fiber optic,Yes,Yes,Yes,No,Yes,No,Month-to-month,Yes,Mailed check,109.19,4937.05,Yes
CUST-03825,Male,0,Yes,Yes,11,Yes,Yes,DSL,No,No,No,No,Yes,No,Month-to-month,No,Mailed check,58.82,649.54,Yes
CUST-03826,Female,0,Yes,Yes,57,Yes,Yes,Fiber optic,Yes,No,Yes,No,Yes,No,Two year,Yes,Mailed check,78.43,4096.08,No
CUST-03827,Female,0,No,No,40,Yes,No,DSL,Yes,Yes,No,No,No,Yes,Month-to-month,Yes,Mailed check,87.41,3565.89,No
CUST-03828,Male,0,No,No,18,Yes,No,DSL,No,Yes,No,No,No,No,One year,No,Mailed check,116.61,1986.36,No
CUST-03829,Male,0,No,Yes,11,Yes,No,No,No internet service,No internet service,No internet service,No internet service,No internet service,No internet service,One year,No,Mailed check,29.27,349.03,No
CUST-03830,Female,0,Yes,Yes,22,Yes,Yes,Fiber optic,No,Yes,No,No,Yes,No,Month-to-month,Yes,Mailed check,30.48,639.52,Yes
CUST-03831,Female,0,Yes,No,4,Yes,No,DSL,No,No,Yes,No,No,No,One year,No,Electronic check,70.32,297.45,Yes
CUST-03832,Female,0,No,No,25,Yes,No,DSL,No,Yes,Yes,No,No,No,One year,No,Credit card (automatic),23.58,599.19,No
CUST-03833,Female,1,Yes,Yes,62,Yes,Yes,DSL,No,Yes,No,No,No,No,Month-to-month,No,Electronic check,90.75,5835.07,No
CUST-03834,Female,0,No,No,51,Yes,No,No,No internet service,No internet service,No internet service,No internet service,No internet service,No internet service,Month-to-month,Yes,Mailed check,117.08,6450.87,Yes
CUST-03835,Male,0,No,Yes,9,Yes,No,Fiber optic,No,No,No,Yes,No,Yes,One year,Yes,Credit card (automatic),99.14,954.33,No
CUST-03836,Female,0,No,No,38,Yes,No,Fiber optic,No,No,Yes,No,No,Yes,Two year,No,Electronic check,44.58,1567.92,No
CUST-03837,Male,0,No,No,22,Yes,No,No,No internet service,No internet service,No internet service,No internet service,No internet service,No internet service,Month-to-month,Yes,Credit card (automatic),97.96,2342.07,No
CUST-03838,Female,0,No,No,10,Yes,No,No,No internet service,No internet service,No internet service,No internet service,No internet service,No internet service,Two year,No,Mailed check,80.79,749.52,No
CUST-03839,Male,0,No,No,71,Yes,No,No,No internet service,No internet service,No internet service,No internet service,No internet service,No internet service,Two year,No,Credit card (automatic),29.94,2047.68,No
CUST-03840,Female,0,No,No,47,Yes,No,No,No internet service,No internet service,No internet service,No internet service,No internet service,No internet service,Month-to-month,No,Credit card (automatic),74.59,3521.95,No
CUST-03841,Female,0,Yes,Yes,15,Yes,No,No,No internet service,No internet service,No internet service,No internet service,No internet service,No internet service,Two year,No,Credit card (automatic),107.68,1755.19,No
CUST-03842,Male,0,No,Yes,45,Yes,Yes,DSL,No,No,No,No,Yes,Yes,One year,No,Credit card (automatic),46.99,2168.34,No
CUST-03843,Male,0,No,No,46,Yes,Yes,DSL,Yes,Yes,Yes,No,Yes,Yes,Month-to-month,No,Mailed check,83.91,4149.31,Yes
CUST-03844,Female,0,Yes,No,47,Yes,Yes,No,No internet service,No internet service,No internet service,No internet service,No internet service,No internet service,Month-to-month,Yes,Bank transfer (automatic),22.16,1133.53,No
CUST-03845,Female,0,No,No,68,Yes,Yes,DSL,Yes,No,No,Yes,Yes,Yes,Two year,Yes,Bank transfer (automatic),101.42,7239.3,No
CUST-03846,Female,1,Yes,No,24,Yes,Yes,DSL,No,No,No,Yes,Yes,Yes,Two year,No,Credit card (automatic),38.59,922.81,No
CUST-03847,Female,0,No,No,36,Yes,Yes,DSL,Yes,Yes,No,No,Yes,Yes,Two year,No,Mailed check,78.86,2775.38,No
CUST-03848,Female,0,Yes,Yes,62,No,No phone service,Fiber optic,No,Yes,No,No,No,Yes,Month-to-month,No,Mailed check,70.42,4169.72,Yes
CUST-03849,Male,0,Yes,No,28,Yes,No,Fiber optic,Yes,Yes,No,No,Yes,No,Two year,Yes,Bank transfer (automatic),72.81,2041.37,No
CUST-03850,Male,0,Yes,No,57,No,No phone service,DSL,No,Yes,Yes,No,Yes,Yes,Two year,Yes,Mailed check,43.37,2248.63,No
CUST-03851,Female,0,No,No,30,Yes,No,Fiber optic,No,Yes,No,No,No,No,Month-to-month,Yes,Credit card (automatic),73.91,2096.74,No
CUST-03852,Male,0,Yes,No,67,Yes,No,No,No internet service,No internet service,No internet service,No internet service,No internet service,No internet service,Two year,Yes,Credit card (automatic),78.28,5096.16,No
CUST-03853,Male,0,No,No,40,Yes,No,Fiber optic,No,No,Yes,No,No,Yes,Month-to-month,Yes,Bank transfer (automatic),60.55,2593.18,No
CUST-03854,Male,0,No,No,49,Yes,Yes,Fiber optic,No,No,Yes,Yes,Yes,No,Month-to-month,Yes,Mailed check,81.33,3886.42,No
CUST-03855,Female,0,No,No,43,Yes,Yes,DSL,Yes,No,Yes,Yes,No,Yes,Month-to-month,No,Credit card (automatic),37.16,1514.64,No
CUST-03856,Male,0,No,No,8,Yes,No,DSL,Yes,No,No,No,Yes,No,Month-to-month,Yes,Bank transfer (automatic),69.26,585.41,No
CUST-03857,Female,0,No,No,58,Yes,No,Fiber optic,No,No,No,Yes,Yes,Yes,One year,No,Electronic check,89.68,5662.45,No
CUST-03858,Male,0,No,No,26,Yes,No,No,No internet service,No internet service,No internet service,No internet service,No internet service,No internet service,Two year,Yes,Bank transfer (automatic),54.8,1503.1,No
CUST-03859,Female,0,No,No,58,Yes,Yes,No,No internet service,No internet service,No internet service,No internet service,No internet service,No internet service,Month-to-month,No,Mailed check,59.11,3171.78,No
CUST-03860,Male,0,Yes,No,2,Yes,Yes,Fiber optic,No,Yes,No,No,No,Yes,One year,Yes,Electronic check,34.42,66.37,No
CUST-03861,Female,0,No,No,6,No,No phone service,Fiber optic,Yes,Yes,Yes,No,Yes,Yes,Month-to-month,Yes,Credit card (automatic),79.64,487.67,Yes
CUST-03862,Female,1,No,No,15,Yes,Yes,Fiber optic,No,Yes,No,Yes,Yes,Yes,Month-to-month,Yes,Mailed check,30.35,427.57,Yes
CUST-03863,Male,0,Yes,No,48,Yes,No,DSL,No,Yes,No,Yes,Yes,No,Two year,No,Credit card (automatic),68.08,3357.1,No
CUST-03864,Female,0,No,Yes,31,Yes,No,DSL,Yes,Yes,No,Yes,No,No,Two year,No,Bank transfer (automatic),39.04,1146.35,No
CUST-03865,Female,0,Yes,No,43,Yes,Yes,No,No internet service,No internet service,No internet service,No internet service,No internet service,No internet service,Month-to-month,No,Mailed check,37.41,1622.37,Yes
CUST-03866,Female,1,Yes,No,18,Yes,No,Fiber optic,No,No,Yes,Yes,Yes,No,Two year,Yes,Electronic check,27.58,516.97,No
CUST-03867,Female,0,No,Yes,2,Yes,Yes,No,No internet service,No internet service,No internet service,No internet service,No internet service,No internet service,Month-to-month,Yes,Electronic check,53.74,113.65,No
CUST-03868,Female,0,No,No,59,Yes,No,Fiber optic,Yes,No,No,No,No,Yes,Month-to-month,Yes,Credit card (automatic),104.74,6551.13,Yes
CUST-03869,Female,0,Yes,No,34,Yes,No,No,No internet service,No internet service,No internet service,No internet service,No internet service,No internet service,Month-to-month,Yes,Credit card (automatic),78.49,2815.31,No
CUST-03870,Female,0,No,No,28,No,No phone service,DSL,Yes,Yes,Yes,Yes,No,Yes,Month-to-month,Yes,Bank transfer (automatic),95.91,2490.57,Yes
CUST-03871,Female,0,Yes,No,69,Yes,Yes,DSL,Yes,Yes,Yes,No,Yes,No,One year,Yes,Credit card (automatic),29.46,2231.67,No
CUST-03872,Male,0,Yes,No,44,Yes,Yes,No,No internet service,No internet service,No internet service,No internet service,No internet service,No internet service,Two year,Yes,Mailed check,49.33,2288.66,No
CUST-03873,Male,0,No,Yes,26,Yes,No,Fiber optic,Yes,No,Yes,Yes,No,No,Two year,Yes,Electronic check,56.86,1361.31,No
CUST-03874,Female,0,Yes,No,68,Yes,No,DSL,Yes,No,Yes,Yes,Yes,No,One year,Yes,Mailed check,104.0,7351.44,No
CUST-03875,Female,0,No,Yes,34,No,No phone service,No,No internet service,No internet service,No internet service,No internet service,No internet service,No internet service,Month-to-month,Yes,Bank transfer (automatic),84.44,2853.73,No
CUST-03876,Male,0,No,Yes,18,No,No phone service,No,No internet service,No internet service,No internet service,No internet service,No internet service,No internet service,Month-to-month,No,Electronic check,67.05,1189.51,No
CUST-03877,Male,0,Yes,No,16,Yes,No,Fiber optic,Yes,No,Yes,Yes,No,No,Month-to-month,Yes,Credit card (automatic),48.05,795.96,No
CUST-03878,Male,0,Yes,No,34,Yes,Yes,Fiber optic,No,No,Yes,Yes,Yes,Yes,One year,No,Electronic check,93.99,2983.4,No
CUST-03879,Female,0,No,No,29,Yes,Yes,No,No internet service,No internet service,No internet service,No internet service,No internet service,No internet service,One year,Yes,Bank transfer (automatic),106.83,3407.52,No
CUST-03880,Male,0,No,No,47,Yes,No,Fiber optic,Yes,No,No,No,No,Yes,Month-to-month,Yes,Credit card (automatic),71.68,3398.93,Yes
CUST-03881,Female,0,No,No,56,Yes,Yes,No,No internet service,No internet service,No internet service,No internet service,No internet service,No internet service,Month-to-month,Yes,Electronic check,22.34,1274.72,No
CUST-03882,Female,0,Yes,No,16,Yes,Yes,Fiber optic,No,No,No,No,No,Yes,Month-to-month,Yes,Electronic check,45.19,712.22,No
CUST-03883,Male,0,No,No,14,Yes,No,DSL,No,Yes,No,Yes,Yes,No,Two year,No,Electronic check,92.58,1323.58,No
CUST-03884,Female,0,Yes,Yes,13,Yes,Yes,Fiber optic,Yes,Yes,Yes,Yes,No,No,Month-to-month,Yes,Credit card (automatic),56.76,762.08,Yes
CUST-03885,Female,0,Yes,Yes,13,Yes,No,Fiber optic,No,Yes,Yes,Yes,No,Yes,Two year,Yes,Bank transfer (automatic),80.59,1015.3,No
CUST-03886,Female,0,Yes,No,44,Yes,No,DSL,No,Yes,Yes,No,Yes,Yes,Month-to-month,No,Electronic check,70.45,3076.29,No
CUST-03887,Female,0,No,Yes,37,Yes,Yes,DSL,Yes,No,Yes,No,No,No,One year,No,Mailed check,108.77,3827.77,No
CUST-03888,Male,0,Yes,No,62,Yes,Yes,DSL,Yes,Yes,No,No,No,Yes,Month-to-month,Yes,Credit card (automatic),48.7,3183.63,No
CUST-03889,Male,0,No,No,10,Yes,No,DSL,No,No,No,No,Yes,No,Month-to-month,Yes,Credit card (automatic),62.61,655.82,No
CUST-03890,Female,0,Yes,Yes,47,Yes,No,Fiber optic,No,No,Yes,Yes,Yes,No,Two year,Yes,Electronic check,24.48,1222.11,No
CUST-03891,Female,0,No,No,25,Yes,No,Fiber optic,Yes,Yes,No,Yes,Yes,No,Two year,No,Electronic check,98.5,2562.4,Yes
CUST-03892,Male,0,No,Yes,66,Yes,Yes,Fiber optic,Yes,Yes,No,No,No,No,Two year,No,Electronic check,50.58,3017.87,No
CUST-03893,Female,0,Yes,No,24,Yes,No,Fiber optic,Yes,No,Yes,Yes,Yes,Yes,Two year,No,Bank transfer (automatic),90.19,2030.85,No
CUST-03894,Male,0,No,No,60,Yes,No,Fiber optic,No,No,No,Yes,No,Yes,Two year,Yes,Credit card (automatic),18.3,1073.54,No
CUST-03895,Female,1,Yes,No,25,No,No phone service,DSL,No,No,Yes,No,Yes,Yes,Month-to-month,No,Mailed check,104.74,2479.29,No
CUST-03896,Female,0,Yes,Yes,33,No,No phone service,Fiber optic,Yes,Yes,No,No,Yes,No,One year,Yes,Bank transfer (automatic),115.2,3825.7,Yes
CUST-03897,Male,0,Yes,No,8,Yes,Yes,Fiber optic,No,No,Yes,Yes,Yes,No,One year,No,Bank transfer (automatic),65.0,561.4,No
CUST-03898,Male,0,Yes,Yes,39,Yes,No,No,No internet service,No internet service,No internet service,No internet service,No internet service,No internet service,Month-to-month,Yes,Credit card (automatic),66.26,2707.17,No
CUST-03899,Male,0,Yes,No,6,No,No phone service,DSL,No,Yes,Yes,No,Yes,No,Month-to-month,Yes,Electronic check,79.64,455.53,No
CUST-03900,Male,0,Yes,No,29,Yes,No,Fiber optic,Yes,Yes,Yes,Yes,No,Yes,Month-to-month,Yes,Bank transfer (automatic),115.51,3281.17,Yes
CUST-03901,Female,0,Yes,No,65,Yes,No,Fiber optic,No,Yes,Yes,Yes,Yes,No,One year,Yes,Electronic check,73.86,4370.69,No
CUST-03902,Male,0,No,No,29,Yes,No,Fiber optic,Yes,Yes,No,No,Yes,Yes,One year,Yes,Credit card (automatic),25.39,663.6,No
CUST-03903,Female,0,Yes,No,67,No,No phone service,No,No internet service,No internet service,No internet service,No internet service,No internet service,No internet service,Month-to-month,No,Mailed check,74.52,4918.08,Yes
CUST-03904,Male,0,Yes,Yes,57,Yes,Yes,Fiber optic,Yes,No,Yes,No,Yes,Yes,One year,Yes,Mailed check,59.9,3569.95,No
CUST-03905,Male,0,No,Yes,54,Yes,Yes,Fiber optic,Yes,No,No,Yes,Yes,No,Month-to-month,No,Mailed check,94.09,5447.5,No
CUST-03906,Female,0,No,No,13,Yes,Yes,Fiber optic,Yes,No,No,Yes,Yes,Yes,Month-to-month,Yes,Electronic check,48.33,619.68,No
CUST-03907,Male,0,Yes,Yes,36,Yes,No,No,No internet service,No internet service,No internet service,No internet service,No internet service,No internet service,Two year,Yes,Bank transfer (automatic),110.45,3721.93,No
CUST-03908,Male,1,Yes,No,43,Yes,No,No,No internet service,No internet service,No internet service,No internet service,No internet service,No internet service,Month-to-month,No,Mailed check,98.01,4013.3,No
CUST-03909,Male,0,Yes,No,5,No,No phone service,No,No internet service,No internet service,No internet service,No internet service,No internet service,No internet service,One year,Yes,Bank transfer (automatic),50.66,250.54,No
CUST-03910,Male,0,No,No,25,Yes,Yes,DSL,No,No,Yes,Yes,No,No,One year,Yes,Mailed check,53.2,1369.79,No
CUST-03911,Female,0,Yes,No,13,Yes,Yes,Fiber optic,No,No,No,Yes,No,No,Month-to-month,No,Electronic check,69.78,914.91,No
CUST-03912,Female,0,No,No,7,No,No phone service,Fiber optic,No,No,No,Yes,No,Yes,Month-to-month,No,Electronic check,27.96,209.05,No
CUST-03913,Male,0,Yes,No,23,Yes,No,Fiber optic,No,No,No,Yes,Yes,Yes,Month-to-month,No,Electronic check,87.01,1808.52,Yes
CUST-03914,Male,1,Yes,No,38,Yes,Yes,DSL,Yes,Yes,Yes,Yes,Yes,Yes,Month-to-month,No,Mailed check,78.91,3293.72,No
CUST-03915,Male,0,No,No,48,Yes,Yes,No,No internet service,No internet service,No internet service,No internet service,No internet service,No internet service,Month-to-month,No,Bank transfer (automatic),49.87,2599.24,Yes
CUST-03916,Female,1,Yes,No,62,Yes,Yes,Fiber optic,No,Yes,No,No,No,No,Month-to-month,No,Electronic check,81.8,4716.22,No
CUST-03917,Female,0,Yes,No,25,Yes,No,Fiber optic,Yes,Yes,No,No,No,Yes,Month-to-month,No,Bank transfer (automatic),27.82,632.65,No
CUST-03918,Female,0,Yes,No,9,No,No phone service,Fiber optic,No,Yes,Yes,Yes,Yes,No,Month-to-month,Yes,Bank transfer (automatic),113.21,1042.87,Yes
CUST-03919,Female,1,No,No,57,Yes,No,Fiber optic,Yes,Yes,Yes,No,No,No,One year,Yes,Mailed check,24.7,1470.24,No
CUST-03920,Male,0,Yes,Yes,13,Yes,No,No,No internet service,No internet service,No internet service,No internet service,No internet service,No internet service,One year,Yes,Bank transfer (automatic),50.88,658.17,No
CUST-03921,Male,0,Yes,No,70,Yes,No,Fiber optic,Yes,No,Yes,Yes,Yes,Yes,Two year,No,Electronic check,115.05,7696.35,No
CUST-03922,Male,0,No,No,38,Yes,Yes,Fiber optic,No,Yes,No,Yes,No,Yes,Month-to-month,Yes,Credit card (automatic),57.84,2259.09,No
CUST-03923,Female,1,No,No,30,Yes,Yes,DSL,No,No,No,Yes,No,Yes,Month-to-month,Yes,Credit card (automatic),106.56,3283.65,Yes
CUST-03924,Male,0,Yes,Yes,49,Yes,No,Fiber optic,Yes,No,No,No,Yes,Yes,One year,No,Electronic check,33.09,1507.37,No
CUST-03925,Female,1,Yes,No,15,Yes,Yes,DSL,No,Yes,Yes,Yes,Yes,No,Two year,No,Bank transfer (automatic),24.67,392.21,No
CUST-03926,Female,0,No,No,71,Yes,No,DSL,Yes,Yes,Yes,No,Yes,No,Month-to-month,Yes,Credit card (automatic),28.82,2148.33,No
CUST-03927,Male,0,Yes,No,50,Yes,Yes,Fiber optic,Yes,No,Yes,Yes,No,Yes,Month-to-month,No,Credit card (automatic),115.21,5282.18,No
CUST-03928,Male,0,Yes,No,14,Yes,Yes,DSL,Yes,No,No,Yes,No,Yes,Month-to-month,Yes,Electronic check,26.88,373.49,No
CUST-03929,Male,0,No,Yes,37,Yes,Yes,No,No internet service,No internet service,No internet service,No internet service,No internet service,No internet service,Month-to-month,No,Credit card (automatic),83.17,3011.69,No
CUST-03930,Female,1,Yes,No,70,Yes,No,Fiber optic,No,No,No,Yes,No,No,Month-to-month,Yes,Mailed check,62.06,4311.59,Yes
CUST-03931,Female,0,Yes,No,71,Yes,Yes,Fiber optic,No,Yes,No,Yes,Yes,No,Month-to-month,No,Electronic check,104.08,7332.47,No
CUST-03932,Male,0,No,No,20,Yes,No,DSL,No,No,No,No,Yes,Yes,One year,Yes,Bank transfer (automatic),47.43,953.16,No
CUST-03933,Male,0,Yes,No,15,Yes,Yes,DSL,No,No,No,No,No,Yes,Month-to-month,Yes,Credit card (automatic),20.89,299.39,Yes
CUST-03934,Female,0,Yes,Yes,66,Yes,Yes,Fiber optic,No,Yes,No,No,Yes,No,Two year,No,Bank transfer (automatic),92.86,6091.54,No
CUST-03935,Male,0,Yes,No,64,Yes,Yes,No,No internet service,No internet service,No internet service,No internet service,No internet service,No internet service,One year,Yes,Bank transfer (automatic),76.88,4526.2,No
CUST-03936,Female,1,No,Yes,12,Yes,Yes,DSL,Yes,Yes,Yes,No,Yes,Yes,One year,Yes,Bank transfer (automatic),61.45,689.72,No
CUST-03937,Female,1,Yes,No,63,Yes,Yes,Fiber optic,No,Yes,No,No,Yes,Yes,One year,No,Mailed check,50.3,2907.8,No
CUST-03938,Male,0,No,No,60,No,No phone service,DSL,No,No,No,Yes,No,Yes,Month-to-month,Yes,Credit card (automatic),107.94,6069.91,No
CUST-03939,Male,1,No,No,31,Yes,No,No,No internet service,No internet service,No internet service,No internet service,No internet service,No internet service,Month-to-month,No,Credit card (automatic),30.18,842.83,No
CUST-03940,Male,1,Yes,No,11,Yes,No,Fiber optic,No,Yes,Yes,Yes,No,No,Two year,Yes,Credit card (automatic),32.14,320.86,No
CUST-03941,Male,0,No,No,40,Yes,No,DSL,No,No,Yes,No,No,Yes,Two year,Yes,Bank transfer (automatic),19.48,825.43,No
CUST-03942,Female,0,Yes,No,65,Yes,No,Fiber optic,Yes,No,No,No,No,Yes,One year,Yes,Electronic check,25.26,1543.1,No
CUST-03943,Female,1,Yes,No,7,Yes,No,No,No internet service,No internet service,No internet service,No internet service,No internet service,No internet service,Month-to-month,Yes,Credit card (automatic),103.73,729.01,No
CUST-03944,Female,0,Yes,No,58,Yes,No,Fiber optic,Yes,No,No,No,Yes,Yes,Month-to-month,Yes,Credit card (automatic),97.36,5500.48,No
CUST-03945,Male,1,No,No,24,Yes,Yes,DSL,Yes,Yes,Yes,Yes,Yes,Yes,Month-to-month,No,Mailed check,28.24,654.58,Yes
CUST-03946,Female,0,Yes,No,4,Yes,Yes,DSL,Yes,Yes,Yes,Yes,No,No,Month-to-month,Yes,Electronic check,95.98,411.34,No
CUST-03947,Male,0,Yes,No,44,Yes,Yes,No,No internet service,No internet service,No internet service,No internet service,No internet service,No internet service,Two year,Yes,Credit card (automatic),82.1,3602.45,No
CUST-03948,Male,0,Yes,Yes,1,Yes,No,Fiber optic,No,No,Yes,No,No,Yes,Month-to-month,Yes,Bank transfer (automatic),56.75,56.94,Yes
CUST-03949,Male,0,No,No,41,Yes,No,Fiber optic,No,Yes,No,No,Yes,Yes,Month-to-month,Yes,Mailed check,26.42,1074.36,No
CUST-03950,Male,0,No,No,37,Yes,Yes,DSL,No,No,No,Yes,Yes,Yes,Month-to-month,Yes,Mailed check,78.24,2761.1,No
CUST-03951,Male,0,Yes,No,2,Yes,Yes,No,No internet service,No internet service,No internet service,No internet service,No internet service,No internet service,One year,Yes,Electronic check,101.97,211.41,No
CUST-03952,Male,0,Yes,No,45,Yes,Yes,Fiber optic,No,No,Yes,No,No,Yes,Two year,No,Credit card (automatic),60.07,2458.34,No
CUST-03953,Female,0,Yes,No,21,Yes,Yes,DSL,No,Yes,No,Yes,Yes,Yes,Month-to-month,Yes,Credit card (automatic),60.44,1213.77,No
CUST-03954,Male,0,Yes,No,32,Yes,No,DSL,No,No,No,Yes,No,No,Two year,Yes,Credit card (automatic),100.67,3325.5,No
CUST-03955,Female,1,No,No,31,Yes,Yes,No,No internet service,No internet service,No internet service,No internet service,No internet service,No internet service,Two year,No,Electronic check,39.06,1097.87,No
CUST-03956,Female,0,No,No,16,Yes,No,Fiber optic,Yes,Yes,No,No,Yes,Yes,Two year,Yes,Bank transfer (automatic),35.25,510.5,Yes
CUST-03957,Male,0,No,No,55,Yes,No,DSL,Yes,No,Yes,No,No,Yes,Month-to-month,Yes,Mailed check,87.56,4693.25,No
CUST-03958,Male,0,No,Yes,2,Yes,Yes,Fiber optic,Yes,Yes,Yes,Yes,No,No,Month-to-month,Yes,Credit card (automatic),83.65,158.97,Yes
CUST-03959,Male,0,No,No,69,Yes,No,Fiber optic,No,Yes,No,No,No,Yes,One year,Yes,Credit card (automatic),109.21,7838.36,No
CUST-03960,Female,0,No,No,48,Yes,No,No,No internet service,No internet service,No internet service,No internet service,No internet service,No internet service,Month-to-month,Yes,Credit card (automatic),51.43,2595.01,No
CUST-03961,Male,0,No,No,54,No,No phone service,DSL,Yes,Yes,No,No,No,Yes,One year,No,Bank transfer (automatic),38.2,1871.47,No
CUST-03962,Female,0,Yes,Yes,30,Yes,No,Fiber optic,No,Yes,No,Yes,Yes,Yes,Month-to-month,No,Mailed check,60.88,1803.17,No
CUST-03963,Male,0,Yes,Yes,20,Yes,No,DSL,Yes,No,No,No,Yes,Yes,Month-to-month,Yes,Credit card (automatic),56.38,1227.55,No
CUST-03964,Male,0,Yes,No,15,Yes,Yes,DSL,Yes,Yes,No,Yes,No,No,One year,Yes,Electronic check,111.81,1614.41,No
CUST-03965,Female,1,Yes,Yes,16,Yes,Yes,DSL,No,No,No,No,No,Yes,Month-to-month,Yes,Credit card (automatic),109.76,1649.72,Yes
CUST-03966,Female,0,Yes,No,0,Yes,Yes,DSL,Yes,Yes,Yes,Yes,Yes,Yes,Two year,Yes,Bank transfer (automatic),60.81,0.0,No
CUST-03967,Male,1,Yes,No,71,Yes,Yes,DSL,No,No,Yes,Yes,Yes,Yes,One year,No,Credit card (automatic),59.25,4165.45,No
CUST-03968,Female,1,No,No,64,Yes,Yes,No,No internet service,No internet service,No internet service,No internet service,No internet service,No internet service,Month-to-month,No,Mailed check,62.5,3775.61,No
CUST-03969,Female,1,Yes,Yes,65,Yes,No,No,No internet service,No internet service,No internet service,No internet service,No internet service,No internet service,Month-to-month,No,Electronic check,91.09,5597.3,No
CUST-03970,Female,1,No,No,36,Yes,Yes,DSL,No,Yes,No,Yes,Yes,No,Two year,No,Electronic check,73.01,2726.51,No
CUST-03971,Female,0,Yes,No,23,Yes,Yes,Fiber optic,No,No,Yes,No,No,Yes,One year,No,Bank transfer (automatic),46.79,1038.06,No
CUST-03972,Female,0,No,No,61,No,No phone service,Fiber optic,Yes,No,No,Yes,No,Yes,One year,Yes,Bank transfer (automatic),94.87,6349.61,No
CUST-03973,Male,0,No,No,20,Yes,No,DSL,No,No,No,Yes,Yes,No,Two year,Yes,Mailed check,108.38,2076.47,No
CUST-03974,Male,0,Yes,No,36,Yes,No,DSL,No,No,No,Yes,No,No,Month-to-month,Yes,Credit card (automatic),89.78,3263.04,Yes
CUST-03975,Female,0,Yes,Yes,34,Yes,Yes,Fiber optic,Yes,Yes,Yes,Yes,Yes,Yes,Month-to-month,Yes,Bank transfer (automatic),37.47,1165.21,Yes
CUST-03976,Male,0,Yes,No,37,No,No phone service,Fiber optic,No,Yes,Yes,No,Yes,No,Month-to-month,No,Electronic check,97.18,3623.58,No
CUST-03977,Male,1,Yes,No,52,No,No phone service,Fiber optic,No,Yes,Yes,Yes,No,Yes,Month-to-month,No,Bank transfer (automatic),116.9,6030.91,Yes
CUST-03978,Female,1,Yes,No,14,Yes,No,Fiber optic,No,Yes,No,No,Yes,Yes,Two year,No,Credit card (automatic),86.52,1174.78,No
CUST-03979,Male,0,No,No,41,Yes,Yes,DSL,No,No,Yes,Yes,No,Yes,Two year,Yes,Credit card (automatic),42.39,1713.53,No
CUST-03980,Female,0,Yes,No,3,Yes,No,Fiber optic,Yes,Yes,No,Yes,Yes,Yes,Month-to-month,No,Credit card (automatic),18.55,52.07,No
CUST-03981,Female,1,No,Yes,38,Yes,No,DSL,No,No,No,Yes,No,Yes,Month-to-month,No,Credit card (automatic),56.54,2286.12,No
CUST-03982,Male,0,No,No,22,Yes,No,DSL,No,Yes,No,No,Yes,Yes,Two year,No,Bank transfer (automatic),65.03,1551.35,No
CUST-03983,Female,0,No,No,14,Yes,No,Fiber optic,No,Yes,Yes,No,Yes,No,Two year,Yes,Credit card (automatic),108.97,1628.56,No
CUST-03984,Female,0,Yes,No,11,Yes,No,Fiber optic,Yes,Yes,Yes,Yes,No,No,Month-to-month,Yes,Credit card (automatic),79.97,933.31,Yes
CUST-03985,Female,0,Yes,No,69,Yes,No,Fiber optic,Yes,No,Yes,Yes,Yes,No,Two year,Yes,Mailed check,46.16,3215.86,No
CUST-03986,Female,0,Yes,No,53,Yes,Yes,DSL,No,Yes,Yes,Yes,No,Yes,Month-to-month,Yes,Mailed check,87.17,4466.3,No
CUST-03987,Female,1,Yes,No,37,Yes,No,Fiber optic,No,Yes,Yes,Yes,Yes,No,Month-to-month,No,Electronic check,27.22,941.06,No
CUST-03988,Male,0,Yes,No,27,Yes,Yes,No,No internet service,No internet service,No internet service,No internet service,No internet service,No internet service,Two year,No,Credit card (automatic),39.34,1130.11,No
CUST-03989,Male,0,Yes,Yes,18,No,No phone service,No,No internet service,No internet service,No internet service,No internet service,No internet service,No internet service,Month-to-month,Yes,Electronic check,92.45,1512.15,No
CUST-03990,Female,0,No,No,68,Yes,No,DSL,Yes,No,No,Yes,No,No,Month-to-month,Yes,Bank transfer (automatic),47.72,3037.94,No
CUST-03991,Female,0,Yes,No,63,No,No phone service,DSL,No,No,Yes,No,Yes,No,Two year,Yes,Mailed check,21.11,1303.79,No
CUST-03992,Male,1,No,No,3,Yes,No,No,No internet service,No internet service,No internet service,No internet service,No internet service,No internet service,Month-to-month,Yes,Mailed check,67.68,190.64,No
CUST-03993,Female,0,No,Yes,9,Yes,No,Fiber optic,No,No,No,Yes,Yes,Yes,One year,Yes,Credit card (automatic),83.81,766.81,No
CUST-03994,Male,0,Yes,No,11,Yes,No,DSL,No,No,No,No,No,No,Two year,Yes,Electronic check,96.9,1113.69,Yes
CUST-03995,Female,0,Yes,No,68,Yes,No,Fiber optic,Yes,No,Yes,Yes,No,Yes,Two year,Yes,Mailed check,48.6,3575.19,No
CUST-03996,Female,0,Yes,No,6,Yes,Yes,DSL,No,Yes,Yes,Yes,Yes,Yes,Month-to-month,Yes,Bank transfer (automatic),60.46,341.75,Yes
CUST-03997,Female,0,Yes,No,43,Yes,No,Fiber optic,Yes,Yes,Yes,No,No,No,Month-to-month,No,Mailed check,73.66,3027.77,Yes
CUST-03998,Female,0,Yes,No,22,No,No phone service,DSL,No,No,No,No,Yes,Yes,Month-to-month,No,Electronic check,25.47,584.63,No
CUST-03999,Female,0,Yes,No,1,Yes,No,No,No internet service,No internet service,No internet service,No internet service,No internet service,No internet service,Month-to-month,Yes,Mailed check,37.76,35.62,No
CUST-04000,Female,0,No,No,36,Yes,No,Fiber optic,Yes,Yes,No,Yes,No,No,Two year,No,Mailed check,54.93,1931.53,No
CUST-04001,Female,0,No,No,68,Yes,Yes,Fiber optic,Yes,Yes,Yes,Yes,No,No,Month-to-month,No,Electronic check,44.72,3195.11,Yes
CUST-04002,Male,1,No,Yes,19,Yes,Yes,Fiber optic,Yes,No,No,No,No,No,Month-to-month,No,Bank transfer (automatic),64.58,1196.55,No
CUST-04003,Male,1,No,No,43,Yes,No,Fiber optic,No,No,Yes,No,Yes,Yes,One year,No,Credit card (automatic),83.07,3319.34,No
CUST-04004,Male,0,No,Yes,69,Yes,Yes,No,No internet service,No internet service,No internet service,No internet service,No internet service,No internet service,Month-to-month,No,Bank transfer (automatic),71.97,4736.96,Yes
CUST-04005,Female,0,No,No,50,Yes,No,DSL,No,Yes,No,No,No,No,Two year,No,Electronic check,95.42,4371.06,No
CUST-04006,Female,0,Yes,No,30,Yes,Yes,Fiber optic,No,Yes,No,No,No,No,One year,Yes,Credit card (automatic),80.64,2503.47,No
CUST-04007,Female,1,Yes,Yes,40,Yes,Yes,DSL,No,No,Yes,Yes,No,No,Month-to-month,Yes,Mailed check,47.19,1716.14,No
CUST-04008,Female,0,Yes,No,57,Yes,Yes,Fiber optic,No,No,Yes,Yes,Yes,Yes,Month-to-month,No,Mailed check,30.0,1735.33,No
CUST-04009,Female,0,No,No,4,Yes,Yes,Fiber optic,Yes,No,No,Yes,No,No,Two year,Yes,Electronic check,81.97,357.39,No
CUST-04010,Female,0,No,No,32,Yes,Yes,DSL,No,Yes,Yes,Yes,Yes,No,Two year,Yes,Bank transfer (automatic),39.2,1344.69,No
CUST-04011,Female,0,No,Yes,42,No,No phone service,Fiber optic,Yes,Yes,Yes,Yes,Yes,Yes,Two year,Yes,Bank transfer (automatic),49.87,1915.64,No
CUST-04012,Male,0,Yes,No,18,Yes,Yes,Fiber optic,No,No,Yes,No,No,Yes,Month-to-month,No,Bank transfer (automatic),97.52,1830.66,No
CUST-04013,Female,0,Yes,Yes,31,Yes,Yes,DSL,Yes,Yes,Yes,Yes,No,No,Two year,Yes,Credit card (automatic),39.99,1286.82,No
CUST-04014,Male,0,Yes,Yes,2,No,No phone service,DSL,Yes,Yes,No,No,No,Yes,Month-to-month,No,Bank transfer (automatic),71.78,137.77,Yes
CUST-04015,Male,0,No,Yes,0,Yes,No,DSL,No,Yes,No,Yes,No,No,One year,Yes,Bank transfer (automatic),27.48,0.0,No
CUST-04016,Female,0,No,No,40,Yes,No,Fiber optic,Yes,Yes,No,Yes,No,No,Month-to-month,Yes,Bank transfer (automatic),59.65,2554.96,No
CUST-04017,Female,0,No,Yes,47,Yes,Yes,Fiber optic,No,No,No,Yes,Yes,Yes,One year,No,Credit card (automatic),116.03,5512.64,No
CUST-04018,Male,0,Yes,Yes,38,Yes,No,No,No internet service,No internet service,No internet service,No internet service,No internet service,No internet service,Month-to-month,No,Bank transfer (automatic),113.44,4481.78,No
CUST-04019,Male,0,No,No,4,Yes,No,DSL,Yes,No,No,Yes,No,No,Month-to-month,No,Credit card (automatic),112.66,446.84,Yes
CUST-04020,Female,1,Yes,No,10,Yes,No,Fiber optic,Yes,No,No,No,No,Yes,Month-to-month,Yes,Credit card (automatic),77.52,732.15,Yes
CUST-04021,Female,0,Yes,Yes,21,Yes,Yes,Fiber optic,Yes,No,Yes,Yes,Yes,Yes,Two year,Yes,Electronic check,47.47,949.09,No
CUST-04022,Male,0,Yes,No,63,Yes,Yes,Fiber optic,Yes,Yes,No,No,No,No,Month-to-month,No,Mailed check,53.5,3393.98,Yes
CUST-04023,Female,0,Yes,No,11,Yes,No,Fiber optic,Yes,Yes,No,Yes,Yes,Yes,Two year,Yes,Bank transfer (automatic),38.6,402.06,No
CUST-04024,Female,1,Yes,Yes,52,Yes,No,DSL,Yes,No,No,No,Yes,Yes,One year,Yes,Mailed check,27.76,1414.27,No
CUST-04025,Female,0,Yes,No,54,Yes,Yes,DSL,No,No,Yes,Yes,Yes,No,Month-to-month,No,Credit card (automatic),34.89,1723.69,Yes
CUST-04026,Male,0,Yes,Yes,52,Yes,Yes,No,No internet service,No internet service,No internet service,No internet service,No internet service,No internet service,Month-to-month,Yes,Credit card (automatic),64.73,3699.53,No
CUST-04027,Male,1,No,Yes,20,Yes,No,DSL,No,No,No,Yes,Yes,Yes,Two year,No,Electronic check,20.7,423.66,No
CUST-04028,Male,0,Yes,No,18,Yes,Yes,Fiber optic,No,Yes,No,Yes,Yes,Yes,Month-to-month,Yes,Credit card (automatic),111.92,1871.95,No
CUST-04029,Female,0,No,Yes,68,Yes,No,DSL,Yes,Yes,Yes,Yes,No,No,Month-to-month,No,Electronic check,74.16,4669.82,No
CUST-04030,Female,0,Yes,Yes,71,Yes,Yes,Fiber optic,Yes,Yes,Yes,No,No,No,Month-to-month,Yes,Mailed check,35.35,2501.46,Yes
CUST-04031,Male,0,Yes,No,65,Yes,Yes,Fiber optic,No,Yes,No,Yes,Yes,Yes,Month-to-month,Yes,Credit card (automatic),59.63,3507.55,No
CUST-04032,Male,1,Yes,No,58,Yes,Yes,DSL,No,No,No,Yes,No,No,Month-to-month,Yes,Electronic check,55.63,3169.78,No
CUST-04033,Male,0,No,No,48,Yes,Yes,DSL,Yes,Yes,No,Yes,No,Yes,Month-to-month,No,Credit card (automatic),101.53,5307.09,No
CUST-04034,Female,0,Yes,No,58,Yes,No,DSL,No,No,No,Yes,No,No,One year,Yes,Electronic check,30.05,1855.62,No
CUST-04035,Male,0,Yes,No,22,Yes,Yes,No,No internet service,No internet service,No internet service,No internet service,No internet service,No internet service,Two year,No,Electronic check,60.99,1457.16,No
CUST-04036,Male,0,No,No,2,Yes,Yes,No,No internet service,No internet service,No internet service,No internet service,No internet service,No internet service,Two year,Yes,Mailed check,89.13,164.4,No
CUST-04037,Female,0,No,No,55,Yes,Yes,No,No internet service,No internet service,No internet service,No internet service,No internet service,No internet service,Two year,Yes,Bank transfer (automatic),55.32,2963.99,No
CUST-04038,Female,0,No,No,57,Yes,Yes,DSL,No,No,Yes,Yes,Yes,No,Month-to-month,Yes,Mailed check,53.76,3098.03,No
CUST-04039,Female,0,No,No,61,Yes,Yes,DSL,No,No,No,No,No,Yes,Month-to-month,No,Credit card (automatic),52.04,3314.29,No
CUST-04040,Male,0,Yes,Yes,17,Yes,No,DSL,No,Yes,Yes,Yes,Yes,Yes,Month-to-month,Yes,Bank transfer (automatic),94.2,1566.96,Yes
CUST-04041,Female,0,Yes,No,60,Yes,No,DSL,Yes,No,Yes,No,No,Yes,One year,No,Credit card (automatic),29.93,1730.77,No
CUST-04042,Female,0,No,No,36,Yes,Yes,Fiber optic,No,No,Yes,No,No,Yes,Two year,No,Mailed check,103.67,3586.62,Yes
CUST-04043,Male,0,Yes,No,53,No,No phone service,No,No internet service,No internet service,No internet service,No internet service,No internet service,No internet service,One year,Yes,Credit card (automatic),25.09,1406.75,No
CUST-04044,Female,0,No,No,64,Yes,Yes,DSL,Yes,No,Yes,Yes,Yes,No,Month-to-month,Yes,Bank transfer (automatic),49.9,3118.12,No
CUST-04045,Male,0,No,No,13,Yes,No,DSL,Yes,No,Yes,No,Yes,Yes,Two year,Yes,Electronic check,56.9,668.14,No
CUST-04046,Male,0,No,No,4,Yes,Yes,Fiber optic,No,Yes,No,Yes,No,Yes,Month-to-month,No,Electronic check,57.36,241.84,Yes
CUST-04047,Female,0,Yes,No,61,Yes,Yes,No,No internet service,No internet service,No internet service,No internet service,No internet service,No internet service,Month-to-month,No,Credit card (automatic),36.77,2091.05,No
CUST-04048,Female,0,No,No,0,Yes,No,Fiber optic,Yes,No,No,No,No,Yes,Month-to-month,Yes,Mailed check,78.32,0.0,No
CUST-04049,Female,0,Yes,No,62,Yes,Yes,No,No internet service,No internet service,No internet service,No internet service,No internet service,No internet service,Month-to-month,Yes,Bank transfer (automatic),63.36,3558.64,Yes
CUST-04050,Female,1,Yes,No,66,Yes,Yes,Fiber optic,No,No,No,No,No,Yes,Month-to-month,Yes,Credit card (automatic),74.76,4822.63,No
CUST-04051,Female,0,Yes,No,19,Yes,Yes,Fiber optic,Yes,Yes,No,Yes,Yes,Yes,One year,No,Electronic check,79.49,1497.0,No
CUST-04052,Female,0,No,No,42,Yes,Yes,DSL,No,No,No,Yes,No,No,One year,Yes,Credit card (automatic),37.13,1707.01,No
CUST-04053,Male,0,Yes,Yes,41,No,No phone service,No,No internet service,No internet service,No internet service,No internet service,No internet service,No internet service,Month-to-month,Yes,Electronic check,110.03,4139.66,No
CUST-04054,Male,0,No,No,68,Yes,No,Fiber optic,No,Yes,No,No,No,No,Month-to-month,Yes,Credit card (automatic),101.01,7214.2,No
CUST-04055,Female,0,Yes,No,38,Yes,No,Fiber optic,Yes,Yes,No,No,No,Yes,Two year,No,Mailed check,100.84,4188.1,No
CUST-04056,Male,1,Yes,No,61,Yes,No,Fiber optic,Yes,Yes,Yes,Yes,No,Yes,Two year,No,Mailed check,71.17,4147.67,No
CUST-04057,Female,0,Yes,No,47,Yes,No,DSL,No,No,No,No,No,Yes,Month-to-month,Yes,Electronic check,100.01,4442.56,No
CUST-04058,Male,0,No,No,5,Yes,Yes,DSL,No,Yes,Yes,No,No,Yes,Month-to-month,Yes,Mailed check,80.75,440.25,No
CUST-04059,Male,0,No,Yes,41,Yes,Yes,DSL,No,No,Yes,Yes,No,Yes,Month-to-month,Yes,Credit card (automatic),63.06,2580.06,No
CUST-04060,Male,0,No,No,57,Yes,No,No,No internet service,No internet service,No internet service,No internet service,No internet service,No internet service,Two year,No,Electronic check,93.25,5658.18,No
CUST-04061,Female,0,No,No,42,Yes,Yes,No,No internet service,No internet service,No internet service,No internet service,No internet service,No internet service,Month-to-month,Yes,Electronic check,77.99,3468.6,No
CUST-04062,Male,0,Yes,No,9,Yes,No,No,No internet service,No internet service,No internet service,No internet service,No internet service,No internet service,Two year,No,Electronic check,18.2,158.1,No
CUST-04063,Female,0,Yes,No,38,Yes,Yes,Fiber optic,No,Yes,No,Yes,No,No,Month-to-month,Yes,Mailed check,117.7,4193.04,No
CUST-04064,Male,0,No,No,12,Yes,Yes,Fiber optic,No,Yes,Yes,Yes,No,Yes,Month-to-month,Yes,Mailed check,60.99,761.58,No
CUST-04065,Male,0,No,No,38,Yes,No,DSL,Yes,Yes,No,Yes,No,No,Month-to-month,Yes,Bank transfer (automatic),75.17,2857.2,No
CUST-04066,Male,0,No,No,10,Yes,No,DSL,No,Yes,Yes,No,No,No,Month-to-month,Yes,Credit card (automatic),58.59,584.79,No
CUST-04067,Male,0,No,No,15,Yes,No,No,No internet service,No internet service,No internet service,No internet service,No internet service,No internet service,One year,Yes,Bank transfer (automatic),28.03,424.34,No
CUST-04068,Male,0,Yes,Yes,32,Yes,No,DSL,No,Yes,No,No,No,No,Month-to-month,Yes,Electronic check,101.4,2936.97,Yes
CUST-04069,Female,0,No,No,59,Yes,No,Fiber optic,Yes,No,No,Yes,No,No,One year,No,Credit card (automatic),86.26,4585.56,No
CUST-04070,Female,1,No,No,58,Yes,No,Fiber optic,No,No,Yes,Yes,Yes,No,Month-to-month,No,Mailed check,100.85,5631.84,No
CUST-04071,Male,0,Yes,No,50,Yes,No,Fiber optic,Yes,Yes,No,No,No,No,Month-to-month,Yes,Bank transfer (automatic),66.39,3202.44,Yes
CUST-04072,Male,1,No,Yes,14,Yes,Yes,No,No internet service,No internet service,No internet service,No internet service,No internet service,No internet service,Month-to-month,Yes,Bank transfer (automatic),97.17,1419.89,Yes
CUST-04073,Male,1,Yes,No,42,Yes,No,DSL,Yes,Yes,No,No,Yes,Yes,Month-to-month,Yes,Electronic check,97.77,3963.17,Yes
CUST-04074,Male,1,No,No,26,No,No phone service,No,No internet service,No internet service,No internet service,No internet service,No internet service,No internet service,Month-to-month,Yes,Credit card (automatic),51.63,1304.67,No
CUST-04075,Female,0,Yes,No,55,Yes,No,Fiber optic,Yes,Yes,No,Yes,Yes,No,Month-to-month,Yes,Credit card (automatic),18.41,1022.58,Yes
CUST-04076,Male,0,No,No,59,Yes,Yes,No,No internet service,No internet service,No internet service,No internet service,No internet service,No internet service,Two year,Yes,Electronic check,103.98,6247.22,No
CUST-04077,Female,0,No,No,69,Yes,Yes,No,No internet service,No internet service,No internet service,No internet service,No internet service,No internet service,Month-to-month,No,Mailed check,36.46,2431.86,No
CUST-04078,Male,0,No,No,46,No,No phone service,DSL,Yes,Yes,Yes,Yes,Yes,No,Two year,Yes,Credit card (automatic),104.87,4880.08,No
CUST-04079,Female,0,No,No,7,Yes,No,DSL,No,No,No,Yes,No,Yes,Two year,Yes,Bank transfer (automatic),79.83,571.98,No
CUST-04080,Male,0,No,No,62,Yes,Yes,No,No internet service,No internet service,No internet service,No internet service,No internet service,No internet service,Month-to-month,No,Electronic check,81.47,4809.94,No
CUST-04081,Male,0,Yes,No,6,Yes,No,DSL,Yes,Yes,Yes,Yes,Yes,Yes,One year,No,Bank transfer (automatic),42.72,242.77,No
CUST-04082,Female,0,No,No,1,No,No phone service,Fiber optic,No,Yes,No,No,Yes,Yes,One year,No,Mailed check,58.26,62.81,No
CUST-04083,Male,1,Yes,Yes,16,Yes,Yes,Fiber optic,No,No,No,No,Yes,No,One year,No,Mailed check,49.21,810.58,Yes
CUST-04084,Male,1,Yes,Yes,3,No,No phone service,Fiber optic,No,No,No,Yes,Yes,Yes,Month-to-month,No,Credit card (automatic),37.03,106.89,Yes
CUST-04085,Male,1,Yes,No,25,Yes,Yes,Fiber optic,No,Yes,Yes,No,No,Yes,One year,Yes,Bank transfer (automatic),90.45,2284.21,No
CUST-04086,Female,0,Yes,No,71,No,No phone service,Fiber optic,No,No,Yes,No,Yes,Yes,Month-to-month,No,Mailed check,27.58,2039.41,Yes
CUST-04087,Male,1,No,Yes,68,Yes,Yes,Fiber optic,No,Yes,No,No,No,No,Two year,Yes,Electronic check,69.2,4256.34,No
CUST-04088,Male,0,No,Yes,4,Yes,Yes,Fiber optic,No,No,No,Yes,Yes,Yes,One year,Yes,Mailed check,71.6,310.45,Yes
CUST-04089,Female,0,No,No,4,Yes,No,No,No internet service,No internet service,No internet service,No internet service,No internet service,No internet service,Month-to-month,Yes,Mailed check,113.54,473.89,Yes
CUST-04090,Female,0,No,No,68,Yes,Yes,Fiber optic,No,No,No,Yes,Yes,No,Month-to-month,Yes,Credit card (automatic),104.94,6982.15,No
CUST-04091,Female,1,Yes,Yes,2,Yes,Yes,DSL,Yes,Yes,Yes,No,No,No,Month-to-month,Yes,Electronic check,67.17,145.95,Yes
CUST-04092,Male,1,Yes,No,37,Yes,No,Fiber optic,No,No,Yes,Yes,No,No,Month-to-month,No,Mailed check,102.42,3452.91,Yes
CUST-04093,Male,0,Yes,No,0,Yes,No,No,No internet service,No internet service,No internet service,No internet service,No internet service,No internet service,Two year,No,Bank transfer (automatic),97.06,0.0,No
CUST-04094,Male,0,No,No,7,No,No phone service,DSL,No,No,Yes,No,Yes,Yes,Month-to-month,No,Electronic check,20.79,146.3,Yes
CUST-04095,Female,0,No,No,12,Yes,Yes,Fiber optic,No,No,Yes,No,No,Yes,Two year,No,Electronic check,110.21,1366.11,Yes
CUST-04096,Male,0,No,Yes,69,Yes,Yes,Fiber optic,Yes,No,No,No,Yes,Yes,Month-to-month,Yes,Bank transfer (automatic),86.79,5954.24,Yes
CUST-04097,Male,1,No,Yes,49,Yes,Yes,No,No internet service,No internet service,No internet service,No internet service,No internet service,No internet service,One year,Yes,Bank transfer (automatic),85.2,3880.25,No
CUST-04098,Female,1,Yes,Yes,7,Yes,No,No,No internet service,No internet service,No internet service,No internet service,No internet service,No internet service,Month-to-month,No,Credit card (automatic),89.35,595.53,No
CUST-04099,Female,0,No,Yes,29,Yes,Yes,No,No internet service,No internet service,No internet service,No internet service,No internet service,No internet service,Two year,No,Electronic check,40.48,1165.24,No
CUST-04100,Female,0,No,Yes,39,Yes,No,DSL,Yes,Yes,Yes,No,Yes,Yes,Two year,No,Bank transfer (automatic),20.92,884.22,No
CUST-04101,Female,0,Yes,Yes,32,Yes,No,DSL,Yes,No,No,Yes,No,No,One year,Yes,Electronic check,41.18,1203.99,No
CUST-04102,Female,0,Yes,No,51,Yes,No,DSL,No,No,Yes,No,Yes,No,Month-to-month,No,Electronic check,97.46,4577.5,No
CUST-04103,Male,0,No,Yes,32,No,No phone service,DSL,Yes,No,No,No,Yes,No,Month-to-month,Yes,Electronic check,77.73,2314.59,No
CUST-04104,Female,0,No,No,36,Yes,Yes,DSL,Yes,No,No,Yes,No,Yes,Month-to-month,No,Electronic check,54.13,2000.17,No
CUST-04105,Male,0,Yes,No,69,Yes,No,Fiber optic,Yes,No,No,Yes,No,No,Month-to-month,Yes,Electronic check,42.15,2830.58,No
CUST-04106,Male,0,No,No,68,Yes,Yes,DSL,No,Yes,No,Yes,No,Yes,Month-to-month,Yes,Credit card (automatic),97.98,6195.25,Yes
CUST-04107,Female,0,Yes,Yes,3,Yes,No,Fiber optic,No,Yes,Yes,Yes,No,No,Month-to-month,No,Electronic check,63.79,176.9,Yes
CUST-04108,Female,0,Yes,Yes,59,Yes,No,No,No internet service,No internet service,No internet service,No internet service,No internet service,No internet service,Month-to-month,No,Electronic check,79.17,4833.73,Yes
CUST-04109,Female,0,No,No,30,Yes,Yes,Fiber optic,Yes,No,No,No,Yes,No,One year,Yes,Credit card (automatic),19.26,573.48,Yes
CUST-04110,Male,0,Yes,No,13,Yes,Yes,No,No internet service,No internet service,No internet service,No internet service,No internet service,No internet service,Month-to-month,Yes,Bank transfer (automatic),60.99,851.98,No
CUST-04111,Female,0,No,No,59,Yes,No,DSL,No,Yes,Yes,Yes,Yes,No,Month-to-month,Yes,Bank transfer (automatic),19.54,1130.73,No
CUST-04112,Female,1,No,No,67,Yes,No,DSL,Yes,No,Yes,Yes,No,No,Two year,No,Credit card (automatic),96.74,6683.47,No
CUST-04113,Female,0,No,No,25,Yes,No,DSL,Yes,Yes,No,Yes,No,Yes,Two year,No,Bank transfer (automatic),42.93,1136.75,No
CUST-04114,Female,1,No,No,23,Yes,Yes,No,No internet service,No internet service,No internet service,No internet service,No internet service,No internet service,One year,No,Electronic check,34.71,870.77,No
CUST-04115,Female,1,Yes,No,55,No,No phone service,Fiber optic,Yes,Yes,No,No,No,No,Two year,No,Bank transfer (automatic),110.64,6534.65,No
CUST-04116,Male,0,No,No,8,Yes,Yes,No,No internet service,No internet service,No internet service,No internet service,No internet service,No internet service,Month-to-month,No,Mailed check,19.8,167.12,No
CUST-04117,Male,0,No,No,34,Yes,No,DSL,Yes,Yes,Yes,Yes,Yes,Yes,Month-to-month,No,Bank transfer (automatic),37.78,1262.14,No
CUST-04118,Male,0,Yes,No,23,Yes,Yes,No,No internet service,No internet service,No internet service,No internet service,No internet service,No internet service,Month-to-month,No,Credit card (automatic),42.05,1060.54,No
CUST-04119,Female,1,No,Yes,30,Yes,No,DSL,No,Yes,Yes,No,Yes,Yes,Month-to-month,Yes,Bank transfer (automatic),100.28,2866.84,No
CUST-04120,Female,1,No,No,65,Yes,No,Fiber optic,No,Yes,No,Yes,No,No,Two year,Yes,Bank transfer (automatic),89.01,5972.29,No
CUST-04121,Female,0,No,No,65,Yes,Yes,No,No internet service,No internet service,No internet service,No internet service,No internet service,No internet service,Month-to-month,No,Credit card (automatic),114.74,6907.12,No
CUST-04122,Male,0,No,No,40,Yes,No,No,No internet service,No internet service,No internet service,No internet service,No internet service,No internet service,Month-to-month,Yes,Credit card (automatic),87.49,3573.74,No
CUST-04123,Female,0,Yes,No,35,Yes,No,No,No internet service,No internet service,No internet service,No internet service,No internet service,No internet service,Month-to-month,Yes,Electronic check,41.63,1512.39,Yes
CUST-04124,Female,0,Yes,No,33,Yes,No,DSL,Yes,No,Yes,Yes,No,No,Month-to-month,No,Credit card (automatic),34.68,1050.66,No
CUST-04125,Female,0,No,Yes,38,Yes,Yes,Fiber optic,Yes,Yes,Yes,Yes,Yes,No,One year,No,Mailed check,93.54,3408.75,No
CUST-04126,Male,0,Yes,Yes,22,Yes,No,No,No internet service,No internet service,No internet service,No internet service,No internet service,No internet service,Month-to-month,Yes,Mailed check,108.09,2445.29,No
CUST-04127,Female,0,Yes,Yes,43,Yes,No,Fiber optic,Yes,No,No,Yes,No,No,Month-to-month,Yes,Credit card (automatic),109.17,4790.2,No
CUST-04128,Male,0,Yes,No,69,Yes,Yes,Fiber optic,No,Yes,No,No,No,Yes,Two year,Yes,Mailed check,95.11,6783.37,No
CUST-04129,Female,0,Yes,No,57,Yes,No,DSL,Yes,Yes,No,No,Yes,No,One year,Yes,Electronic check,97.44,5136.91,No
CUST-04130,Male,0,No,No,58,Yes,Yes,DSL,No,No,Yes,Yes,Yes,Yes,Month-to-month,No,Credit card (automatic),84.24,4900.88,No
CUST-04131,Male,1,Yes,No,25,No,No phone service,Fiber optic,Yes,No,No,Yes,Yes,Yes,One year,No,Bank transfer (automatic),91.58,2485.3,Yes
CUST-04132,Male,0,No,Yes,21,Yes,No,Fiber optic,Yes,No,Yes,No,No,Yes,Month-to-month,No,Electronic check,29.6,678.01,No
CUST-04133,Female,0,No,Yes,39,Yes,No,DSL,No,Yes,No,Yes,No,No,Two year,Yes,Mailed check,50.92,1837.63,No
CUST-04134,Female,0,Yes,No,10,No,No phone service,DSL,No,Yes,No,Yes,Yes,No,Two year,Yes,Electronic check,63.81,688.43,No
CUST-04135,Male,0,No,No,8,Yes,No,Fiber optic,No,No,Yes,No,Yes,No,Month-to-month,Yes,Mailed check,84.43,685.77,Yes
CUST-04136,Male,0,Yes,No,11,Yes,No,Fiber optic,No,Yes,No,Yes,Yes,Yes,Month-to-month,No,Mailed check,59.77,690.73,Yes
CUST-04137,Female,0,No,No,25,Yes,No,DSL,No,Yes,No,No,Yes,No,Month-to-month,Yes,Mailed check,55.5,1290.55,Yes
CUST-04138,Female,0,No,No,37,Yes,No,No,No internet service,No internet service,No internet service,No internet service,No internet service,No internet service,Month-to-month,Yes,Electronic check,74.36,2882.21,No
CUST-04139,Male,1,Yes,Yes,2,Yes,Yes,DSL,Yes,No,Yes,Yes,Yes,Yes,One year,No,Bank transfer (automatic),57.44,105.03,No
CUST-04140,Female,0,No,No,14,Yes,Yes,Fiber optic,No,Yes,Yes,No,No,Yes,Month-to-month,No,Bank transfer (automatic),25.25,362.9,Yes
CUST-04141,Female,1,Yes,No,46,Yes,No,DSL,Yes,Yes,No,Yes,No,No,Month-to-month,No,Bank transfer (automatic),114.94,5464.96,No
CUST-04142,Female,0,No,No,4,Yes,Yes,Fiber optic,Yes,No,Yes,No,Yes,Yes,Month-to-month,No,Bank transfer (automatic),110.62,457.06,No
CUST-04143,Female,0,No,No,53,No,No phone service,Fiber optic,Yes,No,Yes,No,Yes,No,Month-to-month,No,Bank transfer (automatic),21.9,1058.25,Yes
CUST-04144,Male,0,Yes,Yes,23,No,No phone service,Fiber optic,Yes,No,No,Yes,No,Yes,Month-to-month,Yes,Mailed check,70.92,1593.38,Yes
CUST-04145,Female,0,Yes,Yes,10,No,No phone service,Fiber optic,No,Yes,Yes,Yes,Yes,Yes,One year,No,Bank transfer (automatic),89.28,936.44,No
CUST-04146,Female,0,Yes,No,32,Yes,Yes,No,No internet service,No internet service,No internet service,No internet service,No internet service,No internet service,Month-to-month,No,Credit card (automatic),78.99,2677.73,No
CUST-04147,Male,0,No,No,56,Yes,Yes,DSL,No,Yes,Yes,No,Yes,Yes,Month-to-month,Yes,Mailed check,53.34,2936.56,No
CUST-04148,Male,0,Yes,No,51,Yes,Yes,Fiber optic,No,No,No,Yes,No,Yes,Month-to-month,No,Bank transfer (automatic),98.33,4675.84,No
CUST-04149,Female,0,Yes,Yes,63,Yes,Yes,Fiber optic,No,No,Yes,No,Yes,Yes,Two year,No,Electronic check,79.47,5006.06,No
CUST-04150,Female,0,Yes,No,42,Yes,Yes,No,No internet service,No internet service,No internet service,No internet service,No internet service,No internet service,Month-to-month,Yes,Electronic check,41.89,1812.25,Yes
CUST-04151,Female,0,Yes,Yes,43,Yes,No,Fiber optic,No,Yes,Yes,Yes,Yes,No,Month-to-month,No,Credit card (automatic),79.12,3688.21,Yes
CUST-04152,Female,1,No,Yes,35,Yes,No,DSL,No,Yes,Yes,Yes,No,No,Month-to-month,No,Mailed check,45.47,1649.17,No
CUST-04153,Male,1,No,Yes,11,No,No phone service,Fiber optic,Yes,No,No,No,No,Yes,Month-to-month,Yes,Mailed check,77.58,908.45,Yes
CUST-04154,Male,0,No,No,55,Yes,No,No,No internet service,No internet service,No internet service,No internet service,No internet service,No internet service,One year,Yes,Mailed check,94.43,4949.29,No
CUST-04155,Male,1,No,No,2,Yes,Yes,DSL,No,Yes,No,No,Yes,No,Two year,Yes,Mailed check,48.25,102.93,No
CUST-04156,Female,0,No,No,49,Yes,No,Fiber optic,No,No,No,No,Yes,No,One year,No,Bank transfer (automatic),46.25,2317.0,No
CUST-04157,Female,0,No,Yes,28,Yes,No,Fiber optic,No,No,No,No,Yes,Yes,Two year,No,Mailed check,90.67,2563.63,No
CUST-04158,Female,0,Yes,Yes,15,Yes,No,DSL,No,Yes,Yes,Yes,Yes,No,Month-to-month,No,Mailed check,68.84,984.45,No
CUST-04159,Female,1,No,Yes,39,Yes,No,Fiber optic,No,Yes,Yes,Yes,No,No,Month-to-month,No,Electronic check,31.88,1169.69,No
CUST-04160,Male,0,Yes,No,26,Yes,No,DSL,No,Yes,Yes,Yes,No,No,Two year,No,Bank transfer (automatic),72.57,1903.38,No
CUST-04161,Male,0,Yes,Yes,69,Yes,No,No,No internet service,No internet service,No internet service,No internet service,No internet service,No internet service,Month-to-month,No,Bank transfer (automatic),84.32,6273.56,Yes
CUST-04162,Female,0,Yes,No,41,Yes,No,Fiber optic,Yes,Yes,No,No,Yes,Yes,Month-to-month,No,Bank transfer (automatic),67.13,2606.66,No
CUST-04163,Male,0,Yes,Yes,56,Yes,Yes,No,No internet service,No internet service,No internet service,No internet service,No internet service,No internet service,Two year,Yes,Credit card (automatic),80.42,4304.19,No
CUST-04164,Female,0,No,Yes,9,Yes,Yes,Fiber optic,Yes,Yes,No,Yes,No,No,Month-to-month,Yes,Bank transfer (automatic),54.49,534.34,No
CUST-04165,Female,0,No,Yes,37,Yes,Yes,DSL,Yes,Yes,Yes,No,Yes,Yes,One year,Yes,Electronic check,105.78,3543.3,No
CUST-04166,Male,0,No,Yes,7,Yes,Yes,Fiber optic,No,No,No,No,Yes,Yes,One year,Yes,Electronic check,42.0,293.14,No
CUST-04167,Female,0,Yes,No,17,Yes,Yes,Fiber optic,Yes,Yes,No,No,Yes,No,One year,No,Credit card (automatic),46.13,788.72,No
CUST-04168,Female,0,No,No,16,Yes,No,No,No internet service,No internet service,No internet service,No internet service,No internet service,No internet service,One year,Yes,Electronic check,95.37,1579.55,No
CUST-04169,Male,0,No,No,57,Yes,No,No,No internet service,No internet service,No internet service,No internet service,No internet service,No internet service,One year,Yes,Electronic check,23.79,1273.04,No
CUST-04170,Female,0,No,Yes,65,Yes,No,Fiber optic,Yes,No,No,No,Yes,Yes,Month-to-month,No,Bank transfer (automatic),116.74,7696.48,No
CUST-04171,Female,0,No,Yes,43,Yes,Yes,Fiber optic,No,Yes,Yes,Yes,No,Yes,Month-to-month,Yes,Bank transfer (automatic),80.9,3206.99,No
CUST-04172,Male,1,No,No,8,Yes,No,No,No internet service,No internet service,No internet service,No internet service,No internet service,No internet service,Month-to-month,Yes,Electronic check,98.74,753.11,No
CUST-04173,Female,0,No,No,47,Yes,No,No,No internet service,No internet service,No internet service,No internet service,No internet service,No internet service,One year,No,Bank transfer (automatic),76.39,3242.15,No
CUST-04174,Male,0,Yes,No,38,Yes,Yes,Fiber optic,Yes,Yes,No,No,No,Yes,Month-to-month,No,Electronic check,96.63,3637.73,Yes
CUST-04175,Female,0,Yes,No,5,Yes,Yes,Fiber optic,No,No,No,Yes,No,Yes,Two year,Yes,Mailed check,61.42,287.15,No
CUST-04176,Male,1,No,No,29,Yes,No,Fiber optic,Yes,No,No,No,No,Yes,Month-to-month,Yes,Mailed check,75.67,2017.45,Yes
CUST-04177,Male,1,Yes,Yes,17,No,No phone service,Fiber optic,No,No,Yes,No,No,Yes,Two year,Yes,Electronic check,84.19,1386.66,No
CUST-04178,Male,0,Yes,No,42,Yes,No,No,No internet service,No internet service,No internet service,No internet service,No internet service,No internet service,One year,Yes,Bank transfer (automatic),108.19,4161.57,No
CUST-04179,Female,0,No,No,32,No,No phone service,DSL,No,No,Yes,No,Yes,Yes,Month-to-month,Yes,Mailed check,21.48,709.96,No
CUST-04180,Male,0,Yes,No,52,Yes,Yes,Fiber optic,No,No,Yes,No,No,Yes,Month-to-month,Yes,Mailed check,28.89,1412.4,No
CUST-04181,Male,0,No,No,55,Yes,Yes,Fiber optic,No,Yes,Yes,No,Yes,No,Two year,Yes,Mailed check,87.06,4989.67,No
CUST-04182,Male,0,Yes,No,18,Yes,Yes,Fiber optic,Yes,Yes,Yes,Yes,Yes,Yes,Month-to-month,Yes,Credit card (automatic),52.44,1008.08,No
CUST-04183,Male,0,No,Yes,68,Yes,No,Fiber optic,No,Yes,Yes,No,Yes,Yes,Month-to-month,No,Electronic check,85.77,6113.83,No
CUST-04184,Male,0,Yes,No,25,No,No phone service,DSL,Yes,Yes,No,No,No,No,Two year,Yes,Mailed check,40.77,1072.83,No
CUST-04185,Female,0,Yes,Yes,28,No,No phone service,Fiber optic,Yes,No,No,Yes,No,No,Month-to-month,No,Bank transfer (automatic),80.83,2328.32,Yes
CUST-04186,Female,0,Yes,No,23,Yes,No,Fiber optic,Yes,Yes,Yes,No,Yes,No,Month-to-month,Yes,Electronic check,65.81,1476.18,No
CUST-04187,Female,0,Yes,No,5,No,No phone service,Fiber optic,No,Yes,Yes,Yes,No,Yes,Month-to-month,No,Electronic check,30.29,146.86,No
CUST-04188,Female,0,No,No,53,Yes,Yes,No,No internet service,No internet service,No internet service,No internet service,No internet service,No internet service,One year,No,Mailed check,110.94,5960.89,No
CUST-04189,Female,0,Yes,No,38,Yes,Yes,Fiber optic,No,Yes,Yes,Yes,Yes,Yes,One year,No,Mailed check,97.22,3508.2,No
CUST-04190,Female,0,No,No,3,Yes,No,No,No internet service,No internet service,No internet service,No internet service,No internet service,No internet service,One year,Yes,Electronic check,96.11,279.37,No
CUST-04191,Female,0,No,Yes,57,Yes,Yes,DSL,Yes,No,No,Yes,Yes,Yes,Two year,Yes,Bank transfer (automatic),87.69,4653.74,No
CUST-04192,Male,0,Yes,No,47,Yes,No,Fiber optic,No,No,Yes,No,Yes,No,Two year,No,Credit card (automatic),20.13,999.12,No
CUST-04193,Female,0,Yes,Yes,59,Yes,No,Fiber optic,No,No,No,No,No,Yes,Month-to-month,Yes,Electronic check,68.46,4229.48,Yes
CUST-04194,Male,0,No,No,25,Yes,No,DSL,No,Yes,Yes,No,Yes,Yes,One year,No,Electronic check,93.1,2329.02,No
CUST-04195,Male,0,Yes,No,39,Yes,No,DSL,Yes,Yes,No,No,No,No,Month-to-month,No,Electronic check,39.67,1506.77,No
CUST-04196,Female,0,No,Yes,55,Yes,No,Fiber optic,No,No,Yes,Yes,Yes,Yes,Month-to-month,No,Bank transfer (automatic),79.53,4546.21,No
CUST-04197,Male,0,Yes,Yes,38,Yes,No,Fiber optic,No,No,No,Yes,Yes,No,One year,No,Credit card (automatic),110.95,3865.89,No
CUST-04198,Male,0,No,No,38,Yes,Yes,DSL,Yes,Yes,No,Yes,No,No,One year,Yes,Credit card (automatic),93.29,3224.37,No
CUST-04199,Male,0,Yes,No,47,Yes,Yes,Fiber optic,No,No,Yes,No,Yes,Yes,Month-to-month,Yes,Electronic check,72.76,3556.35,No
CUST-04200,Male,0,Yes,No,24,Yes,No,DSL,No,Yes,Yes,No,Yes,No,Two year,No,Mailed check,48.99,1187.53,No
CUST-04201,Female,0,No,Yes,33,Yes,No,No,No internet service,No internet service,No internet service,No internet service,No internet service,No internet service,One year,Yes,Mailed check,81.65,2820.14,No
CUST-04202,Female,0,No,No,20,Yes,No,Fiber optic,Yes,No,Yes,Yes,Yes,Yes,Month-to-month,No,Bank transfer (automatic),89.44,1709.94,Yes
CUST-04203,Female,0,No,No,24,Yes,Yes,DSL,No,Yes,Yes,Yes,Yes,No,Month-to-month,No,Mailed check,81.78,1808.96,No
CUST-04204,Female,1,Yes,Yes,21,Yes,No,Fiber optic,No,No,No,Yes,Yes,No,One year,No,Bank transfer (automatic),93.54,1936.82,No
CUST-04205,Female,0,Yes,No,22,Yes,Yes,No,No internet service,No internet service,No internet service,No internet service,No internet service,No internet service,One year,No,Mailed check,45.92,995.43,No
CUST-04206,Female,0,Yes,No,24,Yes,Yes,No,No internet service,No internet service,No internet service,No internet service,No internet service,No internet service,Two year,Yes,Electronic check,68.78,1736.24,No
CUST-04207,Female,0,Yes,No,25,Yes,No,Fiber optic,No,No,No,Yes,Yes,No,Month-to-month,No,Bank transfer (automatic),72.87,1684.08,No
CUST-04208,Female,0,No,No,29,Yes,Yes,Fiber optic,No,Yes,Yes,Yes,No,Yes,Month-to-month,Yes,Mailed check,26.99,852.54,No
CUST-04209,Female,0,No,No,37,Yes,Yes,No,No internet service,No internet service,No internet service,No internet service,No internet service,No internet service,Two year,Yes,Electronic check,35.65,1201.92,No
CUST-04210,Female,0,Yes,No,33,Yes,Yes,No,No internet service,No internet service,No internet service,No internet service,No internet service,No internet service,Two year,No,Bank transfer (automatic),48.66,1545.7,No
CUST-04211,Male,1,Yes,Yes,14,Yes,No,DSL,Yes,No,Yes,Yes,No,No,Month-to-month,Yes,Bank transfer (automatic),22.78,331.87,No
CUST-04212,Female,0,Yes,No,43,Yes,Yes,Fiber optic,Yes,Yes,Yes,No,No,Yes,One year,No,Mailed check,41.36,1855.83,No
CUST-04213,Male,0,No,Yes,9,Yes,No,Fiber optic,No,No,Yes,No,Yes,Yes,Two year,Yes,Mailed check,70.22,640.46,No
CUST-04214,Male,1,No,No,36,Yes,Yes,DSL,No,Yes,No,No,Yes,No,Month-to-month,Yes,Electronic check,72.17,2375.17,No
CUST-04215,Male,0,Yes,No,6,No,No phone service,No,No internet service,No internet service,No internet service,No internet service,No internet service,No internet service,Two year,Yes,Credit card (automatic),42.94,276.0,Yes
CUST-04216,Male,0,No,Yes,31,Yes,Yes,Fiber optic,No,No,No,No,No,No,Two year,No,Bank transfer (automatic),112.65,3586.25,Yes
CUST-04217,Female,0,Yes,Yes,10,Yes,Yes,Fiber optic,Yes,No,Yes,Yes,Yes,No,Two year,No,Electronic check,64.72,680.7,No
CUST-04218,Male,0,Yes,No,47,Yes,Yes,DSL,Yes,Yes,No,Yes,No,No,Two year,No,Electronic check,81.73,3753.9,No
CUST-04219,Female,0,No,No,67,Yes,No,DSL,No,No,Yes,No,No,Yes,Month-to-month,Yes,Mailed check,21.04,1337.33,Yes
CUST-04220,Female,0,No,No,47,Yes,No,DSL,Yes,No,No,No,Yes,No,Month-to-month,Yes,Mailed check,57.92,2842.07,No
CUST-04221,Male,0,No,No,44,Yes,Yes,No,No internet service,No internet service,No internet service,No internet service,No internet service,No internet service,Month-to-month,Yes,Credit card (automatic),72.21,3377.73,No
CUST-04222,Female,0,No,No,32,Yes,Yes,Fiber optic,Yes,No,Yes,No,No,Yes,Month-to-month,Yes,Mailed check,49.23,1673.83,Yes
CUST-04223,Male,1,Yes,No,3,Yes,Yes,DSL,Yes,No,No,Yes,No,Yes,Month-to-month,No,Mailed check,35.14,110.0,No
CUST-04224,Male,0,No,Yes,46,Yes,Yes,DSL,Yes,No,No,No,No,No,One year,Yes,Bank transfer (automatic),38.11,1626.47,No
CUST-04225,Female,0,No,No,52,Yes,No,Fiber optic,No,Yes,No,Yes,Yes,No,Two year,Yes,Electronic check,64.66,3175.23,No
CUST-04226,Female,0,No,No,30,Yes,No,Fiber optic,No,No,No,No,Yes,No,Month-to-month,Yes,Bank transfer (automatic),25.1,753.07,No
CUST-04227,Male,0,No,No,30,Yes,Yes,Fiber optic,Yes,No,No,No,No,No,Month-to-month,No,Electronic check,41.45,1245.33,No
CUST-04228,Female,1,Yes,Yes,26,Yes,No,No,No internet service,No internet service,No internet service,No internet service,No internet service,No internet service,Month-to-month,No,Bank transfer (automatic),89.95,2333.34,Yes
CUST-04229,Female,0,Yes,No,47,Yes,Yes,Fiber optic,Yes,Yes,Yes,No,No,No,Two year,Yes,Electronic check,39.47,1976.06,No
CUST-04230,Female,0,No,No,35,Yes,Yes,Fiber optic,Yes,No,No,No,Yes,No,Month-to-month,No,Bank transfer (automatic),29.69,961.29,No
CUST-04231,Male,0,No,Yes,48,Yes,No,Fiber optic,No,Yes,Yes,Yes,Yes,No,Month-to-month,Yes,Mailed check,26.38,1340.26,No
CUST-04232,Male,1,Yes,No,30,Yes,No,Fiber optic,Yes,No,No,No,Yes,Yes,Month-to-month,No,Mailed check,116.87,3171.15,Yes
CUST-04233,Female,0,Yes,No,43,Yes,Yes,Fiber optic,Yes,Yes,No,No,Yes,Yes,Month-to-month,Yes,Electronic check,26.69,1107.06,No
CUST-04234,Female,0,No,Yes,58,Yes,Yes,Fiber optic,Yes,Yes,No,Yes,Yes,No,Two year,No,Electronic check,61.35,3342.31,No
CUST-04235,Female,0,Yes,Yes,22,Yes,Yes,Fiber optic,No,Yes,No,No,Yes,No,Month-to-month,Yes,Electronic check,69.11,1528.52,No
CUST-04236,Female,1,Yes,No,67,Yes,No,DSL,Yes,Yes,No,No,No,Yes,Month-to-month,Yes,Mailed check,114.46,7705.47,Yes
CUST-04237,Female,0,Yes,No,41,Yes,Yes,Fiber optic,Yes,Yes,Yes,Yes,Yes,Yes,One year,No,Credit card (automatic),107.11,4397.26,No
CUST-04238,Male,0,Yes,Yes,41,No,No phone service,DSL,Yes,No,Yes,Yes,No,No,One year,No,Electronic check,41.77,1640.24,No
CUST-04239,Female,0,No,Yes,12,Yes,Yes,DSL,Yes,No,No,No,No,No,One year,Yes,Electronic check,26.47,319.03,No
CUST-04240,Male,0,Yes,No,0,Yes,No,Fiber optic,Yes,No,Yes,No,Yes,Yes,Two year,No,Mailed check,61.79,0.0,Yes
CUST-04241,Female,0,Yes,No,52,Yes,No,Fiber optic,Yes,Yes,Yes,No,No,Yes,Two year,No,Bank transfer (automatic),28.09,1429.65,No
CUST-04242,Male,1,No,Yes,39,Yes,No,DSL,No,Yes,No,No,No,No,Month-to-month,Yes,Electronic check,105.11,4450.72,No
CUST-04243,Female,1,No,Yes,45,No,No phone service,DSL,No,No,No,Yes,Yes,Yes,Two year,Yes,Electronic check,88.38,3633.85,No
CUST-04244,Male,1,No,No,21,Yes,Yes,Fiber optic,Yes,No,No,Yes,Yes,Yes,Two year,Yes,Electronic check,112.38,2589.89,Yes
CUST-04245,Female,0,Yes,No,51,Yes,Yes,DSL,No,No,Yes,Yes,Yes,Yes,Two year,Yes,Mailed check,74.95,4022.28,No
CUST-04246,Male,0,No,No,27,No,No phone service,No,No internet service,No internet service,No internet service,No internet service,No internet service,No internet service,Month-to-month,Yes,Bank transfer (automatic),54.44,1497.27,No
CUST-04247,Male,1,Yes,No,52,Yes,No,No,No internet service,No internet service,No internet service,No internet service,No internet service,No internet service,One year,No,Mailed check,68.06,3329.14,No
CUST-04248,Male,0,No,No,62,Yes,No,No,No internet service,No internet service,No internet service,No internet service,No internet service,No internet service,Month-to-month,No,Credit card (automatic),34.08,2166.76,No
CUST-04249,Male,0,Yes,No,16,Yes,No,Fiber optic,Yes,Yes,No,Yes,Yes,Yes,Two year,Yes,Credit card (automatic),64.31,1091.13,No
CUST-04250,Male,0,No,No,63,Yes,No,No,No internet service,No internet service,No internet service,No internet service,No internet service,No internet service,Month-to-month,Yes,Mailed check,117.87,7059.93,No
CUST-04251,Male,1,No,No,5,Yes,No,Fiber optic,No,Yes,Yes,Yes,No,Yes,Two year,Yes,Bank transfer (automatic),87.05,395.2,No
CUST-04252,Female,0,Yes,Yes,13,Yes,No,DSL,Yes,No,No,Yes,Yes,No,One year,No,Mailed check,24.24,311.51,No
CUST-04253,Male,1,No,No,16,No,No phone service,Fiber optic,Yes,Yes,No,Yes,No,No,One year,No,Electronic check,90.57,1392.44,Yes
CUST-04254,Female,0,No,No,37,Yes,No,Fiber optic,Yes,No,No,Yes,No,No,Two year,No,Electronic check,28.07,994.17,Yes
CUST-04255,Female,0,No,No,68,Yes,No,Fiber optic,No,Yes,Yes,Yes,Yes,Yes,Two year,Yes,Mailed check,57.06,4054.53,No
CUST-04256,Female,0,No,No,12,Yes,No,No,No internet service,No internet service,No internet service,No internet service,No internet service,No internet service,Month-to-month,No,Bank transfer (automatic),96.63,1077.93,No
CUST-04257,Female,0,No,No,52,Yes,No,Fiber optic,No,Yes,No,Yes,No,Yes,Month-to-month,Yes,Electronic check,30.81,1650.48,No
CUST-04258,Female,0,Yes,No,8,Yes,No,Fiber optic,Yes,Yes,Yes,Yes,Yes,No,One year,No,Bank transfer (automatic),47.27,344.98,No
CUST-04259,Male,1,Yes,No,43,No,No phone service,DSL,No,Yes,Yes,Yes,Yes,No,Month-to-month,Yes,Credit card (automatic),37.53,1749.31,No
CUST-04260,Male,0,No,No,25,Yes,No,No,No internet service,No internet service,No internet service,No internet service,No internet service,No internet service,Month-to-month,Yes,Credit card (automatic),105.01,2670.45,Yes
CUST-04261,Male,0,No,No,18,Yes,No,DSL,Yes,No,Yes,No,Yes,No,Month-to-month,No,Bank transfer (automatic),32.79,641.09,No
CUST-04262,Female,0,Yes,No,47,Yes,No,No,No internet service,No internet service,No internet service,No internet service,No internet service,No internet service,Month-to-month,Yes,Credit card (automatic),71.58,3611.79,No
CUST-04263,Male,0,Yes,No,29,Yes,Yes,Fiber optic,No,No,Yes,Yes,Yes,No,Month-to-month,Yes,Electronic check,45.53,1418.03,No
CUST-04264,Male,0,No,Yes,31,Yes,No,Fiber optic,Yes,Yes,Yes,Yes,No,Yes,One year,No,Electronic check,68.73,1968.6,No
CUST-04265,Male,0,Yes,Yes,68,Yes,No,DSL,No,No,Yes,Yes,Yes,No,One year,Yes,Credit card (automatic),34.74,2454.87,No
CUST-04266,Male,1,No,No,10,Yes,Yes,Fiber optic,Yes,No,No,Yes,Yes,No,Two year,Yes,Electronic check,93.76,918.92,No
CUST-04267,Male,0,No,No,25,Yes,No,No,No internet service,No internet service,No internet service,No internet service,No internet service,No internet service,Month-to-month,No,Electronic check,82.31,2040.92,No
CUST-04268,Female,0,No,No,25,Yes,No,DSL,Yes,No,Yes,No,No,Yes,Month-to-month,No,Electronic check,22.34,533.83,Yes
CUST-04269,Male,0,No,Yes,16,Yes,Yes,DSL,Yes,Yes,Yes,Yes,No,No,Month-to-month,Yes,Credit card (automatic),112.76,1674.2,Yes
CUST-04270,Female,0,Yes,No,43,No,No phone service,DSL,Yes,Yes,No,Yes,No,No,One year,Yes,Credit card (automatic),107.3,4435.17,No
CUST-04271,Female,1,Yes,Yes,22,No,No phone service,Fiber optic,Yes,Yes,Yes,Yes,Yes,Yes,Month-to-month,No,Mailed check,47.78,1061.57,No
CUST-04272,Female,0,Yes,No,24,Yes,No,Fiber optic,No,Yes,No,Yes,No,Yes,Two year,No,Credit card (automatic),47.19,1112.18,Yes
CUST-04273,Female,1,No,Yes,36,No,No phone service,Fiber optic,Yes,Yes,No,Yes,Yes,Yes,Two year,No,Credit card (automatic),67.92,2544.83,No
CUST-04274,Female,0,Yes,Yes,64,Yes,No,No,No internet service,No internet service,No internet service,No internet service,No internet service,No internet service,One year,Yes,Mailed check,79.91,5461.02,No
CUST-04275,Male,0,No,Yes,1,Yes,No,No,No internet service,No internet service,No internet service,No internet service,No internet service,No internet service,Month-to-month,Yes,Mailed check,47.1,44.37,Yes
CUST-04276,Male,1,No,No,31,Yes,No,No,No internet service,No internet service,No internet service,No internet service,No internet service,No internet service,Month-to-month,No,Electronic check,97.54,2755.4,No
CUST-04277,Male,0,Yes,No,54,Yes,Yes,Fiber optic,Yes,No,Yes,Yes,Yes,No,Month-to-month,No,Bank transfer (automatic),25.85,1532.93,Yes
CUST-04278,Female,0,No,Yes,49,Yes,No,DSL,Yes,No,Yes,Yes,Yes,No,Month-to-month,Yes,Mailed check,57.78,3047.89,No
CUST-04279,Male,0,No,No,64,Yes,Yes,Fiber optic,No,Yes,No,Yes,Yes,No,Month-to-month,Yes,Bank transfer (automatic),73.58,4487.9,Yes
CUST-04280,Male,0,No,Yes,31,Yes,No,DSL,No,Yes,No,No,Yes,Yes,Month-to-month,Yes,Credit card (automatic),97.97,2832.14,Yes
CUST-04281,Female,0,Yes,No,36,Yes,Yes,DSL,Yes,Yes,Yes,No,Yes,No,Month-to-month,No,Electronic check,105.18,4128.05,No
CUST-04282,Female,0,No,No,12,Yes,Yes,Fiber optic,No,Yes,Yes,Yes,Yes,Yes,Two year,No,Electronic check,42.44,482.03,No
CUST-04283,Female,0,Yes,No,53,Yes,No,No,No internet service,No internet service,No internet service,No internet service,No internet service,No internet service,Month-to-month,Yes,Mailed check,42.11,2107.69,No
CUST-04284,Female,0,No,No,2,No,No phone service,Fiber optic,Yes,Yes,No,No,No,Yes,Two year,No,Bank transfer (automatic),54.83,101.1,No
CUST-04285,Male,1,Yes,No,41,Yes,No,No,No internet service,No internet service,No internet service,No internet service,No internet service,No internet service,Month-to-month,Yes,Bank transfer (automatic),60.76,2385.49,Yes
CUST-04286,Female,0,No,No,39,Yes,No,DSL,Yes,Yes,No,No,Yes,No,Month-to-month,Yes,Bank transfer (automatic),102.84,4284.3,Yes
CUST-04287,Female,0,Yes,No,65,Yes,Yes,Fiber optic,No,Yes,Yes,No,No,No,Month-to-month,Yes,Bank transfer (automatic),18.76,1236.43,No
CUST-04288,Male,1,Yes,No,59,Yes,Yes,No,No internet service,No internet service,No internet service,No internet service,No internet service,No internet service,Two year,Yes,Bank transfer (automatic),86.5,4687.04,No
CUST-04289,Male,0,No,Yes,10,Yes,No,Fiber optic,Yes,Yes,No,No,No,No,Month-to-month,No,Electronic check,40.01,437.5,Yes
CUST-04290,Female,0,No,No,0,Yes,No,Fiber optic,No,Yes,No,Yes,No,Yes,Month-to-month,No,Bank transfer (automatic),106.24,0.0,No
CUST-04291,Male,0,No,No,25,Yes,No,No,No internet service,No internet service,No internet service,No internet service,No internet service,No internet service,Month-to-month,No,Bank transfer (automatic),49.73,1222.54,Yes
CUST-04292,Female,0,No,No,41,Yes,No,Fiber optic,No,Yes,No,Yes,Yes,Yes,Two year,No,Bank transfer (automatic),71.76,3109.42,No
CUST-04293,Female,0,Yes,No,61,Yes,Yes,No,No internet service,No internet service,No internet service,No internet service,No internet service,No internet service,Month-to-month,Yes,Mailed check,50.9,3142.38,No
CUST-04294,Male,0,No,No,60,Yes,No,DSL,Yes,Yes,Yes,Yes,Yes,Yes,Month-to-month,Yes,Credit card (automatic),60.53,3919.27,No
CUST-04295,Male,0,Yes,Yes,61,No,No phone service,No,No internet service,No internet service,No internet service,No internet service,No internet service,No internet service,Two year,Yes,Electronic check,70.22,4456.77,No
CUST-04296,Female,0,No,Yes,11,Yes,No,DSL,Yes,Yes,No,Yes,No,Yes,Month-to-month,No,Credit card (automatic),92.75,1054.58,Yes
CUST-04297,Female,0,Yes,No,26,Yes,No,DSL,No,No,Yes,No,No,Yes,Two year,No,Mailed check,30.08,756.7,No
CUST-04298,Female,0,Yes,No,66,No,No phone service,Fiber optic,No,Yes,No,Yes,Yes,Yes,Month-to-month,Yes,Credit card (automatic),53.22,3856.62,No
CUST-04299,Male,0,Yes,No,27,Yes,Yes,Fiber optic,No,No,No,No,Yes,No,Month-to-month,Yes,Mailed check,81.96,2280.16,Yes
CUST-04300,Female,1,No,No,65,Yes,Yes,Fiber optic,No,No,Yes,No,No,No,Month-to-month,Yes,Mailed check,76.88,4939.11,No
CUST-04301,Female,0,No,No,27,Yes,Yes,No,No internet service,No internet service,No internet service,No internet service,No internet service,No internet service,Month-to-month,No,Credit card (automatic),96.08,2411.28,Yes
CUST-04302,Female,0,Yes,Yes,20,Yes,No,No,No internet service,No internet service,No internet service,No internet service,No internet service,No internet service,Two year,No,Mailed check,106.91,2161.99,No
CUST-04303,Female,0,Yes,No,6,Yes,No,DSL,No,No,No,No,Yes,No,Month-to-month,Yes,Mailed check,27.41,169.93,Yes
CUST-04304,Female,1,Yes,No,13,Yes,Yes,Fiber optic,No,No,No,No,Yes,No,Month-to-month,Yes,Electronic check,89.38,1132.07,No
CUST-04305,Male,1,Yes,Yes,38,Yes,No,Fiber optic,No,No,Yes,Yes,Yes,Yes,Month-to-month,No,Credit card (automatic),46.4,1609.66,No
CUST-04306,Female,0,Yes,No,61,Yes,Yes,DSL,No,Yes,No,Yes,Yes,Yes,Month-to-month,Yes,Bank transfer (automatic),66.14,4275.33,No
CUST-04307,Female,0,No,Yes,11,Yes,Yes,Fiber optic,Yes,Yes,Yes,No,No,Yes,Month-to-month,Yes,Mailed check,80.78,915.94,Yes
CUST-04308,Female,0,Yes,No,37,Yes,No,DSL,No,No,No,Yes,Yes,No,Month-to-month,Yes,Electronic check,33.06,1268.37,No
CUST-04309,Female,0,No,Yes,57,Yes,Yes,No,No internet service,No internet service,No internet service,No internet service,No internet service,No internet service,Month-to-month,No,Mailed check,52.66,2848.57,No
CUST-04310,Male,0,No,No,55,Yes,No,Fiber optic,Yes,Yes,No,Yes,Yes,No,Month-to-month,Yes,Credit card (automatic),115.61,5888.91,No
CUST-04311,Male,0,No,No,38,Yes,No,Fiber optic,No,No,No,No,Yes,No,Month-to-month,Yes,Bank transfer (automatic),31.63,1190.42,No
CUST-04312,Male,0,Yes,No,3,Yes,Yes,No,No internet service,No internet service,No internet service,No internet service,No internet service,No internet service,Month-to-month,Yes,Mailed check,26.33,74.9,Yes
CUST-04313,Female,0,Yes,No,47,Yes,No,DSL,No,No,Yes,Yes,Yes,No,Month-to-month,Yes,Electronic check,101.68,5047.51,Yes
CUST-04314,Female,0,Yes,Yes,6,Yes,Yes,Fiber optic,No,Yes,No,No,No,No,Two year,Yes,Credit card (automatic),61.06,368.7,No
CUST-04315,Male,0,Yes,No,59,Yes,Yes,DSL,Yes,No,No,No,Yes,Yes,Two year,No,Credit card (automatic),85.48,4672.17,No
CUST-04316,Male,1,No,No,39,Yes,Yes,Fiber optic,Yes,Yes,Yes,No,Yes,No,Month-to-month,Yes,Bank transfer (automatic),48.57,1779.16,No
CUST-04317,Male,0,No,No,7,Yes,No,Fiber optic,No,Yes,Yes,No,Yes,No,Month-to-month,Yes,Bank transfer (automatic),37.84,285.37,Yes
CUST-04318,Female,0,No,No,57,Yes,Yes,DSL,No,No,No,Yes,No,No,Month-to-month,No,Bank transfer (automatic),39.25,2296.14,No
CUST-04319,Female,0,Yes,Yes,56,Yes,No,Fiber optic,No,No,Yes,No,No,Yes,One year,No,Credit card (automatic),37.56,2061.53,No
CUST-04320,Male,0,Yes,Yes,34,Yes,Yes,Fiber optic,No,No,No,No,No,No,One year,Yes,Bank transfer (automatic),42.7,1515.9,No
CUST-04321,Male,0,Yes,No,12,Yes,No,Fiber optic,Yes,Yes,No,Yes,Yes,Yes,One year,Yes,Bank transfer (automatic),40.12,511.18,No
CUST-04322,Male,0,Yes,No,38,Yes,Yes,No,No internet service,No internet service,No internet service,No internet service,No internet service,No internet service,One year,Yes,Credit card (automatic),99.37,3484.87,No
CUST-04323,Female,0,Yes,No,20,Yes,Yes,Fiber optic,No,Yes,Yes,No,No,Yes,Month-to-month,No,Mailed check,71.33,1524.17,No
CUST-04324,Female,1,Yes,No,46,Yes,No,Fiber optic,Yes,Yes,No,No,No,Yes,Two year,No,Electronic check,47.65,2387.66,No
CUST-04325,Female,0,No,No,1,Yes,Yes,Fiber optic,Yes,Yes,Yes,No,No,Yes,Two year,No,Electronic check,52.51,48.2,No
CUST-04326,Male,1,No,No,43,Yes,Yes,Fiber optic,Yes,Yes,Yes,No,Yes,Yes,One year,No,Electronic check,113.78,4720.4,Yes
CUST-04327,Male,0,Yes,No,29,No,No phone service,Fiber optic,No,Yes,Yes,Yes,No,No,Month-to-month,Yes,Mailed check,36.39,985.22,No
CUST-04328,Female,1,No,No,54,Yes,No,No,No internet service,No internet service,No internet service,No internet service,No internet service,No internet service,One year,Yes,Credit card (automatic),106.68,5680.02,No
CUST-04329,Male,0,No,No,39,Yes,Yes,DSL,Yes,Yes,No,Yes,No,No,One year,Yes,Credit card (automatic),91.68,3375.38,No
CUST-04330,Female,0,No,No,23,Yes,Yes,DSL,No,Yes,No,No,No,Yes,Two year,No,Electronic check,79.35,1774.82,No
CUST-04331,Male,0,No,Yes,41,Yes,No,Fiber optic,No,No,Yes,Yes,Yes,Yes,One year,No,Mailed check,80.41,3126.67,No
CUST-04332,Male,0,Yes,No,27,Yes,Yes,DSL,Yes,No,Yes,Yes,No,Yes,Two year,No,Bank transfer (automatic),60.29,1466.22,No
CUST-04333,Male,0,No,No,50,Yes,No,DSL,Yes,No,No,Yes,No,No,Two year,Yes,Bank transfer (automatic),61.89,2796.84,No
CUST-04334,Male,0,Yes,No,21,Yes,No,DSL,No,No,Yes,Yes,Yes,Yes,Month-to-month,No,Bank transfer (automatic),97.61,2055.92,No
CUST-04335,Female,0,Yes,No,7,Yes,Yes,No,No internet service,No internet service,No internet service,No internet service,No internet service,No internet service,Month-to-month,No,Electronic check,99.09,695.51,No
CUST-04336,Male,0,No,Yes,13,Yes,No,DSL,Yes,Yes,Yes,No,No,Yes,Month-to-month,No,Electronic check,75.12,885.95,No
CUST-04337,Female,0,Yes,No,44,Yes,No,DSL,No,No,Yes,Yes,No,No,One year,No,Credit card (automatic),94.86,4340.35,No
CUST-04338,Female,1,No,No,37,Yes,Yes,Fiber optic,No,No,Yes,Yes,Yes,No,One year,Yes,Electronic check,99.01,3316.73,No
CUST-04339,Female,0,Yes,Yes,31,Yes,Yes,No,No internet service,No internet service,No internet service,No internet service,No internet service,No internet service,Month-to-month,No,Electronic check,51.21,1583.25,No
CUST-04340,Male,0,Yes,No,61,Yes,Yes,Fiber optic,No,Yes,No,No,Yes,Yes,One year,No,Bank transfer (automatic),80.34,4798.03,No
CUST-04341,Female,0,No,No,66,Yes,Yes,No,No internet service,No internet service,No internet service,No internet service,No internet service,No internet service,Two year,No,Mailed check,61.58,4375.6,No
CUST-04342,Female,0,No,No,60,Yes,No,No,No internet service,No internet service,No internet service,No internet service,No internet service,No internet service,Month-to-month,Yes,Credit card (automatic),27.81,1694.12,No
CUST-04343,Female,0,Yes,No,12,Yes,No,Fiber optic,No,No,No,Yes,Yes,Yes,Month-to-month,Yes,Mailed check,82.85,1058.31,No
CUST-04344,Male,0,No,Yes,46,Yes,No,DSL,No,No,Yes,No,No,No,One year,No,Electronic check,76.75,3882.37,No
CUST-04345,Male,0,Yes,No,53,Yes,Yes,Fiber optic,No,Yes,Yes,No,Yes,Yes,Month-to-month,Yes,Bank transfer (automatic),28.26,1401.14,No
CUST-04346,Female,0,No,No,70,Yes,No,Fiber optic,Yes,No,No,Yes,No,No,Two year,Yes,Credit card (automatic),25.08,1602.07,No
CUST-04347,Male,1,Yes,Yes,51,Yes,Yes,DSL,No,No,No,No,Yes,Yes,One year,Yes,Bank transfer (automatic),42.96,2311.23,No
CUST-04348,Female,0,Yes,No,71,Yes,No,No,No internet service,No internet service,No internet service,No internet service,No internet service,No internet service,Month-to-month,No,Mailed check,101.34,7384.51,No
CUST-04349,Female,0,Yes,No,24,Yes,Yes,Fiber optic,Yes,No,No,No,No,No,Two year,No,Bank transfer (automatic),24.37,600.57,No
CUST-04350,Male,0,Yes,Yes,22,Yes,Yes,No,No internet service,No internet service,No internet service,No internet service,No internet service,No internet service,Month-to-month,Yes,Electronic check,64.04,1357.11,No
CUST-04351,Female,0,Yes,No,29,Yes,No,Fiber optic,No,Yes,No,No,No,Yes,Month-to-month,Yes,Bank transfer (automatic),35.9,958.32,Yes
CUST-04352,Male,0,No,No,10,Yes,Yes,Fiber optic,No,Yes,Yes,No,Yes,Yes,Month-to-month,Yes,Mailed check,43.36,452.78,Yes
CUST-04353,Male,0,Yes,No,34,Yes,No,No,No internet service,No internet service,No internet service,No internet service,No internet service,No internet service,Month-to-month,Yes,Mailed check,94.99,3257.65,No
CUST-04354,Female,1,No,No,26,Yes,No,No,No internet service,No internet service,No internet service,No internet service,No internet service,No internet service,Month-to-month,No,Electronic check,103.06,2680.36,Yes
CUST-04355,Male,0,No,No,66,Yes,No,Fiber optic,Yes,No,No,No,No,No,Month-to-month,Yes,Electronic check,76.03,5254.8,No
CUST-04356,Male,0,Yes,Yes,46,Yes,No,No,No internet service,No internet service,No internet service,No internet service,No internet service,No internet service,Two year,No,Credit card (automatic),104.32,5267.67,No
CUST-04357,Female,0,Yes,No,49,Yes,Yes,DSL,No,Yes,No,No,Yes,Yes,Two year,Yes,Mailed check,103.69,5324.92,No
CUST-04358,Female,0,No,Yes,7,Yes,No,Fiber optic,Yes,No,Yes,No,Yes,Yes,One year,Yes,Electronic check,40.15,305.48,No
CUST-04359,Male,0,Yes,No,54,Yes,No,DSL,Yes,Yes,No,Yes,No,Yes,One year,Yes,Credit card (automatic),82.5,4364.59,No
CUST-04360,Male,0,Yes,Yes,41,No,No phone service,No,No internet service,No internet service,No internet service,No internet service,No internet service,No internet service,Month-to-month,Yes,Credit card (automatic),95.83,4241.84,Yes
CUST-04361,Female,0,No,No,66,No,No phone service,Fiber optic,Yes,No,Yes,Yes,No,Yes,One year,Yes,Credit card (automatic),74.11,5113.66,No
CUST-04362,Male,0,No,No,19,Yes,No,DSL,Yes,No,Yes,No,No,Yes,Month-to-month,No,Credit card (automatic),98.58,1824.95,No
CUST-04363,Male,0,No,Yes,44,Yes,Yes,DSL,No,No,No,No,No,Yes,Month-to-month,Yes,Mailed check,80.88,3565.07,Yes
CUST-04364,Male,0,No,No,34,No,No phone service,Fiber optic,Yes,No,No,Yes,No,Yes,Month-to-month,Yes,Mailed check,46.45,1485.3,No
CUST-04365,Male,0,No,Yes,19,Yes,No,Fiber optic,No,No,Yes,Yes,Yes,No,Two year,No,Electronic check,86.56,1506.93,No
CUST-04366,Male,0,No,No,23,Yes,No,DSL,No,Yes,Yes,No,Yes,No,Two year,Yes,Bank transfer (automatic),76.8,1754.89,Yes
CUST-04367,Male,1,Yes,No,56,No,No phone service,No,No internet service,No internet service,No internet service,No internet service,No internet service,No internet service,Month-to-month,No,Mailed check,80.5,4952.68,No
CUST-04368,Male,0,No,Yes,54,Yes,No,No,No internet service,No internet service,No internet service,No internet service,No internet service,No internet service,Month-to-month,Yes,Mailed check,27.53,1596.76,No
CUST-04369,Female,0,No,No,8,No,No phone service,Fiber optic,No,No,Yes,Yes,No,No,Two year,No,Credit card (automatic),30.57,220.92,No
CUST-04370,Female,0,Yes,Yes,15,Yes,Yes,DSL,Yes,No,No,No,No,No,One year,Yes,Mailed check,99.47,1632.26,No
CUST-04371,Female,0,Yes,Yes,54,Yes,No,No,No internet service,No internet service,No internet service,No internet service,No internet service,No internet service,One year,No,Electronic check,61.13,3280.51,No
CUST-04372,Female,0,Yes,No,71,Yes,No,No,No internet service,No internet service,No internet service,No internet service,No internet service,No internet service,Month-to-month,Yes,Bank transfer (automatic),39.53,2626.4,Yes
CUST-04373,Female,0,Yes,No,57,Yes,No,DSL,Yes,Yes,No,Yes,Yes,No,Month-to-month,Yes,Electronic check,27.27,1683.37,No
CUST-04374,Male,0,Yes,No,63,Yes,Yes,Fiber optic,Yes,Yes,No,No,Yes,No,Month-to-month,No,Mailed check,44.29,3027.36,No
CUST-04375,Male,1,Yes,Yes,48,Yes,No,No,No internet service,No internet service,No internet service,No internet service,No internet service,No internet service,Month-to-month,Yes,Credit card (automatic),47.52,2439.22,No
CUST-04376,Male,1,No,No,28,Yes,Yes,Fiber optic,No,Yes,No,Yes,Yes,Yes,Two year,Yes,Electronic check,116.3,3335.39,No
CUST-04377,Male,0,Yes,No,6,Yes,No,No,No internet service,No internet service,No internet service,No internet service,No internet service,No internet service,Two year,Yes,Bank transfer (automatic),101.45,576.63,No
CUST-04378,Female,0,Yes,Yes,68,Yes,No,No,No internet service,No internet service,No internet service,No internet service,No internet service,No internet service,Month-to-month,Yes,Credit card (automatic),25.85,1666.73,Yes
CUST-04379,Male,0,Yes,No,1,Yes,No,Fiber optic,Yes,Yes,Yes,Yes,No,No,Month-to-month,No,Credit card (automatic),92.84,101.48,No
CUST-04380,Male,0,Yes,No,32,Yes,Yes,No,No internet service,No internet service,No internet service,No internet service,No internet service,No internet service,Month-to-month,Yes,Electronic check,74.39,2275.17,No
CUST-04381,Female,0,No,No,47,Yes,No,DSL,No,Yes,No,No,Yes,No,Two year,Yes,Electronic check,40.85,1890.19,No
CUST-04382,Male,0,Yes,Yes,36,Yes,Yes,DSL,Yes,Yes,Yes,No,Yes,No,Month-to-month,Yes,Credit card (automatic),92.66,3504.43,Yes
CUST-04383,Male,0,Yes,No,29,Yes,No,DSL,No,No,Yes,No,No,Yes,Two year,Yes,Bank transfer (automatic),21.02,649.02,No
CUST-04384,Female,0,No,Yes,40,Yes,Yes,Fiber optic,No,No,No,Yes,No,No,Two year,No,Mailed check,91.15,3581.38,No
CUST-04385,Male,0,No,No,3,No,No phone service,DSL,Yes,Yes,Yes,Yes,No,No,Two year,Yes,Mailed check,107.53,315.86,No
CUST-04386,Male,0,No,No,38,Yes,No,Fiber optic,Yes,Yes,No,No,No,Yes,Month-to-month,Yes,Electronic check,106.26,3922.39,No
CUST-04387,Male,0,Yes,No,23,Yes,Yes,DSL,Yes,Yes,No,No,Yes,No,Two year,No,Electronic check,95.23,2141.39,No
CUST-04388,Male,0,No,No,49,Yes,No,Fiber optic,Yes,No,Yes,Yes,No,No,One year,No,Electronic check,111.47,5744.21,No
CUST-04389,Male,0,No,No,36,Yes,No,No,No internet service,No internet service,No internet service,No internet service,No internet service,No internet service,Two year,Yes,Electronic check,88.73,2914.42,No
CUST-04390,Female,0,No,No,52,Yes,No,Fiber optic,Yes,No,No,No,No,Yes,One year,Yes,Bank transfer (automatic),86.67,4777.39,No
CUST-04391,Female,0,Yes,No,24,Yes,No,No,No internet service,No internet service,No internet service,No internet service,No internet service,No internet service,Month-to-month,Yes,Mailed check,20.62,466.65,Yes
CUST-04392,Female,0,Yes,Yes,30,Yes,Yes,DSL,Yes,No,Yes,No,No,Yes,Two year,Yes,Credit card (automatic),35.42,990.66,No
CUST-04393,Female,0,No,No,37,No,No phone service,Fiber optic,Yes,No,Yes,No,Yes,Yes,Two year,Yes,Mailed check,96.14,3287.38,No
CUST-04394,Female,0,Yes,No,57,Yes,Yes,DSL,Yes,No,Yes,Yes,No,No,One year,Yes,Electronic check,117.75,6356.79,No
CUST-04395,Female,0,Yes,No,52,Yes,No,Fiber optic,No,No,No,No,No,No,Month-to-month,Yes,Credit card (automatic),89.99,4991.95,No
CUST-04396,Male,0,Yes,No,49,Yes,Yes,Fiber optic,Yes,Yes,Yes,Yes,No,Yes,Month-to-month,No,Bank transfer (automatic),75.98,3751.29,No
CUST-04397,Female,0,Yes,No,3,Yes,No,Fiber optic,No,No,No,Yes,Yes,Yes,Two year,Yes,Bank transfer (automatic),36.34,103.98,No
CUST-04398,Female,0,Yes,No,51,Yes,Yes,DSL,No,Yes,No,No,Yes,Yes,Month-to-month,Yes,Electronic check,112.79,5390.98,Yes
CUST-04399,Male,0,No,No,30,Yes,No,DSL,No,No,Yes,No,No,Yes,Month-to-month,Yes,Electronic check,82.97,2623.28,No
CUST-04400,Male,0,No,No,13,Yes,No,DSL,Yes,Yes,Yes,Yes,Yes,Yes,Month-to-month,No,Mailed check,66.9,870.66,No
CUST-04401,Female,1,No,Yes,0,Yes,No,Fiber optic,No,No,No,Yes,No,Yes,Month-to-month,No,Electronic check,104.14,0.0,No
CUST-04402,Male,0,No,No,42,Yes,Yes,DSL,No,No,Yes,Yes,Yes,Yes,Two year,Yes,Electronic check,113.33,4641.06,No
CUST-04403,Female,0,Yes,No,58,No,No phone service,Fiber optic,Yes,Yes,No,Yes,No,No,Month-to-month,No,Credit card (automatic),55.12,3161.77,Yes
CUST-04404,Male,0,No,No,60,No,No phone service,DSL,Yes,No,Yes,No,No,No,Two year,No,Credit card (automatic),69.58,4052.86,No
CUST-04405,Female,0,No,No,40,Yes,Yes,No,No internet service,No internet service,No internet service,No internet service,No internet service,No internet service,Month-to-month,No,Mailed check,29.51,1124.97,No
CUST-04406,Male,0,Yes,Yes,17,Yes,Yes,Fiber optic,Yes,No,No,Yes,Yes,No,Two year,No,Mailed check,113.99,1871.57,No
CUST-04407,Male,0,Yes,No,59,Yes,No,DSL,Yes,Yes,No,Yes,No,Yes,One year,No,Bank transfer (automatic),30.07,1858.92,No
CUST-04408,Female,0,Yes,No,68,Yes,Yes,Fiber optic,Yes,Yes,No,No,No,No,Month-to-month,No,Credit card (automatic),110.9,8224.5,No
CUST-04409,Female,0,Yes,No,58,No,No phone service,Fiber optic,No,No,Yes,Yes,Yes,Yes,Two year,Yes,Credit card (automatic),37.1,1947.74,No
CUST-04410,Female,0,No,No,41,Yes,No,No,No internet service,No internet service,No internet service,No internet service,No internet service,No internet service,One year,No,Mailed check,108.88,4577.31,No
CUST-04411,Female,0,Yes,No,35,Yes,Yes,Fiber optic,No,Yes,No,Yes,No,No,Two year,No,Electronic check,63.23,2023.96,No
CUST-04412,Female,1,Yes,Yes,39,Yes,Yes,Fiber optic,Yes,No,Yes,Yes,No,No,Month-to-month,No,Bank transfer (automatic),77.21,2831.83,No
CUST-04413,Male,0,Yes,Yes,29,No,No phone service,Fiber optic,No,Yes,No,Yes,Yes,Yes,Month-to-month,Yes,Electronic check,21.56,630.79,No
CUST-04414,Female,0,Yes,Yes,10,Yes,No,Fiber optic,Yes,Yes,Yes,Yes,Yes,Yes,Two year,No,Credit card (automatic),57.44,608.17,No
CUST-04415,Female,0,Yes,No,24,Yes,Yes,No,No internet service,No internet service,No internet service,No internet service,No internet service,No internet service,Month-to-month,No,Mailed check,67.34,1595.34,No
CUST-04416,Male,0,Yes,No,44,No,No phone service,DSL,Yes,Yes,Yes,Yes,Yes,Yes,Two year,Yes,Bank transfer (automatic),18.94,896.61,No
CUST-04417,Male,1,No,No,50,Yes,No,Fiber optic,No,No,Yes,Yes,Yes,Yes,Two year,No,Bank transfer (automatic),84.09,4385.94,No
CUST-04418,Female,1,No,No,42,Yes,Yes,Fiber optic,No,No,No,Yes,Yes,No,Month-to-month,No,Credit card (automatic),101.89,4017.26,Yes
CUST-04419,Male,0,No,No,65,Yes,No,Fiber optic,Yes,No,No,Yes,No,Yes,Month-to-month,No,Bank transfer (automatic),20.48,1380.78,No
CUST-04420,Male,0,Yes,No,46,Yes,No,DSL,No,No,Yes,Yes,No,Yes,One year,No,Mailed check,67.25,2981.14,No
CUST-04421,Female,0,Yes,No,23,Yes,No,DSL,No,Yes,Yes,No,No,Yes,Month-to-month,Yes,Credit card (automatic),21.37,517.73,No
CUST-04422,Male,0,No,No,36,Yes,No,Fiber optic,No,Yes,No,No,Yes,Yes,Month-to-month,No,Mailed check,105.33,3587.58,No
CUST-04423,Male,0,No,Yes,55,Yes,Yes,Fiber optic,No,Yes,No,No,No,No,Month-to-month,Yes,Mailed check,34.08,1741.13,No
CUST-04424,Female,1,No,No,45,Yes,No,DSL,Yes,No,No,Yes,Yes,Yes,Month-to-month,Yes,Credit card (automatic),23.85,1102.82,Yes
CUST-04425,Female,1,No,No,27,Yes,No,DSL,Yes,Yes,No,No,No,No,Two year,Yes,Bank transfer (automatic),103.77,2867.14,No
CUST-04426,Male,1,Yes,No,51,Yes,No,Fiber optic,No,Yes,Yes,Yes,No,Yes,Month-to-month,Yes,Credit card (automatic),62.45,3231.78,Yes
CUST-04427,Male,0,No,No,14,Yes,Yes,DSL,No,Yes,Yes,Yes,Yes,No,Month-to-month,Yes,Mailed check,27.54,365.76,No
CUST-04428,Female,0,Yes,No,44,Yes,Yes,No,No internet service,No internet service,No internet service,No internet service,No internet service,No internet service,Month-to-month,No,Mailed check,82.79,3428.55,No
CUST-04429,Male,0,Yes,No,57,No,No phone service,DSL,Yes,No,Yes,No,No,Yes,Two year,No,Electronic check,88.56,5464.31,No
CUST-04430,Male,0,Yes,No,66,Yes,No,DSL,No,No,No,No,No,No,Month-to-month,Yes,Mailed check,74.83,4971.04,No
CUST-04431,Male,0,No,No,71,Yes,Yes,DSL,Yes,No,Yes,Yes,No,No,Month-to-month,Yes,Mailed check,51.21,3567.95,No
CUST-04432,Female,0,No,No,40,Yes,Yes,DSL,No,Yes,No,No,Yes,Yes,Two year,Yes,Mailed check,60.45,2572.49,No
CUST-04433,Male,0,No,Yes,64,Yes,Yes,No,No internet service,No internet service,No internet service,No internet service,No internet service,No internet service,Month-to-month,No,Credit card (automatic),113.48,6610.21,No
CUST-04434,Male,0,Yes,No,39,Yes,No,DSL,Yes,Yes,No,No,No,No,Month-to-month,Yes,Mailed check,71.44,2884.23,Yes
CUST-04435,Female,1,Yes,Yes,4,Yes,Yes,DSL,Yes,No,No,Yes,Yes,No,Two year,No,Credit card (automatic),57.71,214.56,Yes
CUST-04436,Male,1,No,No,27,Yes,Yes,No,No internet service,No internet service,No internet service,No internet service,No internet service,No internet service,One year,No,Credit card (automatic),88.82,2266.79,Yes
CUST-04437,Male,1,Yes,No,37,No,No phone service,DSL,No,Yes,Yes,No,Yes,No,One year,No,Electronic check,25.62,974.38,No
CUST-04438,Female,0,No,No,17,Yes,No,DSL,Yes,No,Yes,No,No,No,Month-to-month,No,Mailed check,47.02,764.12,No
CUST-04439,Female,0,Yes,No,36,Yes,Yes,DSL,No,No,Yes,No,No,No,Month-to-month,No,Mailed check,40.65,1544.77,Yes
CUST-04440,Female,0,Yes,No,26,Yes,No,Fiber optic,No,Yes,No,Yes,Yes,No,Month-to-month,Yes,Mailed check,86.01,2244.57,Yes
CUST-04441,Female,0,Yes,Yes,24,Yes,No,Fiber optic,No,Yes,Yes,No,No,No,One year,Yes,Mailed check,78.39,1814.75,No
CUST-04442,Male,1,Yes,Yes,68,Yes,No,No,No internet service,No internet service,No internet service,No internet service,No internet service,No internet service,Month-to-month,Yes,Bank transfer (automatic),93.94,6853.77,No
CUST-04443,Male,1,Yes,No,26,Yes,Yes,Fiber optic,No,No,Yes,No,Yes,Yes,One year,Yes,Mailed check,60.68,1618.33,Yes
CUST-04444,Female,0,Yes,No,53,No,No phone service,Fiber optic,Yes,No,Yes,Yes,No,No,Month-to-month,No,Electronic check,35.39,1846.13,No
CUST-04445,Female,0,Yes,Yes,6,Yes,No,No,No internet service,No internet service,No internet service,No internet service,No internet service,No internet service,One year,Yes,Credit card (automatic),36.28,215.65,No
CUST-04446,Male,0,No,Yes,26,Yes,No,Fiber optic,No,No,No,No,Yes,No,One year,Yes,Bank transfer (automatic),107.23,2658.94,No
CUST-04447,Female,0,Yes,No,58,Yes,No,DSL,No,Yes,Yes,Yes,No,No,Two year,No,Mailed check,25.49,1362.65,No
CUST-04448,Male,1,Yes,No,71,Yes,No,Fiber optic,Yes,No,No,Yes,No,No,Two year,Yes,Electronic check,77.41,5279.1,No
CUST-04449,Female,0,No,No,30,Yes,No,Fiber optic,Yes,No,No,Yes,No,Yes,One year,No,Mailed check,41.17,1176.88,No
CUST-04450,Male,0,No,No,67,Yes,No,DSL,Yes,No,No,Yes,No,Yes,One year,No,Bank transfer (automatic),39.43,2555.0,No
CUST-04451,Female,0,No,Yes,3,No,No phone service,DSL,Yes,Yes,Yes,No,No,Yes,Month-to-month,No,Bank transfer (automatic),27.84,83.0,No
CUST-04452,Female,0,No,No,17,Yes,No,Fiber optic,Yes,No,Yes,No,Yes,No,Two year,No,Electronic check,115.93,1798.57,No
CUST-04453,Male,0,Yes,Yes,62,Yes,Yes,DSL,Yes,No,Yes,Yes,Yes,Yes,One year,No,Credit card (automatic),24.1,1376.46,No
CUST-04454,Female,1,Yes,No,51,Yes,No,Fiber optic,No,Yes,No,Yes,Yes,No,Month-to-month,No,Electronic check,32.78,1748.49,Yes
CUST-04455,Male,0,No,No,62,Yes,No,DSL,No,Yes,No,Yes,Yes,Yes,Two year,No,Bank transfer (automatic),54.52,3166.2,No
CUST-04456,Male,0,Yes,No,44,Yes,No,Fiber optic,No,No,No,No,No,Yes,One year,Yes,Mailed check,63.58,2707.42,No
CUST-04457,Male,0,No,No,11,Yes,No,DSL,Yes,No,No,Yes,No,No,One year,Yes,Bank transfer (automatic),113.08,1277.95,No
CUST-04458,Male,0,Yes,No,7,Yes,No,Fiber optic,Yes,No,No,No,No,No,Month-to-month,No,Mailed check,42.18,323.42,Yes
CUST-04459,Male,0,Yes,No,21,Yes,No,Fiber optic,Yes,No,Yes,Yes,No,No,Two year,Yes,Electronic check,90.1,1753.22,No
CUST-04460,Female,0,Yes,No,40,Yes,Yes,No,No internet service,No internet service,No internet service,No internet service,No internet service,No internet service,Two year,Yes,Bank transfer (automatic),83.64,3517.81,No
CUST-04461,Female,0,Yes,No,40,Yes,No,Fiber optic,Yes,No,Yes,No,No,Yes,Month-to-month,No,Mailed check,69.75,2785.13,Yes
CUST-04462,Male,0,Yes,No,56,Yes,No,Fiber optic,Yes,Yes,No,Yes,No,Yes,One year,Yes,Credit card (automatic),44.61,2295.19,No
CUST-04463,Female,0,No,No,31,Yes,Yes,No,No internet service,No internet service,No internet service,No internet service,No internet service,No internet service,Month-to-month,Yes,Credit card (automatic),33.66,974.38,No
CUST-04464,Male,0,Yes,Yes,54,Yes,Yes,DSL,Yes,Yes,Yes,No,No,No,Two year,No,Credit card (automatic),35.65,1999.89,No
CUST-04465,Female,0,Yes,No,5,Yes,Yes,DSL,No,Yes,Yes,Yes,Yes,No,One year,No,Mailed check,52.6,282.96,No
CUST-04466,Female,0,Yes,No,38,Yes,No,Fiber optic,Yes,No,No,Yes,No,Yes,Two year,Yes,Bank transfer (automatic),31.71,1087.4,No
CUST-04467,Female,0,Yes,No,8,Yes,No,DSL,Yes,Yes,No,No,Yes,Yes,Month-to-month,No,Bank transfer (automatic),117.86,890.61,Yes
CUST-04468,Female,0,Yes,No,31,Yes,No,No,No internet service,No internet service,No internet service,No internet service,No internet service,No internet service,Month-to-month,Yes,Mailed check,62.58,1884.87,No
CUST-04469,Male,0,No,No,35,Yes,No,Fiber optic,No,Yes,Yes,Yes,Yes,No,Two year,No,Mailed check,71.9,2762.51,No
CUST-04470,Male,0,Yes,No,15,Yes,No,Fiber optic,No,Yes,Yes,Yes,Yes,No,Month-to-month,Yes,Electronic check,79.65,1231.12,Yes
CUST-04471,Female,1,No,Yes,11,Yes,No,Fiber optic,No,Yes,Yes,No,No,No,Month-to-month,Yes,Mailed check,37.58,401.87,No
CUST-04472,Female,0,Yes,No,40,Yes,Yes,No,No internet service,No internet service,No internet service,No internet service,No internet service,No internet service,Two year,Yes,Bank transfer (automatic),66.18,2489.26,No
CUST-04473,Male,0,Yes,No,66,Yes,No,DSL,Yes,No,Yes,No,Yes,Yes,Month-to-month,Yes,Bank transfer (automatic),24.29,1515.54,Yes
CUST-04474,Female,1,No,No,57,Yes,No,Fiber optic,No,Yes,No,No,No,Yes,Month-to-month,Yes,Mailed check,114.92,5960.22,No
CUST-04475,Male,0,Yes,No,8,Yes,Yes,DSL,No,Yes,Yes,No,Yes,Yes,Month-to-month,No,Mailed check,65.28,573.91,No
CUST-04476,Male,0,Yes,No,16,Yes,No,No,No internet service,No internet service,No internet service,No internet service,No internet service,No internet service,One year,Yes,Mailed check,20.97,367.88,No
CUST-04477,Male,0,No,Yes,4,Yes,Yes,Fiber optic,Yes,No,No,No,Yes,No,Month-to-month,Yes,Electronic check,77.91,281.17,No
CUST-04478,Female,0,Yes,No,25,Yes,Yes,No,No internet service,No internet service,No internet service,No internet service,No internet service,No internet service,Two year,Yes,Bank transfer (automatic),28.01,668.15,No
CUST-04479,Male,0,No,Yes,0,Yes,Yes,Fiber optic,No,No,Yes,No,Yes,No,Month-to-month,Yes,Bank transfer (automatic),97.0,0.0,Yes
CUST-04480,Female,0,No,No,0,Yes,Yes,DSL,No,Yes,No,No,No,Yes,Two year,No,Credit card (automatic),113.34,0.0,No
CUST-04481,Male,0,No,No,34,Yes,No,No,No internet service,No internet service,No internet service,No internet service,No internet service,No internet service,One year,Yes,Mailed check,109.66,4027.65,Yes
CUST-04482,Female,1,Yes,No,8,Yes,No,No,No internet service,No internet service,No internet service,No internet service,No internet service,No internet service,One year,Yes,Electronic check,60.78,522.69,No
CUST-04483,Female,0,Yes,No,37,Yes,No,DSL,Yes,Yes,Yes,Yes,Yes,No,Month-to-month,No,Credit card (automatic),89.26,3424.78,Yes
CUST-04484,Female,0,No,No,3,Yes,No,DSL,Yes,Yes,No,No,No,No,Month-to-month,Yes,Electronic check,33.58,110.55,No
CUST-04485,Male,0,Yes,Yes,51,Yes,No,DSL,Yes,No,No,No,Yes,No,One year,Yes,Mailed check,25.57,1368.23,Yes
CUST-04486,Male,0,No,No,18,Yes,No,Fiber optic,No,No,Yes,Yes,No,Yes,Two year,Yes,Bank transfer (automatic),100.11,1708.79,No
CUST-04487,Female,0,Yes,Yes,4,Yes,Yes,No,No internet service,No internet service,No internet service,No internet service,No internet service,No internet service,Month-to-month,No,Electronic check,87.52,373.53,No
CUST-04488,Female,0,No,No,47,Yes,Yes,DSL,Yes,No,No,No,No,Yes,Two year,No,Mailed check,108.71,5117.48,No
CUST-04489,Female,0,Yes,Yes,62,Yes,Yes,Fiber optic,Yes,Yes,Yes,No,No,No,Month-to-month,Yes,Credit card (automatic),109.46,6791.9,No
CUST-04490,Male,0,No,No,37,Yes,Yes,Fiber optic,Yes,No,Yes,Yes,Yes,No,Month-to-month,Yes,Bank transfer (automatic),52.73,2080.92,Yes
CUST-04491,Male,1,Yes,No,51,Yes,Yes,DSL,No,Yes,No,Yes,No,Yes,Month-to-month,No,Bank transfer (automatic),49.86,2560.32,Yes
CUST-04492,Male,0,No,No,45,No,No phone service,DSL,Yes,No,Yes,Yes,No,No,Two year,Yes,Mailed check,62.19,2701.87,No
CUST-04493,Male,0,Yes,Yes,8,Yes,No,Fiber optic,Yes,Yes,No,Yes,Yes,Yes,One year,Yes,Bank transfer (automatic),84.57,734.57,Yes
CUST-04494,Female,0,No,No,49,Yes,Yes,No,No internet service,No internet service,No internet service,No internet service,No internet service,No internet service,Month-to-month,Yes,Electronic check,18.5,829.19,No
CUST-04495,Female,0,Yes,No,65,Yes,Yes,Fiber optic,Yes,No,Yes,No,No,No,Two year,Yes,Bank transfer (automatic),71.46,4791.47,No
CUST-04496,Male,0,Yes,No,37,No,No phone service,Fiber optic,No,Yes,Yes,Yes,No,No,One year,Yes,Electronic check,19.97,781.07,No
CUST-04497,Male,0,No,Yes,26,Yes,No,DSL,Yes,No,Yes,No,No,Yes,Two year,Yes,Credit card (automatic),63.07,1492.64,No
CUST-04498,Female,0,Yes,No,19,Yes,No,DSL,Yes,Yes,Yes,Yes,Yes,Yes,Two year,Yes,Electronic check,26.23,471.89,No
CUST-04499,Male,0,Yes,No,61,Yes,No,DSL,No,No,Yes,No,No,Yes,One year,Yes,Mailed check,74.22,4276.82,No
CUST-04500,Male,0,Yes,Yes,15,Yes,No,DSL,Yes,Yes,No,No,No,No,Two year,Yes,Mailed check,49.43,799.18,No
CUST-04501,Male,0,Yes,No,12,Yes,Yes,Fiber optic,No,No,Yes,Yes,Yes,Yes,Month-to-month,No,Bank transfer (automatic),65.89,814.45,Yes
CUST-04502,Male,0,No,No,19,Yes,Yes,Fiber optic,Yes,No,No,Yes,Yes,No,Two year,No,Electronic check,113.77,2039.26,Yes
CUST-04503,Male,0,Yes,No,23,Yes,Yes,DSL,No,Yes,Yes,No,No,Yes,Two year,Yes,Credit card (automatic),52.1,1296.51,No
CUST-04504,Male,0,Yes,Yes,49,Yes,No,Fiber optic,No,Yes,Yes,No,No,Yes,Month-to-month,Yes,Electronic check,89.93,4180.69,No
CUST-04505,Female,0,No,Yes,6,Yes,Yes,DSL,No,Yes,Yes,Yes,Yes,No,Two year,Yes,Electronic check,86.33,534.76,No
CUST-04506,Male,0,Yes,Yes,28,Yes,Yes,No,No internet service,No internet service,No internet service,No internet service,No internet service,No internet service,Month-to-month,Yes,Electronic check,104.89,2908.98,No
CUST-04507,Male,0,No,No,4,Yes,Yes,Fiber optic,Yes,Yes,Yes,No,Yes,Yes,Month-to-month,Yes,Electronic check,51.44,189.2,No
CUST-04508,Female,0,Yes,No,34,Yes,No,Fiber optic,No,No,Yes,No,No,No,Two year,Yes,Bank transfer (automatic),23.61,843.4,No
CUST-04509,Female,0,No,No,64,Yes,No,Fiber optic,Yes,Yes,No,No,Yes,No,Month-to-month,Yes,Electronic check,115.06,7110.07,No
CUST-04510,Female,0,Yes,No,69,Yes,No,Fiber optic,Yes,Yes,No,Yes,Yes,No,Month-to-month,Yes,Credit card (automatic),54.24,3637.78,No
CUST-04511,Male,0,No,Yes,6,Yes,No,Fiber optic,Yes,No,Yes,No,Yes,No,Month-to-month,No,Mailed check,37.37,211.42,No
CUST-04512,Female,0,No,Yes,43,Yes,Yes,No,No internet service,No internet service,No internet service,No internet service,No internet service,No internet service,One year,Yes,Mailed check,109.41,4990.92,Yes
CUST-04513,Male,1,No,No,71,Yes,Yes,Fiber optic,No,Yes,Yes,No,Yes,Yes,Two year,Yes,Electronic check,37.06,2452.35,No
CUST-04514,Male,1,Yes,Yes,12,No,No phone service,Fiber optic,No,Yes,No,No,No,No,Month-to-month,Yes,Bank transfer (automatic),70.88,802.63,Yes
CUST-04515,Male,0,No,No,37,Yes,No,Fiber optic,Yes,No,No,Yes,Yes,No,Two year,No,Mailed check,93.55,3396.75,No
CUST-04516,Female,0,Yes,No,12,Yes,No,Fiber optic,No,No,Yes,No,No,No,Month-to-month,Yes,Bank transfer (automatic),91.1,1016.42,No
CUST-04517,Female,0,No,Yes,53,Yes,Yes,No,No internet service,No internet service,No internet service,No internet service,No internet service,No internet service,Two year,Yes,Mailed check,20.95,1024.37,No
CUST-04518,Female,0,No,No,43,No,No phone service,Fiber optic,Yes,No,Yes,No,No,No,Two year,No,Electronic check,38.24,1651.45,No
CUST-04519,Female,0,No,No,12,No,No phone service,DSL,Yes,No,Yes,Yes,No,Yes,Month-to-month,No,Mailed check,106.85,1398.51,No
CUST-04520,Female,0,Yes,No,24,Yes,No,Fiber optic,Yes,Yes,No,No,No,No,Two year,No,Credit card (automatic),73.32,1865.89,No
CUST-04521,Male,1,Yes,No,23,Yes,No,No,No internet service,No internet service,No internet service,No internet service,No internet service,No internet service,Month-to-month,No,Electronic check,86.72,1865.76,No
CUST-04522,Male,1,No,Yes,28,Yes,No,No,No internet service,No internet service,No internet service,No internet service,No internet service,No internet service,Two year,No,Electronic check,58.23,1659.0,No
CUST-04523,Male,0,No,No,69,Yes,Yes,Fiber optic,No,No,Yes,No,No,Yes,Month-to-month,Yes,Credit card (automatic),92.52,6758.69,No
CUST-04524,Male,0,No,No,17,Yes,No,DSL,Yes,Yes,No,No,No,No,Two year,Yes,Electronic check,46.91,740.84,No
CUST-04525,Female,0,No,No,4,Yes,Yes,Fiber optic,No,No,No,Yes,Yes,Yes,Month-to-month,No,Mailed check,41.2,151.02,Yes
CUST-04526,Female,0,No,Yes,17,Yes,Yes,DSL,No,Yes,No,No,Yes,No,Month-to-month,No,Credit card (automatic),117.71,2157.6,No
CUST-04527,Male,0,No,No,62,Yes,No,Fiber optic,No,No,Yes,No,No,No,Month-to-month,No,Bank transfer (automatic),33.77,1986.98,No
CUST-04528,Female,0,No,No,36,No,No phone service,Fiber optic,Yes,No,No,No,Yes,Yes,Month-to-month,No,Credit card (automatic),116.14,4179.27,No
CUST-04529,Female,0,No,No,70,Yes,No,No,No internet service,No internet service,No internet service,No internet service,No internet service,No internet service,One year,No,Mailed check,110.65,7294.32,Yes
CUST-04530,Male,0,Yes,No,54,Yes,No,DSL,No,No,Yes,Yes,Yes,Yes,Month-to-month,No,Bank transfer (automatic),89.47,4394.29,No
CUST-04531,Male,0,No,No,11,Yes,No,No,No internet service,No internet service,No internet service,No internet service,No internet service,No internet service,Month-to-month,No,Electronic check,76.2,840.41,No
CUST-04532,Female,1,Yes,No,51,Yes,No,DSL,No,No,No,No,Yes,Yes,Two year,No,Bank transfer (automatic),18.45,928.73,No
CUST-04533,Female,0,No,No,56,Yes,Yes,Fiber optic,No,No,Yes,Yes,No,Yes,Month-to-month,Yes,Credit card (automatic),81.53,4772.49,No
CUST-04534,Male,0,Yes,Yes,45,Yes,Yes,DSL,No,Yes,No,No,Yes,No,Month-to-month,Yes,Electronic check,95.24,4592.16,Yes
CUST-04535,Male,0,Yes,No,43,Yes,No,No,No internet service,No internet service,No internet service,No internet service,No internet service,No internet service,One year,No,Credit card (automatic),91.29,3644.11,No
CUST-04536,Male,0,No,No,23,Yes,No,Fiber optic,No,Yes,Yes,No,Yes,Yes,Month-to-month,No,Credit card (automatic),35.21,756.65,No
CUST-04537,Female,0,Yes,No,8,Yes,Yes,DSL,No,Yes,Yes,Yes,No,Yes,Month-to-month,No,Credit card (automatic),72.45,631.79,Yes
CUST-04538,Male,0,Yes,No,11,Yes,Yes,DSL,No,Yes,Yes,Yes,No,No,One year,Yes,Credit card (automatic),73.02,790.04,No
CUST-04539,Male,1,No,No,8,No,No phone service,Fiber optic,No,Yes,No,No,Yes,Yes,Month-to-month,Yes,Mailed check,83.29,726.65,No
CUST-04540,Female,0,No,No,21,Yes,Yes,DSL,Yes,Yes,Yes,No,Yes,No,One year,Yes,Bank transfer (automatic),101.09,2054.29,No
CUST-04541,Female,0,No,Yes,16,No,No phone service,DSL,Yes,No,Yes,Yes,No,No,Two year,No,Credit card (automatic),87.82,1362.32,No
CUST-04542,Female,0,Yes,Yes,32,Yes,Yes,Fiber optic,Yes,No,Yes,Yes,No,No,Month-to-month,No,Bank transfer (automatic),32.13,1070.72,Yes
CUST-04543,Female,1,No,No,46,Yes,Yes,Fiber optic,No,No,No,No,Yes,Yes,Two year,Yes,Bank transfer (automatic),19.9,841.61,No
CUST-04544,Female,0,Yes,No,14,Yes,No,DSL,Yes,Yes,Yes,Yes,Yes,No,Month-to-month,Yes,Mailed check,31.66,435.52,No
CUST-04545,Male,0,No,No,32,Yes,No,Fiber optic,No,Yes,Yes,Yes,Yes,Yes,Month-to-month,Yes,Credit card (automatic),22.03,688.11,Yes
CUST-04546,Male,0,No,No,14,Yes,Yes,Fiber optic,No,No,Yes,Yes,Yes,Yes,One year,No,Credit card (automatic),61.68,783.27,No
CUST-04547,Female,0,Yes,No,26,Yes,No,No,No internet service,No internet service,No internet service,No internet service,No internet service,No internet service,Month-to-month,No,Bank transfer (automatic),46.38,1160.69,No
CUST-04548,Female,0,Yes,No,60,Yes,Yes,No,No internet service,No internet service,No internet service,No internet service,No internet service,No internet service,Month-to-month,Yes,Credit card (automatic),18.73,1100.99,No
CUST-04549,Female,0,Yes,Yes,67,Yes,No,Fiber optic,Yes,No,Yes,Yes,Yes,No,Month-to-month,No,Electronic check,26.03,1589.84,No
CUST-04550,Female,0,No,No,47,Yes,Yes,No,No internet service,No internet service,No internet service,No internet service,No internet service,No internet service,Month-to-month,Yes,Mailed check,57.75,2453.76,No
CUST-04551,Female,0,No,No,7,Yes,No,Fiber optic,Yes,Yes,No,Yes,No,Yes,Month-to-month,No,Electronic check,111.98,799.52,Yes
CUST-04552,Male,0,No,No,5,Yes,Yes,DSL,No,No,Yes,No,Yes,No,One year,Yes,Electronic check,117.48,552.84,Yes
CUST-04553,Male,0,Yes,No,62,Yes,No,Fiber optic,Yes,Yes,Yes,No,No,No,Month-to-month,Yes,Mailed check,23.01,1387.41,No
CUST-04554,Male,0,Yes,No,1,Yes,Yes,No,No internet service,No internet service,No internet service,No internet service,No internet service,No internet service,Two year,No,Credit card (automatic),101.06,92.57,No
CUST-04555,Male,0,Yes,No,21,Yes,No,No,No internet service,No internet service,No internet service,No internet service,No internet service,No internet service,Month-to-month,Yes,Credit card (automatic),66.03,1275.95,Yes
CUST-04556,Female,0,Yes,No,20,Yes,No,No,No internet service,No internet service,No internet service,No internet service,No internet service,No internet service,Month-to-month,Yes,Electronic check,80.1,1491.28,No
CUST-04557,Male,0,No,No,5,No,No phone service,Fiber optic,No,Yes,No,Yes,Yes,Yes,Two year,Yes,Credit card (automatic),68.6,310.75,No
CUST-04558,Female,1,Yes,No,69,Yes,No,Fiber optic,No,No,Yes,Yes,No,Yes,One year,No,Credit card (automatic),110.45,8020.98,No
CUST-04559,Female,1,Yes,No,12,Yes,No,DSL,No,Yes,No,Yes,Yes,Yes,Month-to-month,No,Credit card (automatic),65.85,854.39,Yes
CUST-04560,Female,0,No,No,0,Yes,Yes,DSL,Yes,Yes,No,Yes,No,Yes,Month-to-month,Yes,Bank transfer (automatic),34.8,0.0,No
CUST-04561,Male,0,No,Yes,21,Yes,No,Fiber optic,Yes,No,Yes,Yes,No,Yes,Two year,No,Electronic check,95.99,2143.36,Yes
CUST-04562,Female,0,Yes,No,23,Yes,No,Fiber optic,No,No,No,Yes,Yes,No,One year,No,Bank transfer (automatic),69.38,1479.43,Yes
CUST-04563,Male,1,Yes,Yes,63,Yes,Yes,DSL,Yes,Yes,No,No,No,Yes,Month-to-month,Yes,Credit card (automatic),29.71,1852.74,No
CUST-04564,Male,0,Yes,No,40,Yes,Yes,Fiber optic,No,No,Yes,No,No,No,Two year,No,Mailed check,64.16,2383.16,No
CUST-04565,Female,0,Yes,No,21,Yes,No,Fiber optic,Yes,No,Yes,No,No,No,Two year,Yes,Credit card (automatic),86.74,2001.98,No
CUST-04566,Female,0,Yes,Yes,60,Yes,No,No,No internet service,No internet service,No internet service,No internet service,No internet service,No internet service,Two year,Yes,Electronic check,47.58,2602.51,No
CUST-04567,Female,1,Yes,No,11,Yes,No,DSL,Yes,Yes,No,No,No,No,Two year,Yes,Electronic check,109.2,1187.75,No
CUST-04568,Male,0,No,No,3,Yes,Yes,Fiber optic,Yes,Yes,Yes,No,No,Yes,Month-to-month,No,Bank transfer (automatic),103.0,285.04,No
CUST-04569,Female,0,No,No,11,Yes,No,Fiber optic,No,Yes,Yes,No,No,No,Month-to-month,No,Electronic check,74.79,751.72,Yes
CUST-04570,Male,0,No,No,32,Yes,Yes,DSL,Yes,Yes,No,No,No,No,Month-to-month,Yes,Credit card (automatic),23.44,785.33,No
CUST-04571,Female,0,No,No,20,Yes,Yes,Fiber optic,Yes,No,Yes,Yes,No,Yes,Month-to-month,No,Bank transfer (automatic),76.33,1398.4,Yes
CUST-04572,Female,0,Yes,No,71,Yes,Yes,DSL,No,No,No,Yes,No,No,Two year,No,Credit card (automatic),59.56,3826.14,No
CUST-04573,Male,0,Yes,No,71,Yes,No,Fiber optic,No,Yes,Yes,No,Yes,No,Two year,Yes,Credit card (automatic),90.41,6996.38,Yes
CUST-04574,Male,0,Yes,No,51,Yes,No,Fiber optic,Yes,No,No,No,No,No,Two year,No,Electronic check,44.7,2135.97,No
CUST-04575,Male,1,Yes,Yes,46,Yes,No,No,No internet service,No internet service,No internet service,No internet service,No internet service,No internet service,One year,Yes,Mailed check,78.58,3863.69,No
CUST-04576,Male,0,No,No,58,Yes,No,No,No internet service,No internet service,No internet service,No internet service,No internet service,No internet service,One year,No,Bank transfer (automatic),73.44,4645.42,No
CUST-04577,Male,0,Yes,No,46,Yes,Yes,DSL,Yes,No,Yes,No,Yes,No,One year,No,Credit card (automatic),70.69,3415.61,No
CUST-04578,Male,0,Yes,No,55,Yes,No,No,No internet service,No internet service,No internet service,No internet service,No internet service,No internet service,Two year,Yes,Electronic check,29.59,1498.49,No
CUST-04579,Female,0,Yes,Yes,12,Yes,Yes,No,No internet service,No internet service,No internet service,No internet service,No internet service,No internet service,Month-to-month,Yes,Electronic check,66.99,750.9,No
CUST-04580,Female,0,Yes,No,43,Yes,No,Fiber optic,Yes,No,Yes,No,Yes,Yes,Month-to-month,Yes,Bank transfer (automatic),73.06,2939.97,No
CUST-04581,Male,0,No,No,34,Yes,Yes,DSL,No,No,No,Yes,No,No,Month-to-month,Yes,Credit card (automatic),110.77,3882.13,No
CUST-04582,Female,0,Yes,No,28,Yes,No,DSL,No,No,Yes,No,No,No,Two year,Yes,Electronic check,64.09,1679.51,No
CUST-04583,Male,1,No,No,55,No,No phone service,No,No internet service,No internet service,No internet service,No internet service,No internet service,No internet service,Month-to-month,Yes,Electronic check,81.99,4085.54,No
CUST-04584,Female,1,Yes,No,4,Yes,Yes,Fiber optic,No,Yes,No,No,Yes,No,One year,Yes,Bank transfer (automatic),74.92,297.2,No
CUST-04585,Female,1,Yes,No,66,Yes,No,DSL,Yes,Yes,No,No,Yes,Yes,Two year,Yes,Credit card (automatic),37.52,2520.44,Yes
CUST-04586,Male,0,Yes,No,52,Yes,No,Fiber optic,Yes,Yes,Yes,No,Yes,No,Two year,No,Bank transfer (automatic),36.44,1879.88,No
CUST-04587,Male,0,No,No,59,Yes,Yes,DSL,Yes,Yes,No,Yes,Yes,No,Month-to-month,Yes,Mailed check,91.94,5412.69,No
CUST-04588,Male,0,Yes,No,5,Yes,Yes,No,No internet service,No internet service,No internet service,No internet service,No internet service,No internet service,One year,Yes,Mailed check,70.31,348.51,No
CUST-04589,Female,0,Yes,Yes,47,Yes,Yes,No,No internet service,No internet service,No internet service,No internet service,No internet service,No internet service,Month-to-month,Yes,Bank transfer (automatic),107.6,4819.95,No
CUST-04590,Male,0,Yes,No,34,Yes,Yes,Fiber optic,No,No,Yes,Yes,No,No,One year,No,Electronic check,108.82,4037.23,No
CUST-04591,Female,0,No,No,17,No,No phone service,DSL,No,Yes,No,No,Yes,No,One year,Yes,Bank transfer (automatic),47.71,865.91,No
CUST-04592,Male,0,No,No,10,Yes,No,Fiber optic,No,Yes,Yes,No,No,No,Two year,Yes,Electronic check,28.15,271.53,No
CUST-04593,Female,0,Yes,No,50,Yes,Yes,DSL,Yes,No,No,No,Yes,No,Month-to-month,Yes,Mailed check,52.41,2379.24,No
CUST-04594,Female,0,No,No,22,Yes,No,DSL,No,Yes,Yes,No,No,No,Month-to-month,Yes,Credit card (automatic),24.7,582.31,No
CUST-04595,Male,0,Yes,Yes,46,Yes,No,Fiber optic,Yes,No,No,Yes,No,No,One year,No,Bank transfer (automatic),96.13,4636.21,No
CUST-04596,Female,0,Yes,No,58,Yes,Yes,DSL,Yes,No,No,No,Yes,Yes,Month-to-month,No,Credit card (automatic),32.62,1733.51,Yes
CUST-04597,Female,0,No,No,56,Yes,Yes,Fiber optic,No,Yes,Yes,No,Yes,No,One year,Yes,Bank transfer (automatic),104.64,6091.91,Yes
CUST-04598,Male,0,Yes,Yes,55,Yes,No,DSL,No,No,No,Yes,Yes,Yes,Two year,Yes,Mailed check,59.53,3243.12,No
CUST-04599,Female,0,Yes,Yes,26,Yes,No,Fiber optic,No,No,No,No,Yes,Yes,Month-to-month,Yes,Bank transfer (automatic),45.86,1104.21,No
CUST-04600,Male,1,No,Yes,34,Yes,Yes,DSL,Yes,No,No,Yes,Yes,No,Month-to-month,No,Bank transfer (automatic),68.15,2421.24,No
CUST-04601,Male,0,No,No,54,No,No phone service,Fiber optic,Yes,Yes,No,No,Yes,Yes,One year,Yes,Bank transfer (automatic),78.55,4119.29,No
CUST-04602,Male,1,No,Yes,8,No,No phone service,Fiber optic,No,Yes,Yes,Yes,Yes,Yes,Month-to-month,No,Credit card (automatic),88.15,763.09,Yes
CUST-04603,Male,0,No,No,17,Yes,No,No,No internet service,No internet service,No internet service,No internet service,No internet service,No internet service,Two year,Yes,Bank transfer (automatic),51.82,800.4,No
CUST-04604,Female,0,Yes,No,43,Yes,Yes,Fiber optic,Yes,No,Yes,Yes,No,Yes,Month-to-month,Yes,Mailed check,116.3,5438.31,Yes
CUST-04605,Female,0,Yes,No,20,Yes,Yes,Fiber optic,No,Yes,Yes,Yes,No,No,Two year,Yes,Electronic check,60.23,1105.34,No
CUST-04606,Female,0,Yes,No,55,Yes,No,No,No internet service,No internet service,No internet service,No internet service,No internet service,No internet service,Two year,Yes,Mailed check,101.45,5062.12,No
CUST-04607,Male,0,Yes,No,47,Yes,Yes,Fiber optic,Yes,No,No,Yes,Yes,Yes,Two year,No,Mailed check,21.49,1026.55,No
CUST-04608,Female,0,Yes,No,0,Yes,Yes,Fiber optic,Yes,Yes,No,Yes,Yes,Yes,Month-to-month,Yes,Bank transfer (automatic),95.8,0.0,No
CUST-04609,Female,0,Yes,No,26,Yes,Yes,DSL,Yes,Yes,Yes,Yes,No,Yes,Two year,Yes,Mailed check,73.13,1786.4,No
CUST-04610,Male,0,Yes,No,44,Yes,No,No,No internet service,No internet service,No internet service,No internet service,No internet service,No internet service,Two year,Yes,Bank transfer (automatic),81.96,3877.42,No
CUST-04611,Male,0,Yes,No,62,Yes,No,Fiber optic,No,Yes,Yes,Yes,No,Yes,One year,Yes,Bank transfer (automatic),55.29,3635.05,No
CUST-04612,Female,0,No,No,57,Yes,Yes,DSL,No,Yes,No,Yes,No,No,Two year,No,Electronic check,72.48,3951.71,No
CUST-04613,Male,0,Yes,Yes,39,Yes,No,DSL,No,No,Yes,No,Yes,No,Month-to-month,Yes,Mailed check,111.22,4288.2,No
CUST-04614,Male,0,Yes,No,62,Yes,Yes,Fiber optic,Yes,Yes,No,No,Yes,No,Two year,Yes,Mailed check,56.6,3708.04,No
CUST-04615,Male,0,Yes,No,37,Yes,No,DSL,No,No,Yes,Yes,Yes,No,Month-to-month,Yes,Bank transfer (automatic),28.58,1127.96,No
CUST-04616,Male,0,Yes,No,28,Yes,No,Fiber optic,No,Yes,No,No,Yes,Yes,Month-to-month,Yes,Bank transfer (automatic),90.05,2670.8,Yes
CUST-04617,Female,0,Yes,No,39,No,No phone service,DSL,No,Yes,Yes,Yes,No,Yes,One year,Yes,Electronic check,68.52,2548.24,No
CUST-04618,Male,0,No,No,18,Yes,Yes,Fiber optic,Yes,No,No,Yes,No,No,Month-to-month,Yes,Credit card (automatic),60.49,1146.6,No
CUST-04619,Male,1,No,Yes,55,Yes,No,DSL,No,No,No,No,No,No,Month-to-month,No,Bank transfer (automatic),95.78,5407.61,No
CUST-04620,Male,0,No,No,43,Yes,No,Fiber optic,No,No,No,No,No,No,Month-to-month,No,Electronic check,74.22,3208.21,No
CUST-04621,Male,0,Yes,No,64,Yes,No,DSL,Yes,No,Yes,Yes,No,Yes,Month-to-month,Yes,Bank transfer (automatic),81.14,5674.43,No
CUST-04622,Male,0,Yes,No,12,Yes,No,Fiber optic,No,Yes,No,No,No,Yes,Month-to-month,No,Bank transfer (automatic),110.61,1353.34,Yes
CUST-04623,Male,0,Yes,No,29,Yes,Yes,No,No internet service,No internet service,No internet service,No internet service,No internet service,No internet service,Two year,Yes,Bank transfer (automatic),23.85,742.66,No
CUST-04624,Male,0,Yes,No,48,No,No phone service,No,No internet service,No internet service,No internet service,No internet service,No internet service,No internet service,One year,No,Credit card (automatic),44.24,2230.69,No
CUST-04625,Male,0,No,No,62,Yes,Yes,DSL,No,No,No,Yes,Yes,Yes,Month-to-month,No,Credit card (automatic),107.82,6076.63,No
CUST-04626,Female,0,No,No,70,Yes,Yes,Fiber optic,Yes,Yes,No,No,No,No,Month-to-month,No,Bank transfer (automatic),97.27,6491.51,No
CUST-04627,Male,0,Yes,No,34,Yes,No,Fiber optic,No,No,No,No,Yes,Yes,Month-to-month,Yes,Mailed check,36.86,1280.6,No
CUST-04628,Female,0,Yes,No,10,Yes,No,No,No internet service,No internet service,No internet service,No internet service,No internet service,No internet service,Month-to-month,Yes,Electronic check,34.91,344.79,No
CUST-04629,Male,0,No,Yes,48,Yes,No,No,No internet service,No internet service,No internet service,No internet service,No internet service,No internet service,Month-to-month,No,Mailed check,100.51,5263.98,No
CUST-04630,Male,0,No,No,39,Yes,Yes,DSL,Yes,Yes,Yes,No,Yes,Yes,One year,No,Mailed check,73.29,2906.11,No
CUST-04631,Male,0,No,No,20,Yes,Yes,DSL,Yes,Yes,No,No,Yes,Yes,Month-to-month,Yes,Electronic check,104.03,2259.15,No
CUST-04632,Male,1,No,Yes,46,Yes,No,Fiber optic,No,No,No,Yes,Yes,Yes,Month-to-month,Yes,Bank transfer (automatic),109.77,4752.4,No
CUST-04633,Female,0,No,Yes,2,Yes,No,DSL,Yes,No,Yes,No,No,No,Month-to-month,No,Credit card (automatic),24.95,53.87,No
CUST-04634,Male,0,No,No,29,Yes,No,No,No internet service,No internet service,No internet service,No internet service,No internet service,No internet service,Month-to-month,Yes,Bank transfer (automatic),114.98,3359.19,Yes
CUST-04635,Male,0,No,No,66,Yes,Yes,No,No internet service,No internet service,No internet service,No internet service,No internet service,No internet service,Month-to-month,Yes,Credit card (automatic),89.65,5578.54,No
CUST-04636,Female,1,Yes,No,61,Yes,Yes,Fiber optic,No,No,Yes,No,No,No,Month-to-month,Yes,Bank transfer (automatic),101.45,6052.59,No
CUST-04637,Female,0,Yes,No,36,Yes,No,DSL,No,No,Yes,No,No,No,Month-to-month,No,Electronic check,81.03,3190.6,Yes
CUST-04638,Male,0,No,No,21,Yes,Yes,Fiber optic,Yes,No,Yes,Yes,Yes,Yes,Month-to-month,No,Mailed check,48.52,1112.55,No
CUST-04639,Female,0,Yes,Yes,30,Yes,Yes,Fiber optic,No,Yes,Yes,Yes,No,Yes,Two year,No,Mailed check,77.94,2114.66,No
CUST-04640,Female,0,No,Yes,45,Yes,Yes,No,No internet service,No internet service,No internet service,No internet service,No internet service,No internet service,One year,Yes,Mailed check,69.59,3010.93,No
CUST-04641,Female,0,Yes,Yes,44,Yes,Yes,DSL,No,No,No,No,No,No,Month-to-month,Yes,Mailed check,111.21,5284.05,Yes
CUST-04642,Male,0,No,Yes,13,Yes,No,Fiber optic,No,No,Yes,Yes,No,Yes,Month-to-month,No,Electronic check,73.5,866.16,No
CUST-04643,Male,1,Yes,Yes,11,Yes,No,DSL,No,No,No,No,No,No,Two year,No,Mailed check,20.79,249.59,No
CUST-04644,Male,0,No,No,62,Yes,No,Fiber optic,Yes,Yes,Yes,Yes,No,Yes,Month-to-month,Yes,Credit card (automatic),86.61,5249.52,No
CUST-04645,Female,0,Yes,No,37,Yes,Yes,No,No internet service,No internet service,No internet service,No internet service,No internet service,No internet service,Month-to-month,No,Electronic check,23.05,787.15,No
CUST-04646,Male,0,Yes,No,46,Yes,No,No,No internet service,No internet service,No internet service,No internet service,No internet service,No internet service,Month-to-month,No,Mailed check,112.4,4964.77,No
CUST-04647,Female,0,No,No,53,Yes,No,Fiber optic,Yes,Yes,Yes,Yes,Yes,No,Month-to-month,Yes,Credit card (automatic),66.66,3750.73,No
CUST-04648,Male,1,No,No,54,No,No phone service,No,No internet service,No internet service,No internet service,No internet service,No internet service,No internet service,Two year,No,Electronic check,114.8,6817.19,No
CUST-04649,Male,0,No,No,47,Yes,Yes,DSL,Yes,Yes,Yes,No,Yes,Yes,Month-to-month,Yes,Mailed check,20.59,896.86,No
CUST-04650,Female,0,Yes,No,71,Yes,Yes,Fiber optic,Yes,No,Yes,No,Yes,Yes,Two year,Yes,Mailed check,71.28,5200.12,No
CUST-04651,Male,0,Yes,No,14,Yes,No,Fiber optic,Yes,Yes,Yes,No,No,Yes,Month-to-month,Yes,Mailed check,40.62,617.05,No
CUST-04652,Female,0,Yes,Yes,70,Yes,No,Fiber optic,Yes,No,Yes,No,Yes,Yes,Month-to-month,Yes,Electronic check,82.07,6204.16,No
CUST-04653,Female,0,Yes,No,15,Yes,Yes,DSL,Yes,No,Yes,No,Yes,Yes,Month-to-month,No,Electronic check,67.82,993.57,No
CUST-04654,Male,1,No,No,42,Yes,No,No,No internet service,No internet service,No internet service,No internet service,No internet service,No internet service,One year,Yes,Mailed check,74.61,3362.86,No
CUST-04655,Female,1,No,No,6,Yes,No,Fiber optic,Yes,Yes,No,No,No,No,One year,No,Bank transfer (automatic),53.96,303.79,No
CUST-04656,Male,0,Yes,No,42,No,No phone service,Fiber optic,No,No,Yes,No,Yes,No,One year,No,Electronic check,23.15,997.99,No
CUST-04657,Male,0,No,No,27,Yes,Yes,Fiber optic,No,No,No,No,Yes,Yes,Month-to-month,No,Credit card (automatic),28.61,787.61,Yes
CUST-04658,Female,0,No,No,65,Yes,No,DSL,No,No,No,Yes,Yes,No,Month-to-month,No,Credit card (automatic),103.86,7132.84,No
CUST-04659,Male,1,No,Yes,59,Yes,No,DSL,No,No,Yes,Yes,Yes,Yes,Month-to-month,Yes,Bank transfer (automatic),88.28,4926.21,No
CUST-04660,Female,0,No,No,2,Yes,Yes,No,No internet service,No internet service,No internet service,No internet service,No internet service,No internet service,Two year,Yes,Credit card (automatic),94.94,194.77,No
CUST-04661,Male,0,Yes,Yes,0,Yes,Yes,Fiber optic,No,Yes,Yes,No,No,Yes,Two year,No,Credit card (automatic),30.27,0.0,No
CUST-04662,Male,0,No,No,30,Yes,Yes,No,No internet service,No internet service,No internet service,No internet service,No internet service,No internet service,Month-to-month,No,Credit card (automatic),22.92,630.42,No
CUST-04663,Male,0,No,Yes,55,No,No phone service,DSL,Yes,Yes,Yes,No,Yes,No,Month-to-month,Yes,Electronic check,19.73,1048.38,Yes
CUST-04664,Male,1,No,No,45,Yes,No,No,No internet service,No internet service,No internet service,No internet service,No internet service,No internet service,Month-to-month,Yes,Credit card (automatic),70.18,2973.31,No
CUST-04665,Male,0,Yes,Yes,31,No,No phone service,No,No internet service,No internet service,No internet service,No internet service,No internet service,No internet service,Month-to-month,No,Bank transfer (automatic),68.09,2321.7,No
CUST-04666,Female,0,No,No,17,Yes,No,Fiber optic,No,No,Yes,Yes,Yes,Yes,Two year,Yes,Mailed check,29.06,542.49,No
CUST-04667,Female,0,Yes,Yes,67,Yes,No,Fiber optic,Yes,No,No,No,Yes,Yes,Two year,Yes,Electronic check,52.66,3353.53,No
CUST-04668,Female,0,Yes,Yes,34,Yes,No,Fiber optic,No,No,Yes,No,Yes,No,Month-to-month,Yes,Electronic check,71.02,2563.68,No
CUST-04669,Female,0,No,No,22,Yes,Yes,DSL,Yes,No,Yes,Yes,Yes,Yes,Month-to-month,No,Bank transfer (automatic),85.58,2001.92,Yes
CUST-04670,Female,0,No,Yes,12,Yes,Yes,Fiber optic,No,No,Yes,No,No,Yes,One year,Yes,Mailed check,99.0,1291.57,No
CUST-04671,Female,0,Yes,Yes,13,Yes,Yes,DSL,Yes,No,No,No,Yes,Yes,Month-to-month,Yes,Electronic check,82.14,988.62,No
CUST-04672,Male,0,Yes,Yes,36,Yes,Yes,No,No internet service,No internet service,No internet service,No internet service,No internet service,No internet service,Month-to-month,Yes,Mailed check,21.0,781.34,Yes
CUST-04673,Male,0,Yes,No,4,Yes,No,No,No internet service,No internet service,No internet service,No internet service,No internet service,No internet service,Month-to-month,Yes,Electronic check,76.61,288.41,No
CUST-04674,Female,0,Yes,No,21,No,No phone service,Fiber optic,No,Yes,No,Yes,Yes,Yes,Month-to-month,Yes,Bank transfer (automatic),26.79,580.33,No
CUST-04675,Female,0,No,Yes,27,Yes,Yes,DSL,No,No,Yes,Yes,No,No,Month-to-month,No,Mailed check,74.49,2160.94,No
CUST-04676,Male,0,Yes,Yes,3,Yes,No,DSL,Yes,Yes,No,No,No,No,Month-to-month,Yes,Bank transfer (automatic),55.6,152.83,No
CUST-04677,Male,0,No,No,49,Yes,Yes,No,No internet service,No internet service,No internet service,No internet service,No internet service,No internet service,Month-to-month,No,Mailed check,46.63,2347.47,No
CUST-04678,Male,0,No,No,28,Yes,No,No,No internet service,No internet service,No internet service,No internet service,No internet service,No internet service,Month-to-month,Yes,Electronic check,66.17,1866.69,No
CUST-04679,Female,0,Yes,No,36,Yes,No,Fiber optic,Yes,No,No,Yes,No,Yes,Month-to-month,No,Electronic check,56.15,1890.25,Yes
CUST-04680,Female,0,No,No,34,Yes,No,Fiber optic,No,Yes,Yes,Yes,Yes,Yes,Month-to-month,Yes,Credit card (automatic),101.03,3254.72,No
CUST-04681,Female,1,Yes,No,19,Yes,No,Fiber optic,No,No,Yes,No,Yes,Yes,One year,No,Credit card (automatic),40.65,775.52,No
CUST-04682,Male,0,Yes,No,34,Yes,No,No,No internet service,No internet service,No internet service,No internet service,No internet service,No internet service,Month-to-month,No,Bank transfer (automatic),31.67,1154.41,No
CUST-04683,Male,0,Yes,No,1,Yes,No,Fiber optic,No,No,Yes,No,Yes,No,One year,No,Credit card (automatic),101.7,105.26,No
CUST-04684,Female,0,No,No,57,Yes,No,DSL,Yes,Yes,No,No,Yes,Yes,Month-to-month,Yes,Mailed check,42.34,2185.29,No
CUST-04685,Female,0,No,No,17,Yes,Yes,Fiber optic,Yes,No,Yes,No,Yes,Yes,Two year,Yes,Bank transfer (automatic),21.22,333.77,No
CUST-04686,Male,1,Yes,No,55,Yes,Yes,DSL,No,Yes,No,No,No,Yes,Month-to-month,Yes,Mailed check,56.7,3357.17,Yes
CUST-04687,Male,0,No,No,63,Yes,No,Fiber optic,Yes,Yes,No,No,No,No,Two year,Yes,Electronic check,99.9,6485.82,No
CUST-04688,Male,1,No,No,51,Yes,Yes,Fiber optic,Yes,Yes,Yes,Yes,Yes,No,Month-to-month,No,Credit card (automatic),61.19,2819.89,Yes
CUST-04689,Male,0,No,No,21,Yes,Yes,No,No internet service,No internet service,No internet service,No internet service,No internet service,No internet service,Month-to-month,Yes,Electronic check,65.01,1391.46,No
CUST-04690,Female,1,No,No,59,Yes,Yes,Fiber optic,Yes,Yes,No,Yes,No,No,Month-to-month,No,Credit card (automatic),22.72,1251.63,Yes
CUST-04691,Male,1,No,Yes,9,Yes,Yes,DSL,Yes,Yes,No,Yes,No,Yes,Month-to-month,Yes,Electronic check,89.11,869.35,No
CUST-04692,Male,1,Yes,No,5,Yes,Yes,No,No internet service,No internet service,No internet service,No internet service,No internet service,No internet service,Month-to-month,No,Credit card (automatic),52.37,242.08,Yes
CUST-04693,Male,0,No,No,5,Yes,No,No,No internet service,No internet service,No internet service,No internet service,No internet service,No internet service,Month-to-month,No,Mailed check,90.86,415.86,No
CUST-04694,Female,0,No,No,27,Yes,No,Fiber optic,No,No,No,Yes,No,Yes,Month-to-month,Yes,Electronic check,59.1,1641.91,Yes
CUST-04695,Female,0,Yes,No,41,Yes,No,DSL,Yes,Yes,Yes,No,No,No,Month-to-month,Yes,Credit card (automatic),70.69,3067.98,No
CUST-04696,Male,0,No,Yes,40,Yes,Yes,DSL,No,No,Yes,Yes,Yes,Yes,Two year,No,Electronic check,76.95,2938.76,No
CUST-04697,Male,1,No,Yes,62,No,No phone service,DSL,No,Yes,Yes,Yes,No,No,Month-to-month,No,Mailed check,37.69,2243.94,Yes
CUST-04698,Male,0,No,No,21,Yes,No,DSL,No,No,No,Yes,No,No,Two year,No,Credit card (automatic),47.4,966.89,No
CUST-04699,Female,1,Yes,No,28,Yes,Yes,DSL,No,No,Yes,Yes,Yes,No,Month-to-month,Yes,Electronic check,76.56,2257.64,No
CUST-04700,Female,0,No,No,70,Yes,No,DSL,Yes,No,No,Yes,Yes,Yes,Month-to-month,No,Mailed check,100.29,6686.12,No
CUST-04701,Female,0,No,Yes,33,Yes,No,No,No internet service,No internet service,No internet service,No internet service,No internet service,No internet service,Month-to-month,Yes,Electronic check,114.14,3456.36,No
CUST-04702,Male,0,Yes,No,1,Yes,Yes,Fiber optic,No,Yes,Yes,No,Yes,Yes,Two year,Yes,Mailed check,70.42,67.73,No
CUST-04703,Female,0,Yes,No,25,Yes,Yes,Fiber optic,Yes,Yes,No,No,No,No,Two year,No,Credit card (automatic),25.39,693.91,No
CUST-04704,Male,0,No,No,18,Yes,Yes,DSL,Yes,No,Yes,Yes,No,Yes,Month-to-month,Yes,Bank transfer (automatic),113.6,2018.03,Yes
CUST-04705,Male,0,Yes,No,19,Yes,No,No,No internet service,No internet service,No internet service,No internet service,No internet service,No internet service,Month-to-month,Yes,Mailed check,60.08,1155.21,Yes
CUST-04706,Male,1,Yes,No,32,Yes,No,Fiber optic,Yes,No,No,Yes,No,Yes,Month-to-month,Yes,Mailed check,28.25,951.42,Yes
CUST-04707,Female,0,Yes,No,3,Yes,No,No,No internet service,No internet service,No internet service,No internet service,No internet service,No internet service,One year,Yes,Electronic check,115.22,349.71,No
CUST-04708,Male,0,No,No,31,Yes,No,Fiber optic,Yes,No,Yes,Yes,Yes,Yes,One year,Yes,Credit card (automatic),46.05,1472.33,No
CUST-04709,Female,0,No,Yes,18,Yes,Yes,DSL,Yes,Yes,No,Yes,Yes,Yes,Month-to-month,Yes,Credit card (automatic),83.68,1620.82,No
CUST-04710,Female,0,Yes,No,2,No,No phone service,No,No internet service,No internet service,No internet service,No internet service,No internet service,No internet service,Month-to-month,Yes,Electronic check,32.41,63.17,No
CUST-04711,Male,0,Yes,No,60,Yes,Yes,Fiber optic,No,Yes,No,Yes,No,No,Month-to-month,No,Electronic check,89.96,4978.18,No
CUST-04712,Male,0,Yes,No,37,Yes,No,Fiber optic,No,No,Yes,No,Yes,Yes,Month-to-month,No,Credit card (automatic),115.63,3931.31,Yes
CUST-04713,Female,0,Yes,No,5,Yes,No,Fiber optic,Yes,No,No,Yes,No,Yes,Month-to-month,Yes,Electronic check,116.51,615.48,Yes
CUST-04714,Male,0,No,No,55,Yes,No,Fiber optic,No,Yes,No,Yes,No,Yes,Month-to-month,Yes,Bank transfer (automatic),30.62,1736.28,No
CUST-04715,Female,0,Yes,No,39,Yes,No,No,No internet service,No internet service,No internet service,No internet service,No internet service,No internet service,Two year,No,Electronic check,94.87,3749.12,No
CUST-04716,Male,1,No,No,68,No,No phone service,Fiber optic,Yes,No,Yes,Yes,No,Yes,Month-to-month,Yes,Bank transfer (automatic),84.43,6234.98,Yes
CUST-04717,Female,0,Yes,No,41,Yes,No,Fiber optic,Yes,No,No,Yes,No,Yes,Two year,No,Electronic check,98.15,4126.24,Yes
CUST-04718,Female,0,No,No,1,Yes,Yes,Fiber optic,No,Yes,No,No,No,No,Month-to-month,Yes,Mailed check,51.32,46.68,Yes
CUST-04719,Female,0,No,Yes,27,Yes,No,No,No internet service,No internet service,No internet service,No internet service,No internet service,No internet service,Two year,No,Credit card (automatic),58.17,1560.74,No
CUST-04720,Female,0,Yes,No,16,Yes,Yes,Fiber optic,No,Yes,No,No,Yes,Yes,Two year,No,Mailed check,52.18,787.27,No
CUST-04721,Male,0,No,No,69,Yes,Yes,DSL,Yes,No,No,Yes,Yes,No,Month-to-month,No,Mailed check,94.65,6689.29,No
CUST-04722,Male,0,No,Yes,68,Yes,No,Fiber optic,Yes,No,Yes,Yes,No,Yes,Month-to-month,Yes,Electronic check,98.91,6305.77,Yes
CUST-04723,Female,0,No,Yes,38,Yes,No,DSL,Yes,Yes,Yes,Yes,Yes,Yes,Month-to-month,Yes,Credit card (automatic),42.93,1678.64,No
CUST-04724,Female,0,Yes,No,6,Yes,No,DSL,Yes,No,No,No,Yes,Yes,Month-to-month,Yes,Bank transfer (automatic),75.28,486.31,No
CUST-04725,Male,0,No,No,31,Yes,Yes,DSL,Yes,Yes,No,No,No,Yes,Month-to-month,No,Mailed check,30.6,868.38,No
CUST-04726,Male,0,No,No,3,Yes,Yes,DSL,No,Yes,No,No,Yes,No,Two year,Yes,Credit card (automatic),19.32,55.17,No
CUST-04727,Male,0,Yes,Yes,20,Yes,Yes,DSL,Yes,No,No,Yes,Yes,Yes,Two year,Yes,Mailed check,79.01,1635.03,No
CUST-04728,Male,0,Yes,Yes,31,No,No phone service,DSL,No,Yes,Yes,No,No,No,Month-to-month,No,Bank transfer (automatic),102.02,3296.22,No
CUST-04729,Male,0,No,No,13,Yes,No,Fiber optic,No,Yes,No,No,Yes,Yes,Two year,No,Bank transfer (automatic),108.66,1437.1,No
CUST-04730,Male,0,No,Yes,69,Yes,Yes,DSL,No,Yes,No,Yes,No,No,Two year,Yes,Bank transfer (automatic),80.04,5124.12,No
CUST-04731,Female,0,Yes,Yes,45,Yes,Yes,DSL,Yes,No,Yes,No,Yes,Yes,Month-to-month,Yes,Mailed check,98.87,4220.14,Yes
CUST-04732,Male,0,Yes,Yes,19,Yes,Yes,No,No internet service,No internet service,No internet service,No internet service,No internet service,No internet service,Month-to-month,Yes,Credit card (automatic),58.42,1200.41,Yes
CUST-04733,Male,0,No,Yes,57,Yes,Yes,No,No internet service,No internet service,No internet service,No internet service,No internet service,No internet service,Month-to-month,No,Bank transfer (automatic),105.53,6399.26,No
CUST-04734,Female,1,No,Yes,47,Yes,No,DSL,Yes,No,No,Yes,No,Yes,Month-to-month,Yes,Electronic check,95.47,4890.95,No
CUST-04735,Male,0,Yes,No,6,Yes,No,No,No internet service,No internet service,No internet service,No internet service,No internet service,No internet service,Month-to-month,Yes,Credit card (automatic),48.85,287.77,Yes
CUST-04736,Male,0,Yes,Yes,39,Yes,No,Fiber optic,Yes,No,Yes,Yes,No,No,Month-to-month,Yes,Electronic check,77.72,2994.44,No
CUST-04737,Male,0,No,No,58,Yes,No,DSL,Yes,Yes,No,No,No,Yes,Month-to-month,Yes,Electronic check,23.13,1276.84,No
CUST-04738,Male,0,No,No,35,Yes,No,Fiber optic,Yes,No,No,No,Yes,Yes,Month-to-month,Yes,Credit card (automatic),32.66,1148.71,No
CUST-04739,Male,0,Yes,No,43,Yes,Yes,No,No internet service,No internet service,No internet service,No internet service,No internet service,No internet service,Month-to-month,No,Credit card (automatic),112.67,5164.42,No
CUST-04740,Female,0,No,No,30,Yes,Yes,Fiber optic,Yes,Yes,Yes,No,No,Yes,Month-to-month,No,Electronic check,18.98,540.67,No
CUST-04741,Male,0,No,No,41,Yes,Yes,DSL,No,Yes,Yes,No,No,No,One year,No,Electronic check,38.32,1458.2,No
CUST-04742,Female,1,No,No,43,Yes,Yes,DSL,No,No,No,Yes,No,Yes,Month-to-month,Yes,Electronic check,31.88,1439.53,No
CUST-04743,Female,0,No,No,42,Yes,Yes,DSL,Yes,No,Yes,No,Yes,Yes,One year,No,Credit card (automatic),87.88,3833.73,No
CUST-04744,Male,0,Yes,No,42,Yes,No,DSL,Yes,Yes,No,Yes,Yes,No,Two year,Yes,Electronic check,28.57,1278.95,No
CUST-04745,Female,0,Yes,No,46,Yes,Yes,DSL,No,Yes,Yes,Yes,No,Yes,Month-to-month,No,Mailed check,20.01,966.77,No
CUST-04746,Male,0,No,No,5,Yes,No,Fiber optic,No,No,No,No,Yes,No,Two year,Yes,Electronic check,111.05,546.29,Yes
CUST-04747,Female,0,No,Yes,65,Yes,No,Fiber optic,No,No,Yes,Yes,Yes,Yes,Month-to-month,Yes,Bank transfer (automatic),105.28,6373.48,No
CUST-04748,Female,0,No,No,8,Yes,No,Fiber optic,Yes,Yes,No,Yes,Yes,Yes,Month-to-month,Yes,Mailed check,53.84,449.2,Yes
CUST-04749,Male,0,No,No,10,Yes,Yes,Fiber optic,No,Yes,No,No,No,No,One year,No,Credit card (automatic),28.05,301.73,No
CUST-04750,Male,0,Yes,No,17,Yes,Yes,DSL,No,No,Yes,No,No,No,Month-to-month,No,Credit card (automatic),85.82,1357.63,No
CUST-04751,Male,0,No,Yes,24,Yes,Yes,Fiber optic,No,Yes,No,Yes,No,No,Month-to-month,Yes,Mailed check,106.31,2560.96,No
CUST-04752,Male,0,No,No,57,Yes,No,No,No internet service,No internet service,No internet service,No internet service,No internet service,No internet service,One year,Yes,Electronic check,115.47,6356.51,No
CUST-04753,Male,1,Yes,No,29,No,No phone service,Fiber optic,No,Yes,Yes,No,Yes,Yes,Month-to-month,No,Electronic check,31.01,902.79,Yes
CUST-04754,Female,0,Yes,Yes,0,Yes,Yes,Fiber optic,Yes,No,No,No,Yes,Yes,Two year,No,Credit card (automatic),78.02,0.0,No
CUST-04755,Female,0,No,No,62,Yes,No,DSL,Yes,Yes,No,Yes,No,Yes,Two year,Yes,Mailed check,61.06,3674.82,No
CUST-04756,Female,0,Yes,No,28,No,No phone service,DSL,Yes,No,Yes,No,Yes,Yes,Month-to-month,Yes,Electronic check,33.68,940.07,No
CUST-04757,Female,0,Yes,No,65,Yes,No,Fiber optic,Yes,No,No,Yes,No,No,One year,No,Bank transfer (automatic),98.79,5972.97,No
CUST-04758,Female,0,No,No,52,Yes,Yes,Fiber optic,Yes,Yes,No,No,No,Yes,Two year,Yes,Mailed check,96.22,4910.86,No
CUST-04759,Female,0,No,No,18,Yes,No,DSL,No,No,No,No,No,Yes,Two year,Yes,Credit card (automatic),114.46,1926.78,No
CUST-04760,Female,0,Yes,No,65,Yes,Yes,DSL,Yes,Yes,Yes,No,Yes,Yes,One year,Yes,Electronic check,26.55,1627.61,No
CUST-04761,Male,0,No,No,51,Yes,Yes,Fiber optic,Yes,Yes,Yes,No,No,Yes,Month-to-month,No,Electronic check,41.89,2340.49,No
CUST-04762,Male,0,Yes,No,30,Yes,No,DSL,No,Yes,No,No,Yes,No,Month-to-month,Yes,Electronic check,100.76,3084.35,No
CUST-04763,Female,0,Yes,No,59,Yes,No,No,No internet service,No internet service,No internet service,No internet service,No internet service,No internet service,Two year,Yes,Credit card (automatic),57.54,3319.78,No
CUST-04764,Female,0,Yes,No,67,Yes,No,DSL,Yes,Yes,Yes,Yes,No,No,Month-to-month,Yes,Credit card (automatic),65.59,4413.23,Yes
CUST-04765,Male,0,No,No,29,Yes,Yes,No,No internet service,No internet service,No internet service,No internet service,No internet service,No internet service,One year,Yes,Mailed check,79.15,2241.67,No
CUST-04766,Male,1,No,Yes,12,Yes,Yes,Fiber optic,No,Yes,No,Yes,No,Yes,Month-to-month,Yes,Bank transfer (automatic),58.85,720.58,No
CUST-04767,Male,0,Yes,Yes,14,Yes,No,Fiber optic,Yes,Yes,No,No,No,No,Month-to-month,No,Bank transfer (automatic),21.54,271.43,No
CUST-04768,Male,1,Yes,No,19,Yes,No,Fiber optic,Yes,Yes,No,Yes,No,Yes,Month-to-month,Yes,Credit card (automatic),78.4,1410.99,No
CUST-04769,Female,0,No,No,33,Yes,Yes,Fiber optic,No,No,No,No,Yes,No,Month-to-month,No,Mailed check,40.89,1481.32,No
CUST-04770,Male,0,Yes,No,19,Yes,No,Fiber optic,No,Yes,Yes,Yes,No,Yes,Month-to-month,Yes,Mailed check,114.89,2013.67,No
CUST-04771,Female,0,Yes,Yes,49,Yes,Yes,DSL,Yes,Yes,Yes,No,No,Yes,Two year,Yes,Credit card (automatic),87.03,3905.34,No
CUST-04772,Female,0,No,No,26,Yes,No,DSL,No,No,No,Yes,Yes,Yes,One year,Yes,Credit card (automatic),102.07,2650.19,No
CUST-04773,Female,0,No,No,29,Yes,No,Fiber optic,No,Yes,No,No,Yes,No,Month-to-month,Yes,Electronic check,113.44,3152.14,Yes
CUST-04774,Male,0,No,No,55,Yes,No,DSL,Yes,Yes,Yes,Yes,Yes,Yes,One year,Yes,Bank transfer (automatic),24.33,1347.19,No
CUST-04775,Male,0,No,Yes,64,Yes,Yes,DSL,Yes,No,No,No,Yes,Yes,Month-to-month,No,Electronic check,32.87,2297.52,No
CUST-04776,Female,1,Yes,No,54,Yes,No,No,No internet service,No internet service,No internet service,No internet service,No internet service,No internet service,Month-to-month,No,Credit card (automatic),98.8,4936.31,Yes
CUST-04777,Female,0,No,Yes,23,Yes,No,No,No internet service,No internet service,No internet service,No internet service,No internet service,No internet service,Two year,Yes,Mailed check,106.48,2419.64,No
CUST-04778,Female,0,No,Yes,24,Yes,Yes,No,No internet service,No internet service,No internet service,No internet service,No internet service,No internet service,Month-to-month,No,Bank transfer (automatic),18.49,466.73,No
CUST-04779,Male,0,Yes,No,52,Yes,Yes,Fiber optic,Yes,Yes,No,Yes,Yes,No,One year,No,Mailed check,112.52,5454.04,No
CUST-04780,Female,0,Yes,Yes,10,Yes,Yes,DSL,No,No,No,No,Yes,Yes,Two year,Yes,Credit card (automatic),63.44,661.31,No
CUST-04781,Male,0,Yes,Yes,59,Yes,Yes,DSL,No,No,Yes,Yes,Yes,No,Month-to-month,No,Bank transfer (automatic),64.26,3715.67,No
CUST-04782,Female,0,No,No,46,No,No phone service,No,No internet service,No internet service,No internet service,No internet service,No internet service,No internet service,Month-to-month,No,Credit card (automatic),105.87,4987.69,No
CUST-04783,Female,0,Yes,Yes,24,Yes,Yes,No,No internet service,No internet service,No internet service,No internet service,No internet service,No internet service,One year,No,Mailed check,46.95,1132.57,No
CUST-04784,Female,0,No,No,24,Yes,Yes,Fiber optic,Yes,Yes,No,Yes,Yes,Yes,Month-to-month,No,Credit card (automatic),76.35,1814.28,Yes
CUST-04785,Male,0,Yes,Yes,16,Yes,Yes,Fiber optic,Yes,Yes,Yes,No,Yes,No,Two year,No,Electronic check,51.42,819.27,No
CUST-04786,Male,1,No,No,11,Yes,No,No,No internet service,No internet service,No internet service,No internet service,No internet service,No internet service,Two year,No,Bank transfer (automatic),29.36,300.17,No
CUST-04787,Female,0,Yes,No,51,Yes,No,Fiber optic,No,Yes,No,No,Yes,No,Month-to-month,Yes,Credit card (automatic),53.86,2710.7,Yes
CUST-04788,Male,0,No,Yes,10,Yes,No,No,No internet service,No internet service,No internet service,No internet service,No internet service,No internet service,Month-to-month,Yes,Bank transfer (automatic),35.3,370.87,No
CUST-04789,Female,0,No,No,9,Yes,No,DSL,Yes,Yes,No,No,No,No,Month-to-month,Yes,Bank transfer (automatic),70.1,680.95,No
CUST-04790,Male,1,Yes,No,59,Yes,Yes,Fiber optic,Yes,No,Yes,Yes,Yes,No,Month-to-month,No,Mailed check,70.98,4293.93,No
CUST-04791,Male,0,Yes,Yes,53,Yes,Yes,Fiber optic,No,Yes,No,No,Yes,Yes,Month-to-month,No,Electronic check,61.73,3485.86,Yes
CUST-04792,Male,1,No,No,62,No,No phone service,Fiber optic,Yes,No,No,No,No,No,Month-to-month,No,Electronic check,35.38,2196.88,No
CUST-04793,Female,1,Yes,Yes,19,Yes,Yes,No,No internet service,No internet service,No internet service,No internet service,No internet service,No internet service,Month-to-month,Yes,Credit card (automatic),29.87,535.31,No
CUST-04794,Male,1,No,Yes,4,Yes,Yes,No,No internet service,No internet service,No internet service,No internet service,No internet service,No internet service,Month-to-month,No,Bank transfer (automatic),28.46,118.94,Yes
CUST-04795,Male,0,No,Yes,40,Yes,No,DSL,No,No,No,Yes,Yes,No,Month-to-month,No,Electronic check,29.22,1215.98,Yes
CUST-04796,Female,0,No,No,62,Yes,No,DSL,No,Yes,No,Yes,No,No,Month-to-month,Yes,Credit card (automatic),47.49,2654.22,Yes
CUST-04797,Female,0,Yes,No,55,Yes,Yes,Fiber optic,Yes,Yes,Yes,No,No,Yes,Month-to-month,Yes,Credit card (automatic),18.19,996.35,Yes
CUST-04798,Female,0,No,No,31,Yes,No,DSL,No,No,No,Yes,No,No,Month-to-month,Yes,Mailed check,24.23,816.74,Yes
CUST-04799,Female,0,No,No,26,No,No phone service,DSL,Yes,Yes,No,No,Yes,No,One year,Yes,Bank transfer (automatic),65.04,1854.85,No
CUST-04800,Male,0,No,No,67,Yes,Yes,Fiber optic,No,Yes,Yes,No,Yes,Yes,One year,Yes,Mailed check,36.27,2409.15,No
CUST-04801,Male,0,No,No,47,Yes,No,Fiber optic,Yes,Yes,No,No,No,No,Month-to-month,No,Credit card (automatic),44.34,2176.42,No
CUST-04802,Male,0,Yes,No,6,Yes,No,No,No internet service,No internet service,No internet service,No internet service,No internet service,No internet service,Month-to-month,No,Mailed check,53.33,289.11,Yes
CUST-04803,Male,0,Yes,No,45,Yes,Yes,DSL,Yes,No,No,Yes,No,Yes,Two year,No,Electronic check,21.97,942.79,No
CUST-04804,Male,0,No,Yes,17,Yes,No,DSL,Yes,Yes,Yes,Yes,Yes,No,Two year,No,Bank transfer (automatic),40.0,710.16,No
CUST-04805,Female,0,Yes,No,37,Yes,Yes,DSL,No,No,Yes,Yes,No,Yes,Two year,No,Mailed check,95.67,3648.11,No
CUST-04806,Male,0,Yes,No,64,Yes,Yes,Fiber optic,No,No,Yes,No,Yes,Yes,Month-to-month,Yes,Bank transfer (automatic),52.09,3440.82,No
CUST-04807,Male,0,No,No,16,Yes,No,Fiber optic,Yes,No,Yes,No,Yes,Yes,Month-to-month,Yes,Bank transfer (automatic),36.62,608.95,Yes
CUST-04808,Male,1,Yes,No,37,Yes,Yes,DSL,No,Yes,No,No,No,No,Month-to-month,Yes,Mailed check,37.77,1377.74,Yes
CUST-04809,Female,0,Yes,No,62,Yes,Yes,DSL,Yes,No,Yes,Yes,Yes,No,Month-to-month,Yes,Credit card (automatic),116.47,7853.56,No
CUST-04810,Female,0,Yes,No,41,Yes,No,DSL,Yes,Yes,No,No,Yes,No,Month-to-month,Yes,Credit card (automatic),32.85,1310.79,No
CUST-04811,Male,0,Yes,No,7,Yes,Yes,Fiber optic,Yes,No,Yes,No,Yes,No,Month-to-month,Yes,Credit card (automatic),108.54,820.88,Yes
CUST-04812,Female,0,Yes,No,29,No,No phone service,DSL,No,Yes,Yes,No,No,Yes,Two year,Yes,Electronic check,26.05,689.02,No
CUST-04813,Female,0,Yes,Yes,63,Yes,No,DSL,Yes,Yes,Yes,Yes,No,Yes,Month-to-month,Yes,Credit card (automatic),105.44,7106.63,No
CUST-04814,Female,0,No,No,8,Yes,No,DSL,Yes,No,No,Yes,No,No,Month-to-month,Yes,Electronic check,68.69,527.9,Yes
CUST-04815,Female,0,Yes,No,56,Yes,No,No,No internet service,No internet service,No internet service,No internet service,No internet service,No internet service,Month-to-month,Yes,Bank transfer (automatic),78.87,4557.84,No
CUST-04816,Female,0,No,No,58,Yes,Yes,DSL,No,Yes,No,Yes,Yes,Yes,Month-to-month,Yes,Electronic check,42.59,2250.36,Yes
CUST-04817,Female,0,No,No,66,No,No phone service,DSL,Yes,Yes,Yes,Yes,No,No,Month-to-month,Yes,Bank transfer (automatic),107.86,6520.85,No
CUST-04818,Female,0,No,No,4,Yes,No,DSL,No,No,No,Yes,No,No,Two year,Yes,Bank transfer (automatic),76.71,279.65,No
CUST-04819,Male,0,Yes,Yes,3,Yes,No,Fiber optic,Yes,No,No,No,Yes,No,Month-to-month,No,Mailed check,85.57,255.93,No
CUST-04820,Male,0,Yes,No,7,Yes,Yes,Fiber optic,No,Yes,No,No,Yes,Yes,Two year,Yes,Bank transfer (automatic),73.68,507.11,Yes
CUST-04821,Female,0,No,No,41,Yes,No,Fiber optic,Yes,No,No,No,Yes,No,Month-to-month,No,Mailed check,30.52,1206.06,No
CUST-04822,Male,0,No,No,34,Yes,Yes,Fiber optic,No,No,No,No,No,No,Month-to-month,No,Electronic check,101.62,3417.74,Yes
CUST-04823,Male,0,No,No,12,No,No phone service,No,No internet service,No internet service,No internet service,No internet service,No internet service,No internet service,Month-to-month,No,Credit card (automatic),36.36,420.05,No
CUST-04824,Female,1,Yes,Yes,4,Yes,No,Fiber optic,No,Yes,Yes,No,No,No,Month-to-month,Yes,Mailed check,47.19,202.78,Yes
CUST-04825,Male,0,Yes,No,39,Yes,Yes,Fiber optic,No,Yes,No,Yes,Yes,No,Month-to-month,No,Credit card (automatic),84.95,3354.66,Yes
CUST-04826,Female,0,Yes,No,18,Yes,No,DSL,No,Yes,Yes,Yes,No,Yes,Month-to-month,Yes,Credit card (automatic),27.33,473.27,Yes
CUST-04827,Female,1,No,No,3,Yes,Yes,Fiber optic,No,Yes,Yes,No,Yes,No,Month-to-month,Yes,Electronic check,111.34,330.99,No
CUST-04828,Female,0,Yes,No,58,Yes,Yes,Fiber optic,Yes,No,No,Yes,No,No,Month-to-month,No,Credit card (automatic),30.41,1893.3,Yes
CUST-04829,Male,0,Yes,No,17,Yes,Yes,No,No internet service,No internet service,No internet service,No internet service,No internet service,No internet service,Month-to-month,Yes,Mailed check,84.72,1414.06,No
CUST-04830,Male,1,No,No,23,Yes,No,No,No internet service,No internet service,No internet service,No internet service,No internet service,No internet service,Month-to-month,No,Credit card (automatic),81.51,1847.42,Yes
CUST-04831,Male,0,Yes,No,30,Yes,Yes,Fiber optic,Yes,Yes,Yes,No,Yes,No,Month-to-month,No,Electronic check,87.8,2548.5,Yes
CUST-04832,Male,0,No,No,57,Yes,Yes,DSL,No,Yes,No,No,Yes,Yes,Month-to-month,Yes,Bank transfer (automatic),61.33,3328.34,No
CUST-04833,Female,0,Yes,No,27,Yes,No,DSL,Yes,No,Yes,No,Yes,Yes,Month-to-month,No,Mailed check,56.23,1509.63,No
CUST-04834,Female,0,No,No,8,Yes,No,No,No internet service,No internet service,No internet service,No internet service,No internet service,No internet service,Two year,Yes,Electronic check,115.77,969.98,No
CUST-04835,Male,0,Yes,No,44,Yes,Yes,Fiber optic,Yes,No,No,No,No,Yes,One year,Yes,Mailed check,99.72,4271.82,No
CUST-04836,Female,1,No,Yes,48,Yes,No,Fiber optic,No,Yes,Yes,No,No,Yes,Two year,Yes,Bank transfer (automatic),66.54,3019.4,No
CUST-04837,Female,0,Yes,No,1,Yes,Yes,Fiber optic,Yes,No,No,Yes,No,No,Month-to-month,No,Credit card (automatic),36.23,37.39,No
CUST-04838,Male,0,No,Yes,5,Yes,Yes,Fiber optic,No,No,No,Yes,No,Yes,Month-to-month,Yes,Electronic check,107.06,568.33,No
CUST-04839,Female,1,No,Yes,28,Yes,Yes,Fiber optic,No,No,Yes,No,Yes,No,Two year,No,Bank transfer (automatic),82.87,2098.44,No
CUST-04840,Male,1,Yes,No,25,Yes,Yes,DSL,No,Yes,Yes,Yes,No,No,Month-to-month,No,Mailed check,31.58,810.41,No
CUST-04841,Female,0,Yes,No,27,Yes,Yes,Fiber optic,Yes,Yes,Yes,Yes,No,Yes,Month-to-month,No,Credit card (automatic),36.31,1058.98,No
CUST-04842,Male,0,No,No,6,Yes,Yes,DSL,Yes,Yes,No,Yes,Yes,Yes,Month-to-month,Yes,Bank transfer (automatic),72.08,396.88,Yes
CUST-04843,Female,0,Yes,Yes,33,No,No phone service,Fiber optic,No,Yes,Yes,No,No,Yes,Month-to-month,No,Credit card (automatic),68.37,2436.37,No
CUST-04844,Female,0,No,No,55,Yes,Yes,DSL,No,Yes,Yes,Yes,No,No,Two year,No,Electronic check,58.93,2993.37,No
CUST-04845,Male,0,No,No,9,No,No phone service,Fiber optic,Yes,No,No,Yes,Yes,Yes,Month-to-month,No,Bank transfer (automatic),60.69,600.48,No
CUST-04846,Male,1,Yes,No,56,Yes,No,No,No internet service,No internet service,No internet service,No internet service,No internet service,No internet service,Month-to-month,Yes,Bank transfer (automatic),35.22,1976.96,Yes
CUST-04847,Male,1,Yes,No,46,Yes,Yes,Fiber optic,Yes,Yes,Yes,Yes,Yes,Yes,Month-to-month,Yes,Credit card (automatic),43.55,2095.44,Yes
CUST-04848,Male,0,Yes,No,26,Yes,Yes,DSL,Yes,Yes,No,No,No,No,Month-to-month,Yes,Credit card (automatic),67.27,1596.08,No
CUST-04849,Female,0,No,Yes,38,Yes,Yes,DSL,Yes,No,No,Yes,No,No,Two year,Yes,Credit card (automatic),24.37,852.43,No
CUST-04850,Female,0,No,No,21,No,No phone service,DSL,No,No,Yes,Yes,Yes,Yes,Two year,Yes,Electronic check,53.27,1222.33,No
CUST-04851,Male,0,Yes,No,18,Yes,No,No,No internet service,No internet service,No internet service,No internet service,No internet service,No internet service,Month-to-month,No,Electronic check,39.04,771.38,No
CUST-04852,Female,0,No,No,8,Yes,Yes,Fiber optic,Yes,Yes,Yes,Yes,No,No,Month-to-month,Yes,Credit card (automatic),35.46,271.04,Yes
CUST-04853,Male,0,No,Yes,18,Yes,No,Fiber optic,Yes,Yes,No,Yes,No,No,Month-to-month,No,Bank transfer (automatic),32.66,569.29,Yes
CUST-04854,Male,0,Yes,No,1,Yes,No,DSL,No,Yes,No,No,Yes,Yes,Month-to-month,No,Mailed check,32.02,28.88,No
CUST-04855,Female,0,No,No,60,Yes,No,Fiber optic,No,No,No,Yes,No,Yes,Month-to-month,No,Bank transfer (automatic),34.04,2228.67,No
CUST-04856,Female,0,No,Yes,58,Yes,Yes,Fiber optic,Yes,Yes,Yes,No,Yes,Yes,Month-to-month,Yes,Bank transfer (automatic),55.41,3482.22,No
CUST-04857,Male,0,No,No,69,Yes,Yes,DSL,Yes,No,No,No,No,Yes,Two year,Yes,Electronic check,28.15,1793.16,No
CUST-04858,Male,0,Yes,No,70,Yes,No,DSL,Yes,Yes,No,No,No,Yes,Month-to-month,No,Electronic check,107.7,7335.54,No
CUST-04859,Male,0,Yes,No,69,Yes,No,DSL,No,No,No,No,Yes,Yes,Two year,Yes,Electronic check,67.79,5114.07,No
CUST-04860,Female,0,No,No,32,Yes,Yes,DSL,Yes,Yes,No,Yes,Yes,Yes,Two year,Yes,Electronic check,68.48,2027.35,No
CUST-04861,Female,0,Yes,Yes,64,Yes,Yes,Fiber optic,No,Yes,Yes,No,Yes,No,Month-to-month,Yes,Bank transfer (automatic),39.11,2690.13,No
CUST-04862,Female,0,No,No,24,Yes,Yes,DSL,Yes,No,No,No,Yes,No,One year,Yes,Electronic check,104.72,2363.34,Yes
CUST-04863,Female,0,Yes,No,69,Yes,Yes,DSL,Yes,No,Yes,Yes,No,Yes,Month-to-month,No,Credit card (automatic),100.81,6355.36,No
CUST-04864,Male,0,No,No,27,Yes,Yes,Fiber optic,No,No,Yes,Yes,No,No,Month-to-month,Yes,Electronic check,21.42,536.95,Yes
CUST-04865,Male,0,No,No,17,Yes,No,Fiber optic,Yes,No,No,No,No,Yes,Month-to-month,Yes,Credit card (automatic),91.24,1616.18,Yes
CUST-04866,Male,0,No,Yes,62,Yes,No,DSL,No,Yes,Yes,No,No,No,Month-to-month,Yes,Credit card (automatic),36.43,2094.82,No
CUST-04867,Male,0,No,No,48,Yes,No,Fiber optic,Yes,No,No,Yes,Yes,Yes,One year,Yes,Credit card (automatic),73.56,3180.43,Yes
CUST-04868,Male,0,Yes,No,65,Yes,Yes,DSL,No,Yes,Yes,No,Yes,No,Two year,No,Mailed check,105.05,7204.75,No
CUST-04869,Male,1,No,Yes,39,Yes,No,Fiber optic,No,Yes,No,No,No,No,Two year,No,Mailed check,111.41,4480.12,No
CUST-04870,Female,0,No,No,65,No,No phone service,No,No internet service,No internet service,No internet service,No internet service,No internet service,No internet service,Month-to-month,Yes,Mailed check,36.45,2548.44,No
CUST-04871,Female,1,Yes,No,3,Yes,No,No,No internet service,No internet service,No internet service,No internet service,No internet service,No internet service,Month-to-month,Yes,Mailed check,111.96,341.1,Yes
CUST-04872,Male,0,Yes,No,33,Yes,Yes,Fiber optic,No,Yes,No,Yes,No,Yes,Month-to-month,Yes,Bank transfer (automatic),24.96,748.82,No
CUST-04873,Male,0,No,No,4,Yes,No,Fiber optic,Yes,Yes,No,Yes,No,No,Two year,No,Mailed check,108.93,394.03,Yes
CUST-04874,Female,0,No,No,21,Yes,No,Fiber optic,No,No,Yes,Yes,Yes,No,Two year,Yes,Mailed check,95.23,2113.94,No
CUST-04875,Female,0,Yes,No,19,Yes,Yes,No,No internet service,No internet service,No internet service,No internet service,No internet service,No internet service,Month-to-month,Yes,Mailed check,109.38,2240.29,Yes
CUST-04876,Female,0,No,Yes,46,Yes,Yes,No,No internet service,No internet service,No internet service,No internet service,No internet service,No internet service,Month-to-month,Yes,Credit card (automatic),54.61,2662.93,No
CUST-04877,Female,0,No,No,33,Yes,No,Fiber optic,No,No,Yes,Yes,Yes,Yes,Month-to-month,Yes,Bank transfer (automatic),112.08,3605.46,Yes
CUST-04878,Male,0,No,Yes,43,Yes,No,Fiber optic,Yes,Yes,Yes,No,No,Yes,Two year,Yes,Credit card (automatic),99.85,4432.72,No
CUST-04879,Male,0,No,No,5,Yes,Yes,DSL,Yes,No,Yes,No,No,Yes,One year,Yes,Credit card (automatic),50.83,232.69,No
CUST-04880,Male,0,No,Yes,55,Yes,Yes,Fiber optic,No,Yes,No,No,No,No,Two year,Yes,Credit card (automatic),51.89,2978.52,No
CUST-04881,Male,1,No,Yes,28,Yes,Yes,Fiber optic,No,Yes,Yes,No,No,Yes,Month-to-month,No,Bank transfer (automatic),53.72,1428.83,Yes
CUST-04882,Male,1,No,Yes,52,No,No phone service,No,No internet service,No internet service,No internet service,No internet service,No internet service,No internet service,Two year,Yes,Bank transfer (automatic),76.88,4345.01,No
CUST-04883,Female,0,No,No,0,Yes,No,No,No internet service,No internet service,No internet service,No internet service,No internet service,No internet service,One year,No,Mailed check,36.19,0.0,No
CUST-04884,Male,0,No,No,58,No,No phone service,Fiber optic,No,Yes,Yes,No,Yes,Yes,One year,No,Credit card (automatic),61.35,3443.93,No
CUST-04885,Female,1,Yes,No,47,Yes,No,No,No internet service,No internet service,No internet service,No internet service,No internet service,No internet service,Month-to-month,Yes,Credit card (automatic),24.77,1114.44,No
CUST-04886,Male,0,Yes,Yes,6,Yes,Yes,No,No internet service,No internet service,No internet service,No internet service,No internet service,No internet service,Month-to-month,Yes,Bank transfer (automatic),53.83,331.6,Yes
CUST-04887,Male,0,Yes,No,31,Yes,No,No,No internet service,No internet service,No internet service,No internet service,No internet service,No internet service,Two year,Yes,Bank transfer (automatic),84.67,2413.15,No
CUST-04888,Male,0,No,No,60,Yes,Yes,Fiber optic,No,No,No,Yes,Yes,Yes,Month-to-month,Yes,Credit card (automatic),76.95,4204.7,Yes
CUST-04889,Male,0,No,No,56,Yes,Yes,Fiber optic,No,Yes,No,No,Yes,No,Month-to-month,No,Mailed check,49.65,2889.46,No
CUST-04890,Male,0,No,No,50,Yes,No,Fiber optic,Yes,No,No,Yes,Yes,No,Month-to-month,No,Bank transfer (automatic),43.72,2380.82,No
CUST-04891,Female,1,Yes,No,18,Yes,Yes,DSL,Yes,Yes,No,Yes,Yes,Yes,Month-to-month,No,Bank transfer (automatic),50.71,957.27,Yes
CUST-04892,Female,0,Yes,No,26,Yes,Yes,DSL,Yes,Yes,No,Yes,Yes,No,Month-to-month,Yes,Bank transfer (automatic),24.95,616.25,No
CUST-04893,Female,0,No,Yes,62,Yes,No,DSL,Yes,No,Yes,Yes,Yes,No,Month-to-month,No,Credit card (automatic),43.76,2638.32,No
CUST-04894,Male,1,Yes,Yes,59,Yes,No,No,No internet service,No internet service,No internet service,No internet service,No internet service,No internet service,One year,No,Credit card (automatic),88.81,4928.94,No
CUST-04895,Male,1,Yes,No,60,Yes,No,Fiber optic,No,Yes,Yes,Yes,Yes,No,Month-to-month,No,Credit card (automatic),35.87,2231.44,No
CUST-04896,Female,0,No,No,60,No,No phone service,No,No internet service,No internet service,No internet service,No internet service,No internet service,No internet service,Month-to-month,Yes,Mailed check,31.82,1808.91,No
CUST-04897,Male,0,No,Yes,44,Yes,Yes,Fiber optic,No,Yes,No,No,Yes,No,Month-to-month,No,Credit card (automatic),102.61,4579.22,Yes
CUST-04898,Male,0,Yes,No,20,No,No phone service,DSL,No,No,Yes,Yes,Yes,Yes,Month-to-month,No,Credit card (automatic),41.66,889.77,Yes
CUST-04899,Female,0,No,No,43,Yes,Yes,DSL,No,No,Yes,Yes,No,Yes,Month-to-month,No,Credit card (automatic),43.11,1859.81,No
CUST-04900,Male,0,Yes,No,0,Yes,Yes,DSL,Yes,No,Yes,Yes,No,No,Month-to-month,Yes,Bank transfer (automatic),64.3,0.0,No
CUST-04901,Female,0,Yes,No,43,Yes,Yes,No,No internet service,No internet service,No internet service,No internet service,No internet service,No internet service,Month-to-month,Yes,Electronic check,65.19,3065.62,Yes
CUST-04902,Male,1,Yes,Yes,61,Yes,No,Fiber optic,No,No,Yes,Yes,Yes,No,One year,No,Bank transfer (automatic),36.62,2153.05,No
CUST-04903,Female,0,No,No,60,Yes,No,Fiber optic,Yes,Yes,Yes,Yes,Yes,No,Two year,Yes,Mailed check,73.61,4679.32,No
CUST-04904,Male,0,Yes,Yes,49,Yes,Yes,Fiber optic,Yes,Yes,No,Yes,No,Yes,Two year,Yes,Electronic check,87.57,4451.25,No
CUST-04905,Male,0,Yes,No,40,Yes,No,No,No internet service,No internet service,No internet service,No internet service,No internet service,No internet service,Two year,No,Electronic check,66.45,2452.36,No
CUST-04906,Female,0,No,Yes,32,Yes,No,DSL,No,Yes,No,Yes,No,Yes,Month-to-month,Yes,Mailed check,107.54,3778.36,No
CUST-04907,Male,0,No,No,11,Yes,No,No,No internet service,No internet service,No internet service,No internet service,No internet service,No internet service,Month-to-month,Yes,Credit card (automatic),117.16,1337.62,No
CUST-04908,Male,1,Yes,No,1,Yes,No,Fiber optic,No,Yes,Yes,Yes,Yes,Yes,Month-to-month,No,Bank transfer (automatic),70.86,63.97,Yes
CUST-04909,Female,0,No,No,20,Yes,No,No,No internet service,No internet service,No internet service,No internet service,No internet service,No internet service,Month-to-month,No,Mailed check,115.27,2407.92,Yes
CUST-04910,Male,0,No,Yes,13,Yes,Yes,Fiber optic,No,Yes,No,Yes,Yes,Yes,Month-to-month,No,Mailed check,82.65,995.78,Yes
CUST-04911,Female,0,Yes,Yes,33,Yes,No,DSL,Yes,No,Yes,Yes,No,Yes,Month-to-month,Yes,Mailed check,70.88,2242.35,Yes
CUST-04912,Male,0,No,Yes,63,Yes,Yes,Fiber optic,No,No,No,No,Yes,Yes,Two year,No,Electronic check,105.0,6414.4,No
CUST-04913,Male,0,Yes,No,22,Yes,Yes,DSL,No,No,Yes,No,No,Yes,Two year,No,Bank transfer (automatic),114.65,2426.33,No
CUST-04914,Male,0,No,No,49,Yes,Yes,No,No internet service,No internet service,No internet service,No internet service,No internet service,No internet service,Month-to-month,Yes,Mailed check,117.9,6059.54,No
CUST-04915,Male,0,No,No,13,No,No phone service,Fiber optic,Yes,Yes,No,Yes,No,Yes,Month-to-month,No,Bank transfer (automatic),93.92,1282.81,No
CUST-04916,Female,0,Yes,Yes,45,Yes,Yes,DSL,Yes,No,Yes,No,No,No,Month-to-month,Yes,Electronic check,66.53,3010.9,No
CUST-04917,Male,0,Yes,Yes,4,Yes,No,DSL,Yes,No,No,No,No,No,Month-to-month,Yes,Bank transfer (automatic),47.6,192.95,Yes
CUST-04918,Female,0,No,Yes,65,Yes,Yes,No,No internet service,No internet service,No internet service,No internet service,No internet service,No internet service,Two year,No,Mailed check,73.8,4618.18,No
CUST-04919,Male,0,No,No,21,Yes,Yes,No,No internet service,No internet service,No internet service,No internet service,No internet service,No internet service,Month-to-month,Yes,Electronic check,95.75,1819.01,No
CUST-04920,Male,0,No,No,69,No,No phone service,Fiber optic,Yes,Yes,Yes,Yes,No,No,Month-to-month,Yes,Electronic check,20.68,1384.6,No
CUST-04921,Male,0,Yes,No,1,Yes,No,Fiber optic,Yes,Yes,Yes,Yes,No,No,One year,Yes,Electronic check,44.77,40.38,No
CUST-04922,Male,0,No,No,28,Yes,No,No,No internet service,No internet service,No internet service,No internet service,No internet service,No internet service,One year,No,Electronic check,53.46,1606.09,No
CUST-04923,Female,0,Yes,Yes,60,Yes,No,DSL,Yes,Yes,Yes,Yes,No,Yes,Two year,No,Mailed check,95.99,5921.55,No
CUST-04924,Female,0,No,Yes,70,No,No phone service,DSL,Yes,No,Yes,No,No,Yes,One year,Yes,Mailed check,79.36,6087.69,No
CUST-04925,Female,0,No,No,15,Yes,Yes,Fiber optic,No,No,No,Yes,Yes,Yes,Month-to-month,Yes,Credit card (automatic),60.57,850.93,Yes
CUST-04926,Female,1,No,No,63,Yes,Yes,No,No internet service,No internet service,No internet service,No internet service,No internet service,No internet service,Month-to-month,Yes,Bank transfer (automatic),109.93,7144.2,No
CUST-04927,Male,0,No,No,13,Yes,Yes,Fiber optic,No,No,Yes,Yes,Yes,No,Month-to-month,Yes,Electronic check,71.81,875.26,Yes
CUST-04928,Female,0,No,Yes,42,Yes,Yes,DSL,No,Yes,No,No,Yes,Yes,Month-to-month,Yes,Bank transfer (automatic),90.39,3901.9,No
CUST-04929,Female,0,Yes,Yes,42,Yes,Yes,Fiber optic,No,Yes,Yes,No,No,No,Month-to-month,Yes,Electronic check,83.55,3503.33,No
CUST-04930,Male,1,Yes,Yes,69,Yes,No,Fiber optic,No,No,Yes,No,No,No,Two year,No,Bank transfer (automatic),103.85,7401.66,No
CUST-04931,Male,0,Yes,Yes,54,Yes,Yes,Fiber optic,No,Yes,No,No,Yes,No,Month-to-month,No,Bank transfer (automatic),99.24,5600.46,No
CUST-04932,Male,0,No,Yes,30,Yes,No,No,No internet service,No internet service,No internet service,No internet service,No internet service,No internet service,Two year,Yes,Mailed check,116.9,3523.01,No
CUST-04933,Male,1,Yes,No,39,No,No phone service,Fiber optic,Yes,No,Yes,No,No,No,One year,No,Credit card (automatic),55.92,2178.16,No
CUST-04934,Female,1,Yes,Yes,26,Yes,No,DSL,Yes,No,Yes,Yes,No,Yes,One year,Yes,Electronic check,34.49,819.57,No
CUST-04935,Female,0,No,Yes,51,Yes,No,No,No internet service,No internet service,No internet service,No internet service,No internet service,No internet service,Month-to-month,Yes,Credit card (automatic),93.98,4662.36,No
CUST-04936,Male,0,No,No,6,Yes,No,DSL,No,No,No,No,Yes,No,Month-to-month,Yes,Bank transfer (automatic),105.47,607.75,No
CUST-04937,Male,1,Yes,No,45,Yes,Yes,No,No internet service,No internet service,No internet service,No internet service,No internet service,No internet service,Two year,Yes,Bank transfer (automatic),23.44,1081.29,No
CUST-04938,Male,0,Yes,No,32,Yes,No,Fiber optic,No,Yes,No,Yes,Yes,No,One year,No,Electronic check,51.29,1567.74,No
CUST-04939,Female,0,Yes,No,7,Yes,Yes,Fiber optic,Yes,No,No,Yes,No,No,Month-to-month,Yes,Credit card (automatic),98.72,654.05,No
CUST-04940,Female,0,Yes,No,4,Yes,Yes,No,No internet service,No internet service,No internet service,No internet service,No internet service,No internet service,Month-to-month,Yes,Bank transfer (automatic),86.34,369.44,No
CUST-04941,Male,0,Yes,Yes,60,Yes,No,Fiber optic,Yes,Yes,Yes,Yes,Yes,Yes,One year,No,Electronic check,93.53,5980.44,No
CUST-04942,Male,0,Yes,No,71,Yes,No,Fiber optic,No,No,Yes,No,No,Yes,Month-to-month,Yes,Credit card (automatic),72.32,4958.65,No
CUST-04943,Female,0,Yes,Yes,59,Yes,No,No,No internet service,No internet service,No internet service,No internet service,No internet service,No internet service,Month-to-month,Yes,Bank transfer (automatic),56.18,3039.98,Yes
CUST-04944,Male,1,No,Yes,23,Yes,No,DSL,No,Yes,No,No,No,Yes,Month-to-month,No,Mailed check,99.14,2279.12,Yes
CUST-04945,Male,0,Yes,No,6,Yes,Yes,DSL,Yes,No,No,Yes,No,Yes,Month-to-month,Yes,Mailed check,73.45,436.4,No
CUST-04946,Female,0,No,No,60,Yes,Yes,Fiber optic,Yes,Yes,No,Yes,No,Yes,One year,No,Credit card (automatic),69.5,4478.45,No
CUST-04947,Male,0,No,No,35,No,No phone service,DSL,Yes,No,Yes,Yes,Yes,No,Month-to-month,No,Bank transfer (automatic),91.48,3231.86,Yes
CUST-04948,Female,1,No,No,26,No,No phone service,DSL,No,Yes,Yes,No,No,No,One year,No,Mailed check,37.09,1049.74,No
CUST-04949,Male,0,Yes,No,28,Yes,No,No,No internet service,No internet service,No internet service,No internet service,No internet service,No internet service,Month-to-month,Yes,Bank transfer (automatic),76.6,2137.66,No
CUST-04950,Male,0,Yes,No,19,Yes,No,Fiber optic,Yes,No,Yes,Yes,No,No,Two year,Yes,Mailed check,48.44,951.15,No
CUST-04951,Female,0,No,No,69,Yes,No,No,No internet service,No internet service,No internet service,No internet service,No internet service,No internet service,Two year,Yes,Mailed check,20.14,1384.02,No
CUST-04952,Female,0,Yes,No,2,Yes,Yes,No,No internet service,No internet service,No internet service,No internet service,No internet service,No internet service,Month-to-month,Yes,Electronic check,92.89,179.13,Yes
CUST-04953,Male,1,Yes,No,38,Yes,Yes,DSL,Yes,No,Yes,No,Yes,No,One year,No,Electronic check,65.47,2252.74,No
CUST-04954,Female,0,No,Yes,44,No,No phone service,No,No internet service,No internet service,No internet service,No internet service,No internet service,No internet service,Month-to-month,No,Mailed check,108.32,5045.69,No
CUST-04955,Male,0,Yes,No,67,Yes,No,No,No internet service,No internet service,No internet service,No internet service,No internet service,No internet service,Two year,Yes,Bank transfer (automatic),68.02,4924.79,No
CUST-04956,Male,0,No,No,30,Yes,No,DSL,No,No,No,No,No,Yes,Month-to-month,No,Credit card (automatic),19.02,597.26,Yes
CUST-04957,Female,0,No,Yes,37,Yes,No,No,No internet service,No internet service,No internet service,No internet service,No internet service,No internet service,Month-to-month,No,Bank transfer (automatic),58.87,2079.02,No
CUST-04958,Male,0,No,No,5,Yes,No,Fiber optic,Yes,Yes,Yes,Yes,Yes,No,Month-to-month,No,Electronic check,35.11,186.68,Yes
CUST-04959,Male,0,No,No,7,Yes,No,No,No internet service,No internet service,No internet service,No internet service,No internet service,No internet service,Month-to-month,Yes,Electronic check,110.11,788.17,Yes
CUST-04960,Female,0,Yes,Yes,27,Yes,Yes,No,No internet service,No internet service,No internet service,No internet service,No internet service,No internet service,Month-to-month,Yes,Mailed check,62.58,1751.48,Yes
CUST-04961,Female,0,No,Yes,14,Yes,No,Fiber optic,Yes,Yes,Yes,Yes,No,No,Month-to-month,No,Bank transfer (automatic),69.07,883.1,Yes
CUST-04962,Male,0,Yes,No,7,Yes,Yes,Fiber optic,Yes,Yes,Yes,No,No,No,Month-to-month,Yes,Bank transfer (automatic),54.55,388.1,Yes
CUST-04963,Female,0,Yes,No,53,Yes,No,DSL,Yes,No,Yes,Yes,Yes,Yes,Month-to-month,No,Mailed check,70.22,3767.17,No
CUST-04964,Female,0,Yes,No,5,Yes,Yes,Fiber optic,No,No,Yes,Yes,Yes,No,Month-to-month,No,Credit card (automatic),26.28,135.65,Yes
CUST-04965,Female,0,Yes,Yes,28,Yes,No,DSL,No,No,No,No,Yes,Yes,Month-to-month,Yes,Electronic check,63.87,1885.52,No
CUST-04966,Female,0,No,Yes,33,Yes,No,No,No internet service,No internet service,No internet service,No internet service,No internet service,No internet service,Month-to-month,Yes,Credit card (automatic),84.34,2730.14,No
CUST-04967,Male,0,No,No,6,Yes,Yes,Fiber optic,Yes,Yes,No,No,No,Yes,Month-to-month,Yes,Bank transfer (automatic),55.23,308.51,No
CUST-04968,Male,1,No,No,39,Yes,No,No,No internet service,No internet service,No internet service,No internet service,No internet service,No internet service,Month-to-month,Yes,Mailed check,57.27,2422.87,No
CUST-04969,Male,0,No,No,12,Yes,No,Fiber optic,No,Yes,Yes,Yes,No,Yes,Two year,Yes,Mailed check,101.74,1288.41,No
CUST-04970,Female,0,No,No,61,Yes,No,DSL,No,Yes,Yes,Yes,Yes,No,Month-to-month,No,Bank transfer (automatic),71.66,4406.55,No
CUST-04971,Female,1,Yes,No,64,Yes,Yes,Fiber optic,Yes,Yes,Yes,No,No,Yes,Month-to-month,No,Mailed check,76.76,4769.71,No
CUST-04972,Female,1,No,Yes,40,Yes,No,DSL,No,No,Yes,No,No,No,Two year,Yes,Mailed check,47.68,2091.81,No
CUST-04973,Female,1,Yes,Yes,41,Yes,No,DSL,Yes,Yes,Yes,Yes,Yes,Yes,Month-to-month,Yes,Electronic check,66.3,2497.28,Yes
CUST-04974,Female,0,Yes,No,65,Yes,No,Fiber optic,No,No,No,No,Yes,Yes,Month-to-month,Yes,Electronic check,23.4,1653.21,No
CUST-04975,Female,0,No,No,10,Yes,No,No,No internet service,No internet service,No internet service,No internet service,No internet service,No internet service,Month-to-month,Yes,Electronic check,61.03,598.6,No
CUST-04976,Female,0,Yes,No,49,Yes,No,Fiber optic,No,No,No,Yes,No,Yes,Month-to-month,No,Credit card (automatic),98.27,4426.95,Yes
CUST-04977,Male,0,Yes,No,70,Yes,Yes,DSL,Yes,Yes,No,No,No,Yes,Two year,Yes,Electronic check,34.15,2332.73,No
CUST-04978,Male,0,No,No,34,Yes,Yes,No,No internet service,No internet service,No internet service,No internet service,No internet service,No internet service,Month-to-month,Yes,Credit card (automatic),94.45,3371.64,No
CUST-04979,Female,1,No,Yes,19,Yes,Yes,DSL,No,No,No,Yes,Yes,No,One year,Yes,Bank transfer (automatic),55.42,1037.14,No
CUST-04980,Female,0,No,Yes,27,Yes,Yes,DSL,No,No,Yes,No,Yes,Yes,Month-to-month,Yes,Credit card (automatic),20.71,558.39,No
CUST-04981,Female,0,Yes,Yes,36,Yes,No,No,No internet service,No internet service,No internet service,No internet service,No internet service,No internet service,One year,No,Electronic check,113.32,4343.43,No
CUST-04982,Male,1,No,Yes,2,Yes,No,DSL,No,No,Yes,Yes,No,Yes,Two year,Yes,Bank transfer (automatic),36.14,73.95,No
CUST-04983,Male,0,No,No,58,Yes,Yes,DSL,No,Yes,Yes,No,No,No,Month-to-month,No,Bank transfer (automatic),51.48,3086.21,Yes
CUST-04984,Female,0,Yes,Yes,26,Yes,Yes,Fiber optic,Yes,Yes,No,Yes,No,Yes,Month-to-month,Yes,Bank transfer (automatic),66.07,1598.95,No
CUST-04985,Female,0,No,Yes,31,Yes,Yes,DSL,No,No,No,No,No,No,Month-to-month,Yes,Bank transfer (automatic),112.94,3327.8,Yes
CUST-04986,Male,0,Yes,No,47,Yes,Yes,DSL,Yes,Yes,Yes,No,Yes,No,Month-to-month,No,Bank transfer (automatic),76.12,3514.14,No
CUST-04987,Male,0,Yes,No,45,Yes,Yes,Fiber optic,No,No,No,Yes,No,No,Month-to-month,No,Electronic check,108.53,4502.74,No
CUST-04988,Male,1,No,No,46,Yes,No,No,No internet service,No internet service,No internet service,No internet service,No internet service,No internet service,Two year,No,Credit card (automatic),74.45,3273.4,No
CUST-04989,Male,1,Yes,No,39,Yes,Yes,Fiber optic,Yes,No,Yes,No,No,No,Month-to-month,Yes,Bank transfer (automatic),38.54,1603.31,No
CUST-04990,Female,1,Yes,No,2,Yes,No,DSL,Yes,No,No,No,No,No,One year,No,Credit card (automatic),74.44,134.65,No
CUST-04991,Male,0,No,No,28,No,No phone service,No,No internet service,No internet service,No internet service,No internet service,No internet service,No internet service,Month-to-month,Yes,Bank transfer (automatic),28.04,714.61,Yes
CUST-04992,Male,1,No,Yes,57,Yes,Yes,No,No internet service,No internet service,No internet service,No internet service,No internet service,No internet service,Month-to-month,Yes,Credit card (automatic),29.71,1756.82,Yes
CUST-04993,Female,0,No,Yes,49,No,No phone service,DSL,No,Yes,No,Yes,No,Yes,Two year,Yes,Mailed check,29.57,1415.94,No
CUST-04994,Male,0,Yes,No,9,Yes,No,Fiber optic,Yes,No,Yes,No,Yes,No,Month-to-month,Yes,Electronic check,19.23,182.52,Yes
CUST-04995,Male,0,Yes,No,60,Yes,No,Fiber optic,Yes,Yes,No,No,No,Yes,Month-to-month,Yes,Mailed check,33.13,2159.48,No
CUST-04996,Male,0,No,No,60,Yes,No,Fiber optic,Yes,Yes,No,No,Yes,Yes,Month-to-month,Yes,Electronic check,53.3,3048.8,No
CUST-04997,Female,0,No,Yes,22,Yes,Yes,No,No internet service,No internet service,No internet service,No internet service,No internet service,No internet service,Two year,Yes,Electronic check,25.21,503.26,No
CUST-04998,Male,0,No,No,5,Yes,No,No,No internet service,No internet service,No internet service,No internet service,No internet service,No internet service,Month-to-month,Yes,Bank transfer (automatic),18.62,92.28,No
CUST-04999,Female,0,Yes,No,59,Yes,No,Fiber optic,Yes,No,No,No,No,Yes,Two year,No,Mailed check,29.23,1884.69,No
CUST-05000,Female,0,No,No,26,Yes,Yes,DSL,No,Yes,No,No,Yes,Yes,Month-to-month,Yes,Mailed check,111.61,2928.23,Yes
CUST-05001,Male,0,Yes,Yes,54,Yes,Yes,DSL,Yes,No,No,No,Yes,Yes,Two year,Yes,Credit card (automatic),70.56,3716.85,No
CUST-05002,Male,0,No,No,30,Yes,Yes,Fiber optic,No,No,Yes,Yes,No,Yes,Month-to-month,No,Bank transfer (automatic),61.5,1864.19,Yes
CUST-05003,Male,0,Yes,No,29,Yes,No,Fiber optic,Yes,Yes,Yes,Yes,Yes,No,Month-to-month,Yes,Mailed check,66.72,1805.38,Yes
CUST-05004,Male,0,Yes,No,66,Yes,Yes,No,No internet service,No internet service,No internet service,No internet service,No internet service,No internet service,Month-to-month,Yes,Electronic check,73.48,5093.47,Yes
CUST-05005,Female,0,No,Yes,12,Yes,No,DSL,Yes,Yes,No,No,Yes,No,One year,Yes,Credit card (automatic),28.78,357.82,No
CUST-05006,Male,0,Yes,No,58,Yes,Yes,Fiber optic,Yes,No,Yes,Yes,Yes,No,Two year,Yes,Electronic check,76.48,4634.67,No
CUST-05007,Male,0,Yes,Yes,53,Yes,No,DSL,Yes,Yes,Yes,No,No,Yes,Month-to-month,Yes,Electronic check,101.42,5162.72,No
CUST-05008,Male,0,No,Yes,20,Yes,Yes,No,No internet service,No internet service,No internet service,No internet service,No internet service,No internet service,One year,Yes,Credit card (automatic),74.06,1574.08,No
CUST-05009,Female,1,No,No,42,Yes,Yes,No,No internet service,No internet service,No internet service,No internet service,No internet service,No internet service,Month-to-month,Yes,Electronic check,106.3,4815.51,No
CUST-05010,Male,0,Yes,Yes,10,Yes,No,No,No internet service,No internet service,No internet service,No internet service,No internet service,No internet service,Month-to-month,Yes,Credit card (automatic),31.82,347.19,Yes
CUST-05011,Male,0,Yes,No,66,Yes,Yes,DSL,Yes,Yes,No,Yes,No,Yes,Month-to-month,No,Credit card (automatic),100.59,6822.9,No
CUST-05012,Female,0,Yes,No,37,Yes,Yes,DSL,Yes,Yes,No,No,Yes,Yes,Month-to-month,Yes,Bank transfer (automatic),84.26,3022.95,No
CUST-05013,Female,0,No,Yes,23,Yes,No,Fiber optic,No,Yes,No,No,Yes,No,Month-to-month,Yes,Credit card (automatic),78.37,1761.96,No
CUST-05014,Male,0,Yes,No,50,Yes,Yes,Fiber optic,Yes,No,No,No,No,Yes,Month-to-month,No,Bank transfer (automatic),76.88,3894.46,No
CUST-05015,Male,0,Yes,No,60,Yes,Yes,DSL,No,No,Yes,Yes,Yes,Yes,Month-to-month,Yes,Credit card (automatic),29.89,1820.47,No
CUST-05016,Male,0,No,Yes,45,Yes,No,No,No internet service,No internet service,No internet service,No internet service,No internet service,No internet service,Month-to-month,No,Bank transfer (automatic),82.19,3914.85,No
CUST-05017,Male,1,No,No,42,Yes,No,No,No internet service,No internet service,No internet service,No internet service,No internet service,No internet service,Month-to-month,Yes,Mailed check,57.88,2229.16,No
CUST-05018,Male,0,No,No,26,Yes,Yes,DSL,No,Yes,Yes,No,No,No,Month-to-month,No,Credit card (automatic),24.33,641.01,Yes
CUST-05019,Female,0,No,No,29,Yes,Yes,Fiber optic,Yes,No,Yes,No,Yes,No,Two year,No,Mailed check,38.53,1083.53,Yes
CUST-05020,Female,0,No,Yes,62,Yes,No,Fiber optic,No,Yes,Yes,Yes,No,No,One year,Yes,Mailed check,62.26,4117.94,No
CUST-05021,Male,0,Yes,No,9,Yes,No,DSL,Yes,Yes,Yes,No,No,No,Two year,No,Credit card (automatic),117.3,1024.47,No
CUST-05022,Male,1,Yes,Yes,2,Yes,Yes,DSL,No,No,Yes,Yes,Yes,No,Month-to-month,No,Credit card (automatic),61.07,121.35,Yes
CUST-05023,Female,0,Yes,No,59,Yes,No,Fiber optic,No,Yes,Yes,No,No,Yes,One year,Yes,Mailed check,32.98,1839.83,No
CUST-05024,Male,0,No,No,26,Yes,Yes,No,No internet service,No internet service,No internet service,No internet service,No internet service,No internet service,Month-to-month,No,Credit card (automatic),108.17,2697.52,No
CUST-05025,Male,0,No,No,44,Yes,Yes,No,No internet service,No internet service,No internet service,No internet service,No internet service,No internet service,One year,No,Bank transfer (automatic),21.52,957.41,No
CUST-05026,Male,0,No,No,61,Yes,No,DSL,No,Yes,No,No,No,No,Month-to-month,Yes,Mailed check,30.67,1843.15,No
CUST-05027,Male,1,Yes,No,23,Yes,No,No,No internet service,No internet service,No internet service,No internet service,No internet service,No internet service,Month-to-month,Yes,Credit card (automatic),65.37,1413.75,No
CUST-05028,Male,0,No,No,45,Yes,No,Fiber optic,Yes,No,No,Yes,Yes,No,Two year,Yes,Mailed check,27.28,1221.19,No
CUST-05029,Female,1,No,No,43,Yes,No,DSL,Yes,No,Yes,Yes,No,Yes,One year,No,Mailed check,75.16,3015.57,No
CUST-05030,Male,1,No,No,62,Yes,Yes,Fiber optic,No,No,No,Yes,Yes,Yes,One year,Yes,Electronic check,33.78,2254.26,No
CUST-05031,Male,0,Yes,Yes,3,Yes,No,No,No internet service,No internet service,No internet service,No internet service,No internet service,No internet service,One year,Yes,Credit card (automatic),83.09,270.42,No
CUST-05032,Male,0,No,Yes,15,Yes,Yes,DSL,Yes,Yes,Yes,No,No,Yes,One year,No,Bank transfer (automatic),29.77,422.12,No
CUST-05033,Female,0,No,No,50,Yes,Yes,DSL,No,No,Yes,No,No,No,Month-to-month,Yes,Bank transfer (automatic),99.01,4507.25,No
CUST-05034,Female,1,Yes,No,47,Yes,Yes,Fiber optic,No,Yes,No,Yes,No,No,Month-to-month,No,Bank transfer (automatic),91.38,4661.67,Yes
CUST-05035,Female,0,No,Yes,64,Yes,Yes,DSL,No,No,No,Yes,No,No,Month-to-month,Yes,Electronic check,110.54,6808.49,No
CUST-05036,Female,0,No,Yes,68,Yes,Yes,No,No internet service,No internet service,No internet service,No internet service,No internet service,No internet service,Month-to-month,No,Bank transfer (automatic),24.84,1583.7,No
CUST-05037,Male,0,No,Yes,44,Yes,No,Fiber optic,Yes,Yes,No,No,Yes,Yes,One year,No,Bank transfer (automatic),73.53,3506.64,No
CUST-05038,Female,0,Yes,No,2,Yes,No,No,No internet service,No internet service,No internet service,No internet service,No internet service,No internet service,Month-to-month,Yes,Bank transfer (automatic),88.89,191.38,No
CUST-05039,Male,0,No,No,16,Yes,Yes,DSL,Yes,Yes,No,Yes,Yes,No,Month-to-month,Yes,Credit card (automatic),108.27,1577.51,Yes
CUST-05040,Male,0,No,No,36,Yes,No,No,No internet service,No internet service,No internet service,No internet service,No internet service,No internet service,One year,No,Mailed check,66.21,2244.19,No
CUST-05041,Female,1,Yes,No,4,Yes,No,Fiber optic,Yes,No,No,Yes,Yes,No,Two year,No,Mailed check,113.13,480.81,No
CUST-05042,Female,0,Yes,No,46,Yes,Yes,DSL,Yes,No,Yes,No,Yes,Yes,Month-to-month,Yes,Bank transfer (automatic),30.25,1326.71,No
CUST-05043,Female,0,No,No,43,No,No phone service,No,No internet service,No internet service,No internet service,No internet service,No internet service,No internet service,One year,No,Credit card (automatic),61.32,2725.59,No
CUST-05044,Female,0,Yes,Yes,32,Yes,No,Fiber optic,Yes,No,Yes,No,Yes,No,Two year,Yes,Credit card (automatic),43.32,1258.72,No
CUST-05045,Female,0,No,Yes,20,Yes,Yes,DSL,No,No,No,No,Yes,Yes,Month-to-month,No,Credit card (automatic),33.54,716.63,No
CUST-05046,Male,0,Yes,No,66,Yes,No,DSL,Yes,No,No,No,Yes,No,One year,Yes,Electronic check,46.68,3032.96,No
CUST-05047,Female,0,No,No,67,Yes,No,DSL,Yes,Yes,Yes,Yes,Yes,Yes,Two year,No,Credit card (automatic),84.47,5625.6,No
CUST-05048,Female,0,No,No,31,No,No phone service,No,No internet service,No internet service,No internet service,No internet service,No internet service,No internet service,One year,Yes,Mailed check,66.32,2182.67,No
CUST-05049,Female,1,No,No,23,No,No phone service,No,No internet service,No internet service,No internet service,No internet service,No internet service,No internet service,Month-to-month,Yes,Electronic check,36.15,823.83,No
CUST-05050,Male,0,Yes,No,34,Yes,No,Fiber optic,Yes,Yes,Yes,No,Yes,Yes,Month-to-month,Yes,Credit card (automatic),21.17,662.79,Yes
CUST-05051,Female,0,Yes,Yes,17,Yes,Yes,Fiber optic,No,Yes,No,No,No,Yes,Month-to-month,Yes,Electronic check,110.35,1877.59,No
CUST-05052,Male,0,No,Yes,66,Yes,Yes,DSL,Yes,No,Yes,No,Yes,No,Two year,Yes,Electronic check,49.41,3232.85,No
CUST-05053,Female,0,No,No,53,Yes,No,Fiber optic,Yes,Yes,No,No,No,Yes,Two year,Yes,Bank transfer (automatic),30.76,1613.99,No
CUST-05054,Female,1,No,No,25,Yes,Yes,DSL,Yes,Yes,Yes,Yes,No,No,Month-to-month,Yes,Credit card (automatic),32.61,765.15,Yes
CUST-05055,Male,0,No,No,59,Yes,No,DSL,Yes,Yes,Yes,No,Yes,No,Two year,No,Mailed check,43.34,2385.22,No
CUST-05056,Female,0,Yes,No,64,Yes,Yes,Fiber optic,No,No,No,Yes,No,No,Month-to-month,Yes,Credit card (automatic),41.08,2775.23,No
CUST-05057,Male,0,Yes,No,50,Yes,Yes,No,No internet service,No internet service,No internet service,No internet service,No internet service,No internet service,Month-to-month,Yes,Bank transfer (automatic),45.96,2352.77,No
CUST-05058,Male,0,No,No,59,Yes,No,Fiber optic,Yes,No,Yes,Yes,Yes,No,One year,No,Bank transfer (automatic),40.55,2156.24,No
CUST-05059,Male,0,Yes,Yes,58,Yes,No,No,No internet service,No internet service,No internet service,No internet service,No internet service,No internet service,Two year,Yes,Credit card (automatic),61.06,3778.97,No
CUST-05060,Female,0,Yes,Yes,16,Yes,No,No,No internet service,No internet service,No internet service,No internet service,No internet service,No internet service,One year,Yes,Mailed check,94.56,1398.39,No
CUST-05061,Female,0,Yes,Yes,20,Yes,Yes,Fiber optic,Yes,Yes,No,No,Yes,Yes,Two year,Yes,Credit card (automatic),20.72,434.1,Yes
CUST-05062,Female,0,No,No,66,Yes,No,DSL,Yes,No,No,Yes,No,No,Month-to-month,Yes,Electronic check,37.05,2247.75,No
CUST-05063,Male,0,No,Yes,27,Yes,Yes,Fiber optic,Yes,No,No,Yes,Yes,Yes,Month-to-month,No,Bank transfer (automatic),89.2,2635.45,No
CUST-05064,Female,0,Yes,No,43,Yes,Yes,DSL,Yes,No,Yes,Yes,No,No,Two year,No,Electronic check,32.89,1527.56,No
CUST-05065,Male,0,Yes,No,69,No,No phone service,DSL,No,Yes,Yes,No,Yes,No,Month-to-month,Yes,Credit card (automatic),92.13,5953.96,No
CUST-05066,Female,0,No,No,61,Yes,No,Fiber optic,Yes,No,No,Yes,No,Yes,Month-to-month,Yes,Electronic check,69.48,3821.59,No
CUST-05067,Male,0,No,Yes,41,Yes,Yes,No,No internet service,No internet service,No internet service,No internet service,No internet service,No internet service,Month-to-month,Yes,Electronic check,106.16,3969.23,No
CUST-05068,Male,0,No,Yes,21,Yes,No,Fiber optic,No,No,No,Yes,Yes,Yes,Month-to-month,No,Credit card (automatic),19.02,424.08,No
CUST-05069,Male,0,Yes,No,37,Yes,Yes,Fiber optic,Yes,No,Yes,No,No,Yes,Month-to-month,No,Mailed check,96.44,3266.25,No
CUST-05070,Female,0,Yes,Yes,13,Yes,Yes,Fiber optic,Yes,No,No,No,No,Yes,Month-to-month,Yes,Credit card (automatic),75.22,1032.26,Yes
CUST-05071,Male,0,Yes,Yes,25,No,No phone service,Fiber optic,No,Yes,Yes,No,No,No,Month-to-month,Yes,Electronic check,64.89,1726.01,Yes
CUST-05072,Male,0,No,Yes,39,No,No phone service,Fiber optic,No,Yes,Yes,No,No,No,One year,No,Mailed check,32.57,1221.18,No
CUST-05073,Male,0,No,Yes,53,Yes,Yes,Fiber optic,Yes,Yes,No,No,Yes,Yes,Month-to-month,Yes,Mailed check,41.41,2297.94,No
CUST-05074,Male,0,No,Yes,12,No,No phone service,Fiber optic,Yes,No,Yes,No,No,Yes,Two year,No,Bank transfer (automatic),96.6,1233.46,No
CUST-05075,Male,1,No,No,18,Yes,No,No,No internet service,No internet service,No internet service,No internet service,No internet service,No internet service,Month-to-month,No,Electronic check,32.9,625.44,No
CUST-05076,Male,0,No,No,41,Yes,No,Fiber optic,Yes,Yes,No,No,No,Yes,Two year,Yes,Credit card (automatic),70.73,2721.04,No
CUST-05077,Female,0,Yes,No,40,Yes,No,DSL,No,Yes,Yes,No,No,No,Month-to-month,No,Credit card (automatic),38.76,1534.68,Yes
CUST-05078,Female,0,Yes,Yes,49,Yes,Yes,Fiber optic,No,Yes,Yes,No,Yes,Yes,Month-to-month,No,Bank transfer (automatic),66.93,2996.38,Yes
CUST-05079,Male,0,Yes,No,2,No,No phone service,Fiber optic,Yes,No,No,No,Yes,Yes,Two year,No,Credit card (automatic),43.47,87.38,No
CUST-05080,Female,0,No,No,30,Yes,Yes,No,No internet service,No internet service,No internet service,No internet service,No internet service,No internet service,Month-to-month,No,Bank transfer (automatic),53.11,1574.92,No
CUST-05081,Female,0,Yes,Yes,14,Yes,Yes,DSL,Yes,Yes,No,Yes,No,Yes,Month-to-month,Yes,Mailed check,98.24,1486.11,No
CUST-05082,Male,0,No,No,53,Yes,Yes,Fiber optic,No,Yes,No,No,No,Yes,One year,Yes,Bank transfer (automatic),21.71,1039.73,No
CUST-05083,Male,1,Yes,Yes,52,Yes,No,Fiber optic,No,No,No,Yes,Yes,Yes,Month-to-month,No,Electronic check,110.43,5777.09,No
CUST-05084,Male,0,Yes,No,44,Yes,Yes,Fiber optic,Yes,No,No,No,No,No,One year,No,Credit card (automatic),49.94,2299.45,No
CUST-05085,Female,0,No,No,37,Yes,Yes,Fiber optic,Yes,No,Yes,Yes,Yes,No,Month-to-month,No,Electronic check,77.6,2850.5,No
CUST-05086,Male,0,Yes,No,49,Yes,No,Fiber optic,No,Yes,Yes,No,No,Yes,Month-to-month,Yes,Mailed check,40.18,1865.69,No
CUST-05087,Female,0,Yes,Yes,23,Yes,Yes,No,No internet service,No internet service,No internet service,No internet service,No internet service,No internet service,One year,Yes,Electronic check,53.87,1266.23,No
CUST-05088,Male,0,Yes,No,16,Yes,No,DSL,No,No,No,No,No,No,Month-to-month,Yes,Mailed check,63.97,1123.23,No
CUST-05089,Female,0,Yes,Yes,17,Yes,No,DSL,Yes,Yes,Yes,No,No,No,Month-to-month,Yes,Mailed check,86.87,1341.22,No
CUST-05090,Male,0,Yes,No,41,Yes,No,Fiber optic,Yes,Yes,No,Yes,Yes,No,Month-to-month,No,Mailed check,105.31,4055.23,No
CUST-05091,Male,0,Yes,No,16,Yes,No,Fiber optic,Yes,No,No,Yes,Yes,Yes,Month-to-month,Yes,Electronic check,104.61,1670.62,No
CUST-05092,Female,0,Yes,Yes,15,Yes,Yes,Fiber optic,Yes,No,Yes,Yes,No,No,Month-to-month,Yes,Bank transfer (automatic),51.7,790.64,Yes
CUST-05093,Female,1,No,No,51,Yes,Yes,DSL,No,Yes,Yes,No,No,No,Month-to-month,No,Credit card (automatic),26.87,1404.4,No
CUST-05094,Female,0,Yes,No,35,Yes,Yes,DSL,Yes,No,No,No,Yes,No,Two year,No,Mailed check,110.5,3527.32,No
CUST-05095,Female,1,No,No,38,Yes,Yes,DSL,Yes,Yes,Yes,No,Yes,No,Month-to-month,Yes,Mailed check,21.07,740.28,No
CUST-05096,Female,0,Yes,Yes,24,Yes,No,No,No internet service,No internet service,No internet service,No internet service,No internet service,No internet service,One year,No,Bank transfer (automatic),106.11,2773.13,No
CUST-05097,Female,0,No,No,41,No,No phone service,No,No internet service,No internet service,No internet service,No internet service,No internet service,No internet service,Month-to-month,No,Mailed check,20.58,772.12,No
CUST-05098,Male,0,No,No,20,No,No phone service,No,No internet service,No internet service,No internet service,No internet service,No internet service,No internet service,Month-to-month,Yes,Bank transfer (automatic),115.66,2275.78,No
CUST-05099,Female,0,Yes,No,67,Yes,Yes,Fiber optic,Yes,Yes,Yes,No,No,Yes,One year,Yes,Mailed check,19.11,1300.15,No
CUST-05100,Male,1,No,No,58,Yes,Yes,Fiber optic,Yes,No,Yes,No,Yes,Yes,Two year,No,Bank transfer (automatic),19.7,1100.13,No
CUST-05101,Male,0,No,No,29,Yes,No,DSL,No,No,Yes,No,Yes,Yes,Month-to-month,No,Credit card (automatic),68.87,1899.64,No
CUST-05102,Female,1,Yes,No,56,No,No phone service,DSL,No,No,Yes,Yes,Yes,Yes,Two year,Yes,Mailed check,84.68,4543.11,No
CUST-05103,Male,0,No,Yes,32,Yes,Yes,No,No internet service,No internet service,No internet service,No internet service,No internet service,No internet service,Two year,Yes,Mailed check,53.28,1630.83,No
CUST-05104,Female,0,Yes,No,52,Yes,No,Fiber optic,No,Yes,No,Yes,Yes,No,Two year,Yes,Mailed check,78.59,3988.11,No
CUST-05105,Female,0,No,No,15,Yes,Yes,No,No internet service,No internet service,No internet service,No internet service,No internet service,No internet service,Month-to-month,No,Mailed check,102.59,1420.69,No
CUST-05106,Male,0,No,No,48,No,No phone service,Fiber optic,No,Yes,No,No,No,Yes,Month-to-month,Yes,Electronic check,97.56,5013.99,No
CUST-05107,Male,0,No,No,4,Yes,Yes,Fiber optic,Yes,Yes,No,No,No,No,Two year,No,Electronic check,106.41,447.72,Yes
CUST-05108,Female,0,No,Yes,59,Yes,No,DSL,Yes,Yes,Yes,Yes,No,No,One year,Yes,Mailed check,33.92,1814.8,No
CUST-05109,Female,0,Yes,No,70,Yes,No,No,No internet service,No internet service,No internet service,No internet service,No internet service,No internet service,Month-to-month,Yes,Bank transfer (automatic),40.46,2980.19,No
CUST-05110,Male,0,Yes,No,54,Yes,Yes,Fiber optic,No,No,Yes,No,Yes,No,Two year,Yes,Mailed check,76.77,4417.58,No
CUST-05111,Male,1,Yes,Yes,34,Yes,Yes,DSL,Yes,No,Yes,No,No,No,One year,Yes,Bank transfer (automatic),90.37,3331.92,No
CUST-05112,Male,0,Yes,No,68,Yes,Yes,DSL,Yes,Yes,Yes,Yes,No,No,Two year,No,Bank transfer (automatic),28.74,1998.47,No
CUST-05113,Male,1,Yes,No,41,Yes,No,Fiber optic,Yes,No,No,Yes,Yes,Yes,Month-to-month,No,Electronic check,35.56,1560.84,No
CUST-05114,Female,0,No,Yes,68,Yes,Yes,DSL,Yes,Yes,Yes,Yes,Yes,Yes,One year,No,Credit card (automatic),110.29,7888.36,No
CUST-05115,Female,0,Yes,Yes,23,Yes,No,DSL,Yes,No,No,No,Yes,No,Month-to-month,Yes,Bank transfer (automatic),20.58,428.41,Yes
CUST-05116,Female,1,No,No,70,Yes,No,Fiber optic,No,No,No,No,Yes,No,One year,Yes,Mailed check,58.18,4325.94,No
CUST-05117,Female,0,Yes,No,70,Yes,Yes,DSL,No,No,Yes,No,Yes,No,Month-to-month,No,Credit card (automatic),39.09,2780.64,No
CUST-05118,Male,1,Yes,Yes,54,Yes,No,Fiber optic,No,No,Yes,No,Yes,Yes,Month-to-month,Yes,Electronic check,95.43,5308.39,Yes
CUST-05119,Male,0,Yes,No,13,No,No phone service,DSL,Yes,No,Yes,Yes,Yes,No,Two year,Yes,Electronic check,104.36,1461.13,No
CUST-05120,Female,0,Yes,No,54,Yes,No,Fiber optic,Yes,Yes,No,Yes,Yes,No,Month-to-month,No,Credit card (automatic),42.7,2080.03,No
CUST-05121,Female,0,No,No,14,Yes,No,Fiber optic,Yes,Yes,No,No,No,No,One year,Yes,Electronic check,76.99,993.33,Yes
CUST-05122,Female,0,Yes,No,4,Yes,No,DSL,No,Yes,Yes,Yes,No,Yes,Two year,Yes,Mailed check,102.32,415.32,No
CUST-05123,Female,0,No,No,3,Yes,Yes,Fiber optic,Yes,Yes,No,Yes,No,Yes,Month-to-month,Yes,Bank transfer (automatic),77.85,229.33,No
CUST-05124,Female,0,No,No,29,Yes,No,Fiber optic,No,Yes,Yes,Yes,No,No,One year,Yes,Bank transfer (automatic),78.07,2226.92,No
CUST-05125,Female,0,Yes,Yes,52,Yes,No,No,No internet service,No internet service,No internet service,No internet service,No internet service,No internet service,One year,No,Mailed check,59.29,2967.28,No
CUST-05126,Female,1,No,No,29,Yes,No,Fiber optic,Yes,No,No,No,No,No,Month-to-month,Yes,Mailed check,83.3,2569.6,Yes
CUST-05127,Female,0,No,No,60,Yes,No,No,No internet service,No internet service,No internet service,No internet service,No internet service,No internet service,Month-to-month,Yes,Electronic check,114.03,6299.33,No
CUST-05128,Female,0,Yes,Yes,70,Yes,No,Fiber optic,Yes,No,No,No,Yes,No,Two year,No,Mailed check,47.96,3379.34,No
CUST-05129,Male,0,No,No,67,No,No phone service,DSL,Yes,Yes,Yes,Yes,No,Yes,One year,Yes,Bank transfer (automatic),38.06,2528.71,No
CUST-05130,Female,0,Yes,Yes,54,Yes,Yes,Fiber optic,No,Yes,No,Yes,No,No,Month-to-month,No,Mailed check,113.81,6208.81,No
CUST-05131,Male,1,Yes,No,70,Yes,No,Fiber optic,No,Yes,No,Yes,No,Yes,Two year,No,Bank transfer (automatic),24.02,1530.26,No
CUST-05132,Male,0,No,No,41,Yes,Yes,No,No internet service,No internet service,No internet service,No internet service,No internet service,No internet service,Month-to-month,No,Mailed check,101.99,4326.91,No
CUST-05133,Female,0,No,No,28,No,No phone service,DSL,Yes,No,No,Yes,Yes,Yes,Month-to-month,Yes,Credit card (automatic),108.98,2754.55,No
CUST-05134,Female,0,No,Yes,34,No,No phone service,DSL,Yes,No,No,Yes,Yes,Yes,Month-to-month,Yes,Credit card (automatic),39.94,1365.52,No
CUST-05135,Male,0,No,Yes,44,Yes,Yes,No,No internet service,No internet service,No internet service,No internet service,No internet service,No internet service,Month-to-month,Yes,Bank transfer (automatic),60.57,2540.09,Yes
CUST-05136,Male,1,No,No,28,Yes,No,Fiber optic,No,No,No,Yes,No,No,Month-to-month,Yes,Mailed check,30.3,816.68,No
CUST-05137,Female,0,No,No,69,Yes,No,Fiber optic,Yes,No,No,Yes,No,Yes,One year,Yes,Mailed check,54.7,3954.26,No
CUST-05138,Male,1,No,No,2,Yes,No,Fiber optic,Yes,Yes,Yes,Yes,No,Yes,Month-to-month,Yes,Electronic check,63.73,139.85,No
CUST-05139,Female,0,Yes,Yes,56,Yes,No,DSL,Yes,Yes,Yes,No,No,Yes,Two year,Yes,Electronic check,68.96,3842.72,No
CUST-05140,Female,1,Yes,Yes,65,Yes,Yes,Fiber optic,Yes,No,Yes,No,No,No,One year,No,Mailed check,30.25,2032.91,No
CUST-05141,Female,0,Yes,No,21,Yes,No,No,No internet service,No internet service,No internet service,No internet service,No internet service,No internet service,Month-to-month,Yes,Bank transfer (automatic),58.36,1163.9,No
CUST-05142,Male,1,No,No,26,Yes,Yes,No,No internet service,No internet service,No internet service,No internet service,No internet service,No internet service,Month-to-month,Yes,Bank transfer (automatic),80.51,2115.87,Yes
CUST-05143,Male,1,No,Yes,21,Yes,No,DSL,Yes,No,No,Yes,No,No,One year,Yes,Mailed check,68.01,1313.95,No
CUST-05144,Female,1,No,No,48,Yes,No,Fiber optic,Yes,Yes,No,Yes,Yes,Yes,Two year,No,Electronic check,102.14,5246.14,No
CUST-05145,Male,0,Yes,No,23,Yes,Yes,DSL,No,No,Yes,Yes,Yes,Yes,Month-to-month,Yes,Bank transfer (automatic),113.11,2578.49,Yes
CUST-05146,Male,0,Yes,Yes,26,Yes,No,No,No internet service,No internet service,No internet service,No internet service,No internet service,No internet service,Two year,Yes,Electronic check,99.69,2520.13,No
CUST-05147,Male,0,Yes,No,35,Yes,No,Fiber optic,Yes,No,No,Yes,Yes,No,Month-to-month,No,Credit card (automatic),22.74,798.03,Yes
CUST-05148,Male,0,No,No,16,Yes,Yes,Fiber optic,Yes,No,No,Yes,Yes,No,Month-to-month,No,Electronic check,39.47,683.68,Yes
CUST-05149,Male,0,Yes,No,55,Yes,Yes,Fiber optic,Yes,Yes,Yes,Yes,Yes,Yes,Month-to-month,Yes,Electronic check,26.76,1553.18,Yes
CUST-05150,Male,0,Yes,No,9,Yes,No,No,No internet service,No internet service,No internet service,No internet service,No internet service,No internet service,Month-to-month,No,Mailed check,61.38,514.05,Yes
CUST-05151,Male,0,No,No,53,Yes,Yes,No,No internet service,No internet service,No internet service,No internet service,No internet service,No internet service,Month-to-month,Yes,Credit card (automatic),90.38,5046.89,No
CUST-05152,Female,0,Yes,Yes,37,Yes,No,DSL,Yes,Yes,Yes,Yes,Yes,Yes,Month-to-month,No,Bank transfer (automatic),21.24,769.04,No
CUST-05153,Male,0,Yes,No,3,Yes,Yes,Fiber optic,Yes,No,Yes,Yes,No,No,Month-to-month,Yes,Mailed check,44.7,131.28,Yes
CUST-05154,Male,0,Yes,No,49,Yes,No,Fiber optic,No,Yes,No,Yes,No,No,Two year,Yes,Electronic check,27.39,1411.31,No
CUST-05155,Male,0,No,No,60,Yes,Yes,DSL,Yes,Yes,Yes,Yes,Yes,No,Two year,Yes,Credit card (automatic),59.01,3512.05,No
CUST-05156,Male,0,Yes,Yes,20,Yes,Yes,No,No internet service,No internet service,No internet service,No internet service,No internet service,No internet service,Two year,Yes,Bank transfer (automatic),110.53,2021.58,No
CUST-05157,Male,0,No,No,35,Yes,Yes,Fiber optic,Yes,Yes,Yes,Yes,No,No,Month-to-month,Yes,Bank transfer (automatic),59.28,1969.72,No
CUST-05158,Male,0,No,No,45,Yes,No,DSL,Yes,No,No,No,No,Yes,Two year,Yes,Credit card (automatic),81.47,3955.5,No
CUST-05159,Male,1,Yes,No,70,Yes,No,DSL,No,Yes,No,No,Yes,Yes,Month-to-month,Yes,Mailed check,56.7,4041.99,No
CUST-05160,Male,1,Yes,No,43,Yes,No,Fiber optic,Yes,No,Yes,No,Yes,Yes,Month-to-month,No,Credit card (automatic),91.15,4203.39,No
CUST-05161,Female,1,No,No,63,Yes,Yes,No,No internet service,No internet service,No internet service,No internet service,No internet service,No internet service,Month-to-month,Yes,Bank transfer (automatic),92.3,5588.3,No
CUST-05162,Male,1,No,Yes,17,Yes,Yes,Fiber optic,No,No,No,No,No,No,One year,Yes,Bank transfer (automatic),31.8,561.03,No
CUST-05163,Male,0,No,No,12,Yes,Yes,DSL,No,Yes,Yes,Yes,No,No,Month-to-month,Yes,Credit card (automatic),83.32,1056.89,No
CUST-05164,Male,0,No,No,12,Yes,Yes,DSL,Yes,No,No,Yes,Yes,Yes,Month-to-month,Yes,Mailed check,56.64,636.57,No
CUST-05165,Male,0,No,No,24,No,No phone service,No,No internet service,No internet service,No internet service,No internet service,No internet service,No internet service,Month-to-month,No,Credit card (automatic),103.97,2257.39,No
CUST-05166,Female,0,Yes,No,4,Yes,Yes,DSL,Yes,Yes,Yes,Yes,Yes,Yes,Two year,Yes,Electronic check,33.78,138.75,No
CUST-05167,Female,0,No,No,38,Yes,Yes,No,No internet service,No internet service,No internet service,No internet service,No internet service,No internet service,Two year,No,Electronic check,107.74,4157.08,No
CUST-05168,Female,0,Yes,No,28,Yes,No,No,No internet service,No internet service,No internet service,No internet service,No internet service,No internet service,Two year,No,Bank transfer (automatic),69.15,1758.0,No
CUST-05169,Female,0,No,Yes,56,Yes,No,Fiber optic,No,No,Yes,No,No,Yes,Month-to-month,Yes,Electronic check,43.55,2395.29,Yes
CUST-05170,Female,0,Yes,No,45,Yes,Yes,No,No internet service,No internet service,No internet service,No internet service,No internet service,No internet service,Month-to-month,Yes,Electronic check,51.47,2345.53,No
CUST-05171,Female,0,No,No,32,Yes,Yes,DSL,No,Yes,No,No,No,Yes,One year,Yes,Credit card (automatic),18.5,557.91,No
CUST-05172,Female,0,Yes,Yes,9,Yes,Yes,No,No internet service,No internet service,No internet service,No internet service,No internet service,No internet service,Month-to-month,Yes,Mailed check,112.99,934.85,No
CUST-05173,Female,0,Yes,Yes,57,Yes,No,DSL,Yes,Yes,No,No,Yes,Yes,One year,Yes,Electronic check,40.5,2447.61,No
CUST-05174,Female,0,No,Yes,24,Yes,Yes,Fiber optic,No,No,Yes,No,No,Yes,Two year,No,Mailed check,108.97,2837.59,No
CUST-05175,Female,0,No,No,38,Yes,Yes,Fiber optic,No,Yes,No,Yes,No,No,Month-to-month,Yes,Credit card (automatic),103.3,3884.18,Yes
CUST-05176,Female,0,Yes,No,15,Yes,Yes,Fiber optic,No,No,Yes,Yes,Yes,Yes,Month-to-month,Yes,Credit card (automatic),52.91,735.55,No
CUST-05177,Female,1,Yes,Yes,59,Yes,No,DSL,Yes,No,No,Yes,Yes,No,Month-to-month,Yes,Mailed check,39.09,2270.01,Yes
CUST-05178,Female,0,Yes,Yes,27,Yes,Yes,No,No internet service,No internet service,No internet service,No internet service,No internet service,No internet service,Two year,No,Electronic check,60.66,1565.47,No
CUST-05179,Female,0,No,No,43,Yes,No,Fiber optic,Yes,No,No,Yes,No,Yes,Month-to-month,Yes,Mailed check,111.36,4779.38,No
CUST-05180,Female,0,No,No,57,Yes,No,No,No internet service,No internet service,No internet service,No internet service,No internet service,No internet service,One year,Yes,Bank transfer (automatic),103.51,5320.71,No
CUST-05181,Female,0,No,Yes,31,Yes,No,Fiber optic,No,No,No,Yes,No,No,Month-to-month,Yes,Mailed check,66.86,2224.78,No
CUST-05182,Male,0,No,No,62,Yes,No,Fiber optic,Yes,No,Yes,No,No,No,Two year,No,Mailed check,72.55,4100.56,No
CUST-05183,Female,0,Yes,No,44,Yes,No,No,No internet service,No internet service,No internet service,No internet service,No internet service,No internet service,Month-to-month,Yes,Mailed check,58.86,2553.51,No
CUST-05184,Male,0,No,No,52,Yes,Yes,No,No internet service,No internet service,No internet service,No internet service,No internet service,No internet service,One year,Yes,Credit card (automatic),112.48,6037.46,No
CUST-05185,Female,1,No,No,60,Yes,Yes,Fiber optic,Yes,Yes,Yes,No,No,Yes,One year,No,Electronic check,116.89,7225.41,Yes
CUST-05186,Female,1,No,No,49,Yes,No,No,No internet service,No internet service,No internet service,No internet service,No internet service,No internet service,Month-to-month,No,Credit card (automatic),46.92,2206.29,No
CUST-05187,Male,0,No,Yes,26,Yes,No,Fiber optic,Yes,No,No,Yes,No,Yes,Month-to-month,Yes,Mailed check,112.97,2936.97,No
CUST-05188,Female,0,No,Yes,25,No,No phone service,Fiber optic,Yes,Yes,Yes,No,No,No,Two year,No,Credit card (automatic),113.04,2824.25,No
CUST-05189,Male,0,Yes,No,2,Yes,No,No,No internet service,No internet service,No internet service,No internet service,No internet service,No internet service,Month-to-month,Yes,Bank transfer (automatic),65.34,121.04,No
CUST-05190,Male,0,No,No,38,Yes,Yes,Fiber optic,Yes,Yes,No,Yes,No,No,Month-to-month,No,Electronic check,59.49,2202.93,Yes
CUST-05191,Male,0,Yes,No,64,Yes,Yes,DSL,Yes,No,Yes,Yes,Yes,Yes,Two year,No,Electronic check,104.93,6204.17,No
CUST-05192,Female,0,No,No,34,Yes,No,DSL,No,No,No,Yes,No,Yes,One year,Yes,Credit card (automatic),112.31,3480.29,No
CUST-05193,Female,0,No,Yes,52,Yes,Yes,Fiber optic,No,Yes,No,Yes,Yes,No,Month-to-month,No,Electronic check,58.24,2759.34,No
CUST-05194,Female,1,No,No,45,Yes,Yes,No,No internet service,No internet service,No internet service,No internet service,No internet service,No internet service,Month-to-month,No,Credit card (automatic),67.22,2985.57,No
CUST-05195,Male,0,No,No,67,Yes,Yes,DSL,Yes,No,No,Yes,Yes,Yes,Month-to-month,Yes,Bank transfer (automatic),51.42,3603.35,No
CUST-05196,Male,0,Yes,No,21,Yes,No,Fiber optic,No,No,Yes,Yes,Yes,No,Month-to-month,No,Mailed check,38.89,895.83,No
CUST-05197,Female,0,Yes,No,59,Yes,Yes,Fiber optic,Yes,No,Yes,No,No,Yes,Month-to-month,Yes,Mailed check,117.62,7038.43,No
CUST-05198,Female,1,No,No,5,Yes,Yes,DSL,Yes,Yes,No,No,No,Yes,One year,No,Bank transfer (automatic),36.88,177.0,No
CUST-05199,Female,0,Yes,No,51,Yes,Yes,DSL,Yes,Yes,Yes,No,No,Yes,Two year,Yes,Bank transfer (automatic),99.42,4773.4,No
CUST-05200,Female,0,Yes,No,28,Yes,No,No,No internet service,No internet service,No internet service,No internet service,No internet service,No internet service,Two year,Yes,Electronic check,60.06,1747.21,No
CUST-05201,Female,0,No,No,42,No,No phone service,DSL,No,Yes,No,No,No,No,Two year,Yes,Credit card (automatic),26.37,1008.25,No
CUST-05202,Male,0,Yes,Yes,33,No,No phone service,DSL,No,No,Yes,No,No,Yes,Two year,No,Bank transfer (automatic),50.49,1586.96,No
CUST-05203,Male,1,Yes,No,30,Yes,No,DSL,Yes,No,Yes,Yes,Yes,Yes,One year,Yes,Credit card (automatic),26.31,819.06,No
CUST-05204,Male,0,No,No,45,Yes,Yes,DSL,No,No,No,Yes,Yes,Yes,One year,Yes,Mailed check,116.19,5171.06,No
CUST-05205,Female,0,No,No,3,Yes,Yes,DSL,Yes,No,No,Yes,No,Yes,Month-to-month,Yes,Electronic check,44.52,133.57,Yes
CUST-05206,Male,0,Yes,No,1,Yes,Yes,Fiber optic,No,No,No,Yes,Yes,No,Month-to-month,No,Credit card (automatic),92.6,101.41,Yes
CUST-05207,Male,0,No,No,4,Yes,Yes,Fiber optic,Yes,No,Yes,No,Yes,No,Month-to-month,Yes,Bank transfer (automatic),60.56,237.62,No
CUST-05208,Male,0,No,No,45,Yes,No,Fiber optic,No,No,No,Yes,Yes,No,One year,Yes,Electronic check,85.94,3940.88,No
CUST-05209,Male,0,No,No,18,Yes,No,DSL,Yes,No,No,Yes,No,Yes,Month-to-month,No,Bank transfer (automatic),43.51,861.28,Yes
CUST-05210,Male,0,Yes,Yes,37,Yes,No,Fiber optic,Yes,No,No,No,Yes,No,Two year,Yes,Mailed check,27.41,1051.97,No
CUST-05211,Female,0,No,No,58,Yes,Yes,DSL,No,No,Yes,No,Yes,No,Month-to-month,Yes,Bank transfer (automatic),98.85,5749.88,Yes
CUST-05212,Male,0,No,No,71,Yes,No,No,No internet service,No internet service,No internet service,No internet service,No internet service,No internet service,Month-to-month,No,Mailed check,89.67,6142.33,No
CUST-05213,Female,1,Yes,No,19,Yes,No,DSL,Yes,Yes,Yes,No,No,No,Two year,Yes,Bank transfer (automatic),28.94,602.26,No
CUST-05214,Female,0,Yes,No,67,Yes,Yes,No,No internet service,No internet service,No internet service,No internet service,No internet service,No internet service,Month-to-month,Yes,Bank transfer (automatic),91.09,5851.37,No
CUST-05215,Female,0,Yes,No,52,Yes,Yes,Fiber optic,No,No,Yes,Yes,Yes,Yes,One year,No,Electronic check,77.76,3732.84,No
CUST-05216,Female,0,Yes,No,54,No,No phone service,Fiber optic,Yes,No,Yes,Yes,No,Yes,Month-to-month,No,Mailed check,35.15,2059.76,No
CUST-05217,Female,0,Yes,No,38,Yes,No,Fiber optic,No,Yes,No,No,No,No,Month-to-month,No,Bank transfer (automatic),100.56,3682.95,Yes
CUST-05218,Male,0,No,Yes,35,Yes,Yes,Fiber optic,Yes,No,Yes,No,No,No,Two year,Yes,Bank transfer (automatic),87.89,3130.84,No
CUST-05219,Male,0,Yes,No,57,Yes,No,Fiber optic,No,Yes,No,No,No,Yes,Two year,Yes,Credit card (automatic),68.68,4029.0,No
CUST-05220,Female,0,No,No,14,No,No phone service,Fiber optic,Yes,No,No,No,Yes,No,Two year,Yes,Bank transfer (automatic),35.86,478.03,No
CUST-05221,Female,0,Yes,No,0,Yes,Yes,No,No internet service,No internet service,No internet service,No internet service,No internet service,No internet service,Month-to-month,Yes,Electronic check,72.02,0.0,Yes
CUST-05222,Female,0,No,Yes,8,Yes,No,Fiber optic,No,No,Yes,No,No,Yes,Two year,Yes,Credit card (automatic),34.27,255.27,No
CUST-05223,Male,0,No,No,22,Yes,No,DSL,Yes,Yes,No,No,Yes,No,Month-to-month,No,Mailed check,36.4,862.39,No
CUST-05224,Female,0,Yes,No,51,Yes,Yes,No,No internet service,No internet service,No internet service,No internet service,No internet service,No internet service,Month-to-month,No,Electronic check,42.13,2184.95,No
CUST-05225,Male,0,Yes,No,25,Yes,No,Fiber optic,No,Yes,No,Yes,No,Yes,Two year,Yes,Electronic check,83.45,2249.09,No
CUST-05226,Female,0,Yes,No,59,Yes,No,Fiber optic,Yes,No,No,Yes,No,Yes,Month-to-month,No,Credit card (automatic),85.97,4825.84,No
CUST-05227,Male,0,Yes,Yes,17,Yes,No,No,No internet service,No internet service,No internet service,No internet service,No internet service,No internet service,Month-to-month,No,Electronic check,25.28,441.28,No
CUST-05228,Female,1,Yes,No,57,Yes,Yes,No,No internet service,No internet service,No internet service,No internet service,No internet service,No internet service,Month-to-month,Yes,Bank transfer (automatic),83.09,4468.97,No
CUST-05229,Male,0,Yes,No,64,Yes,No,DSL,Yes,Yes,Yes,No,Yes,Yes,Two year,Yes,Credit card (automatic),21.46,1315.49,No
CUST-05230,Female,0,No,No,68,Yes,Yes,DSL,No,Yes,Yes,Yes,Yes,Yes,Month-to-month,Yes,Credit card (automatic),108.5,7173.11,No
CUST-05231,Male,0,No,Yes,13,Yes,Yes,DSL,No,Yes,No,Yes,No,No,Two year,Yes,Electronic check,95.87,1258.63,No
CUST-05232,Male,0,No,No,45,Yes,No,Fiber optic,Yes,Yes,Yes,No,Yes,Yes,Month-to-month,No,Mailed check,90.44,4115.2,No
CUST-05233,Male,0,No,No,68,Yes,Yes,Fiber optic,No,No,No,No,Yes,Yes,One year,Yes,Mailed check,41.92,2679.71,No
CUST-05234,Male,0,No,No,31,Yes,No,Fiber optic,Yes,No,No,Yes,Yes,No,Two year,No,Mailed check,116.76,3290.95,No
CUST-05235,Male,0,Yes,No,50,Yes,Yes,Fiber optic,No,No,Yes,No,No,No,Month-to-month,No,Mailed check,110.43,5821.98,Yes
CUST-05236,Male,0,Yes,No,68,Yes,Yes,DSL,Yes,Yes,No,No,No,No,Two year,Yes,Electronic check,66.99,4579.05,No
CUST-05237,Male,0,No,No,14,Yes,No,DSL,No,No,No,No,Yes,No,Month-to-month,No,Bank transfer (automatic),21.47,289.35,Yes
CUST-05238,Female,0,No,Yes,52,Yes,Yes,No,No internet service,No internet service,No internet service,No internet service,No internet service,No internet service,One year,Yes,Bank transfer (automatic),69.14,3273.69,No
CUST-05239,Female,0,Yes,Yes,70,Yes,No,No,No internet service,No internet service,No internet service,No internet service,No internet service,No internet service,Month-to-month,Yes,Credit card (automatic),33.4,2153.11,Yes
CUST-05240,Female,0,Yes,No,68,Yes,No,DSL,No,Yes,No,Yes,Yes,Yes,One year,Yes,Bank transfer (automatic),77.27,5174.05,No
CUST-05241,Female,0,Yes,Yes,14,Yes,No,DSL,Yes,No,No,Yes,No,Yes,One year,No,Mailed check,116.66,1627.96,No
CUST-05242,Female,0,Yes,No,29,Yes,No,Fiber optic,Yes,Yes,Yes,No,Yes,No,Two year,No,Credit card (automatic),93.69,2650.43,No
CUST-05243,Male,0,No,Yes,23,Yes,No,DSL,Yes,Yes,Yes,Yes,Yes,No,Month-to-month,No,Mailed check,50.23,1170.66,Yes
CUST-05244,Male,0,No,Yes,34,Yes,Yes,DSL,No,Yes,No,No,Yes,No,Two year,Yes,Credit card (automatic),57.42,2074.91,No
CUST-05245,Male,0,Yes,Yes,68,Yes,No,Fiber optic,Yes,Yes,No,No,Yes,Yes,Month-to-month,No,Credit card (automatic),112.46,7918.19,No
CUST-05246,Male,0,Yes,No,11,Yes,No,DSL,No,Yes,No,Yes,Yes,Yes,Month-to-month,No,Credit card (automatic),29.02,342.65,Yes
CUST-05247,Male,0,No,No,45,Yes,No,Fiber optic,No,No,No,No,No,No,Month-to-month,Yes,Electronic check,107.02,4927.45,No
CUST-05248,Female,0,No,No,68,Yes,No,No,No internet service,No internet service,No internet service,No internet service,No internet service,No internet service,Month-to-month,Yes,Mailed check,25.45,1593.89,Yes
CUST-05249,Female,1,No,No,35,Yes,Yes,No,No internet service,No internet service,No internet service,No internet service,No internet service,No internet service,Month-to-month,Yes,Electronic check,59.47,1935.73,Yes
CUST-05250,Female,1,Yes,No,47,Yes,Yes,Fiber optic,No,Yes,Yes,Yes,No,No,Month-to-month,Yes,Electronic check,92.55,4254.6,Yes
CUST-05251,Female,0,No,No,66,Yes,Yes,Fiber optic,Yes,Yes,Yes,Yes,No,No,Month-to-month,Yes,Credit card (automatic),57.51,3631.61,No
CUST-05252,Male,0,Yes,No,53,No,No phone service,Fiber optic,No,No,No,Yes,Yes,No,Two year,No,Mailed check,75.11,4102.04,No
CUST-05253,Male,0,Yes,No,35,Yes,No,DSL,No,Yes,Yes,Yes,Yes,No,One year,No,Bank transfer (automatic),67.08,2406.89,No
CUST-05254,Male,0,Yes,No,51,Yes,No,Fiber optic,No,No,Yes,No,No,Yes,Month-to-month,Yes,Mailed check,78.46,3971.53,Yes
CUST-05255,Female,0,No,No,21,Yes,No,Fiber optic,Yes,Yes,Yes,Yes,No,No,Month-to-month,Yes,Credit card (automatic),35.09,758.06,No
CUST-05256,Male,0,No,No,37,Yes,No,DSL,No,Yes,No,No,No,No,Month-to-month,No,Credit card (automatic),75.81,3035.63,No
CUST-05257,Female,0,Yes,No,61,No,No phone service,Fiber optic,Yes,Yes,Yes,Yes,No,Yes,Month-to-month,No,Credit card (automatic),116.73,7108.73,No
CUST-05258,Male,0,No,No,64,Yes,No,DSL,Yes,No,Yes,No,No,No,Month-to-month,No,Mailed check,37.39,2319.86,Yes
CUST-05259,Male,0,Yes,Yes,2,Yes,No,No,No internet service,No internet service,No internet service,No internet service,No internet service,No internet service,Two year,No,Credit card (automatic),24.69,49.15,No
CUST-05260,Female,0,No,No,7,Yes,No,No,No internet service,No internet service,No internet service,No internet service,No internet service,No internet service,One year,Yes,Credit card (automatic),57.18,371.85,No
CUST-05261,Male,0,Yes,Yes,38,Yes,No,DSL,No,No,Yes,No,No,Yes,Two year,No,Mailed check,55.44,1937.08,No
CUST-05262,Male,0,Yes,No,17,Yes,No,DSL,Yes,No,No,Yes,No,Yes,Two year,Yes,Bank transfer (automatic),30.57,510.39,No
CUST-05263,Female,0,No,No,2,Yes,Yes,DSL,Yes,No,No,No,No,No,Month-to-month,No,Electronic check,75.15,163.03,Yes
CUST-05264,Male,0,No,No,17,Yes,Yes,No,No internet service,No internet service,No internet service,No internet service,No internet service,No internet service,Month-to-month,No,Electronic check,61.76,1126.12,No
CUST-05265,Female,0,Yes,Yes,0,Yes,No,DSL,No,No,Yes,No,No,No,One year,Yes,Electronic check,101.69,0.0,No
CUST-05266,Male,0,No,Yes,25,No,No phone service,Fiber optic,Yes,No,No,Yes,Yes,Yes,Month-to-month,No,Bank transfer (automatic),60.3,1573.5,Yes
CUST-05267,Male,0,Yes,Yes,51,Yes,Yes,DSL,Yes,No,Yes,Yes,No,Yes,Month-to-month,Yes,Bank transfer (automatic),116.57,6373.77,No
CUST-05268,Male,0,Yes,No,11,Yes,No,Fiber optic,Yes,No,No,No,No,No,Two year,No,Credit card (automatic),95.98,1143.5,No
CUST-05269,Male,0,Yes,No,37,Yes,No,No,No internet service,No internet service,No internet service,No internet service,No internet service,No internet service,Two year,No,Bank transfer (automatic),66.75,2548.5,No
CUST-05270,Male,1,Yes,No,40,Yes,No,Fiber optic,No,No,No,No,Yes,No,Month-to-month,No,Credit card (automatic),73.22,2862.0,No
CUST-05271,Male,0,Yes,No,52,Yes,No,Fiber optic,No,Yes,No,Yes,No,Yes,Month-to-month,No,Electronic check,104.68,5059.58,No
CUST-05272,Male,0,Yes,No,12,Yes,No,Fiber optic,No,Yes,Yes,No,No,Yes,One year,Yes,Electronic check,95.42,1032.12,No
CUST-05273,Male,0,Yes,No,12,Yes,Yes,Fiber optic,Yes,No,No,Yes,No,Yes,Two year,No,Bank transfer (automatic),83.77,1034.98,No
CUST-05274,Female,0,Yes,Yes,17,Yes,No,Fiber optic,Yes,No,No,Yes,No,Yes,Month-to-month,Yes,Electronic check,44.68,744.04,Yes
CUST-05275,Female,0,No,Yes,18,Yes,Yes,No,No internet service,No internet service,No internet service,No internet service,No internet service,No internet service,Month-to-month,Yes,Bank transfer (automatic),59.03,973.22,Yes
CUST-05276,Male,0,No,No,18,No,No phone service,No,No internet service,No internet service,No internet service,No internet service,No internet service,No internet service,Month-to-month,Yes,Electronic check,96.72,1663.89,No
CUST-05277,Male,0,Yes,No,69,No,No phone service,Fiber optic,Yes,Yes,No,No,No,Yes,Month-to-month,Yes,Mailed check,80.75,5536.91,No
CUST-05278,Female,0,Yes,No,47,Yes,No,Fiber optic,Yes,No,No,No,No,No,One year,Yes,Bank transfer (automatic),113.65,5644.51,No
CUST-05279,Male,0,Yes,No,70,Yes,Yes,DSL,Yes,Yes,Yes,Yes,No,No,Two year,Yes,Mailed check,105.29,7097.29,No
CUST-05280,Male,0,No,No,70,Yes,Yes,No,No internet service,No internet service,No internet service,No internet service,No internet service,No internet service,One year,Yes,Credit card (automatic),60.71,4382.49,Yes
CUST-05281,Female,0,Yes,No,27,Yes,No,DSL,Yes,No,No,Yes,Yes,No,Month-to-month,Yes,Bank transfer (automatic),47.38,1162.38,No
CUST-05282,Male,0,Yes,Yes,18,Yes,Yes,Fiber optic,Yes,No,Yes,Yes,No,Yes,One year,Yes,Credit card (automatic),30.41,598.0,Yes
CUST-05283,Male,0,Yes,No,47,No,No phone service,Fiber optic,No,No,No,Yes,No,No,Month-to-month,No,Credit card (automatic),58.76,3022.25,No
CUST-05284,Female,0,No,No,28,Yes,Yes,DSL,Yes,Yes,Yes,Yes,Yes,Yes,Month-to-month,No,Credit card (automatic),40.67,1145.21,No
CUST-05285,Male,0,No,Yes,47,Yes,No,Fiber optic,Yes,Yes,No,No,No,No,Two year,No,Electronic check,19.67,953.62,No
CUST-05286,Male,0,No,No,18,No,No phone service,DSL,No,Yes,No,Yes,No,Yes,Month-to-month,Yes,Mailed check,31.82,603.07,Yes
CUST-05287,Female,0,Yes,No,46,Yes,Yes,No,No internet service,No internet service,No internet service,No internet service,No internet service,No internet service,Month-to-month,No,Electronic check,63.3,3185.73,No
CUST-05288,Male,0,Yes,No,59,Yes,Yes,No,No internet service,No internet service,No internet service,No internet service,No internet service,No internet service,One year,Yes,Bank transfer (automatic),107.24,6383.62,No
CUST-05289,Female,0,No,No,47,No,No phone service,Fiber optic,Yes,No,Yes,No,Yes,No,Month-to-month,No,Electronic check,50.1,2474.96,No
CUST-05290,Male,0,Yes,No,19,Yes,Yes,Fiber optic,No,Yes,Yes,No,No,No,Month-to-month,No,Electronic check,62.11,1107.48,No
CUST-05291,Male,0,No,No,18,Yes,Yes,DSL,No,Yes,Yes,No,Yes,Yes,Month-to-month,Yes,Mailed check,56.41,945.12,No
CUST-05292,Female,0,No,No,41,Yes,No,No,No internet service,No internet service,No internet service,No internet service,No internet service,No internet service,Month-to-month,No,Electronic check,54.9,2346.57,No
CUST-05293,Female,0,Yes,Yes,48,Yes,No,Fiber optic,Yes,No,No,Yes,Yes,Yes,Month-to-month,Yes,Electronic check,90.26,4699.82,Yes
CUST-05294,Male,0,Yes,No,14,Yes,No,DSL,Yes,Yes,Yes,No,No,No,One year,Yes,Bank transfer (automatic),68.6,973.39,Yes
CUST-05295,Female,0,Yes,No,59,Yes,Yes,No,No internet service,No internet service,No internet service,No internet service,No internet service,No internet service,One year,No,Electronic check,58.84,3495.52,No
CUST-05296,Female,0,Yes,Yes,67,Yes,No,Fiber optic,Yes,No,Yes,No,No,No,Two year,No,Mailed check,112.33,7633.17,No
CUST-05297,Male,0,No,No,26,Yes,No,DSL,No,No,No,No,No,No,Month-to-month,No,Bank transfer (automatic),45.63,1276.43,Yes
CUST-05298,Male,0,No,No,54,Yes,Yes,No,No internet service,No internet service,No internet service,No internet service,No internet service,No internet service,Two year,No,Bank transfer (automatic),101.28,5797.32,No
CUST-05299,Male,0,No,No,14,No,No phone service,Fiber optic,No,Yes,Yes,No,No,Yes,Month-to-month,Yes,Credit card (automatic),69.5,1031.71,No
CUST-05300,Female,0,No,No,51,Yes,Yes,Fiber optic,No,No,Yes,No,Yes,No,One year,Yes,Credit card (automatic),62.17,2921.14,No
CUST-05301,Female,0,No,No,30,Yes,No,DSL,Yes,No,No,No,Yes,No,Month-to-month,Yes,Credit card (automatic),24.3,766.87,No
CUST-05302,Female,1,No,No,6,Yes,No,Fiber optic,No,No,Yes,No,No,Yes,Two year,Yes,Electronic check,103.85,656.54,No
CUST-05303,Female,0,Yes,No,12,No,No phone service,Fiber optic,Yes,Yes,No,Yes,Yes,No,Month-to-month,Yes,Mailed check,45.07,501.05,Yes
CUST-05304,Male,0,No,No,53,Yes,Yes,DSL,No,Yes,No,No,Yes,No,One year,No,Mailed check,85.94,4528.85,No
CUST-05305,Female,0,Yes,No,12,No,No phone service,DSL,Yes,Yes,No,Yes,No,No,Month-to-month,No,Credit card (automatic),105.45,1163.63,No
CUST-05306,Male,0,Yes,No,19,Yes,Yes,Fiber optic,No,No,No,No,Yes,Yes,One year,No,Electronic check,71.61,1332.57,No
CUST-05307,Female,0,No,Yes,9,Yes,No,Fiber optic,No,Yes,No,No,Yes,Yes,Month-to-month,Yes,Mailed check,82.07,759.46,Yes
CUST-05308,Male,1,No,No,51,Yes,No,No,No internet service,No internet service,No internet service,No internet service,No internet service,No internet service,One year,No,Electronic check,52.02,2503.55,No
CUST-05309,Male,0,Yes,No,36,Yes,Yes,No,No internet service,No internet service,No internet service,No internet service,No internet service,No internet service,Two year,Yes,Credit card (automatic),90.65,3023.33,No
CUST-05310,Male,0,Yes,No,51,Yes,No,No,No internet service,No internet service,No internet service,No internet service,No internet service,No internet service,Two year,No,Electronic check,83.66,4384.67,No
CUST-05311,Female,0,No,No,26,Yes,Yes,Fiber optic,No,Yes,Yes,Yes,Yes,No,Month-to-month,Yes,Bank transfer (automatic),62.48,1730.64,Yes
CUST-05312,Male,0,No,No,33,Yes,No,No,No internet service,No internet service,No internet service,No internet service,No internet service,No internet service,Month-to-month,Yes,Credit card (automatic),81.46,2502.32,No
CUST-05313,Male,0,Yes,No,61,Yes,Yes,DSL,No,No,No,Yes,Yes,Yes,One year,No,Electronic check,44.27,2918.8,Yes
CUST-05314,Female,0,No,No,15,Yes,Yes,DSL,No,No,No,No,No,No,Two year,No,Mailed check,83.78,1316.27,No
CUST-05315,Male,0,No,No,58,Yes,Yes,Fiber optic,No,Yes,Yes,Yes,Yes,No,Two year,Yes,Bank transfer (automatic),85.27,5121.77,No
CUST-05316,Female,0,No,No,20,Yes,Yes,Fiber optic,Yes,Yes,No,Yes,No,Yes,Two year,Yes,Electronic check,62.49,1155.06,No
CUST-05317,Female,0,No,No,15,Yes,No,Fiber optic,Yes,Yes,Yes,No,No,Yes,Two year,No,Mailed check,42.94,699.46,No
CUST-05318,Male,0,No,No,12,Yes,Yes,Fiber optic,Yes,Yes,Yes,No,No,Yes,One year,No,Bank transfer (automatic),98.31,1173.46,No
CUST-05319,Male,0,Yes,No,32,Yes,Yes,DSL,No,No,Yes,No,Yes,Yes,Month-to-month,No,Bank transfer (automatic),93.41,3010.4,No
CUST-05320,Female,0,No,Yes,53,Yes,No,DSL,Yes,Yes,No,No,No,No,Two year,No,Bank transfer (automatic),23.71,1259.8,No
CUST-05321,Male,0,No,Yes,68,Yes,No,No,No internet service,No internet service,No internet service,No internet service,No internet service,No internet service,Month-to-month,Yes,Bank transfer (automatic),67.43,4613.73,Yes
CUST-05322,Female,0,Yes,Yes,26,Yes,Yes,DSL,No,Yes,No,No,No,Yes,Month-to-month,Yes,Electronic check,27.21,753.14,No
CUST-05323,Female,0,Yes,No,51,Yes,No,Fiber optic,Yes,No,No,No,Yes,Yes,One year,No,Credit card (automatic),49.96,2343.52,No
CUST-05324,Female,0,No,No,64,Yes,No,No,No internet service,No internet service,No internet service,No internet service,No internet service,No internet service,One year,No,Credit card (automatic),60.22,3841.59,No
CUST-05325,Male,0,No,No,43,Yes,Yes,DSL,Yes,Yes,No,Yes,No,Yes,Month-to-month,No,Electronic check,35.69,1569.64,No
CUST-05326,Female,0,Yes,Yes,29,Yes,Yes,DSL,Yes,Yes,Yes,Yes,Yes,Yes,Month-to-month,No,Credit card (automatic),64.89,1737.95,Yes
CUST-05327,Male,1,No,No,22,Yes,Yes,Fiber optic,Yes,No,Yes,Yes,No,No,Month-to-month,Yes,Mailed check,88.62,1981.23,Yes
CUST-05328,Male,0,No,No,15,No,No phone service,DSL,Yes,No,No,No,No,Yes,Month-to-month,Yes,Mailed check,61.7,927.2,No
CUST-05329,Male,0,No,No,54,Yes,No,Fiber optic,No,Yes,No,Yes,No,Yes,Month-to-month,No,Electronic check,41.41,2112.13,No
CUST-05330,Male,0,Yes,No,17,Yes,No,Fiber optic,Yes,No,Yes,No,No,No,Two year,Yes,Electronic check,59.48,962.09,No
CUST-05331,Female,0,No,Yes,16,Yes,Yes,Fiber optic,No,Yes,Yes,No,No,No,Month-to-month,Yes,Credit card (automatic),77.24,1133.56,Yes
CUST-05332,Male,0,No,No,51,Yes,Yes,No,No internet service,No internet service,No internet service,No internet service,No internet service,No internet service,One year,No,Bank transfer (automatic),111.64,5927.55,No
CUST-05333,Female,1,Yes,Yes,44,Yes,No,No,No internet service,No internet service,No internet service,No internet service,No internet service,No internet service,Month-to-month,No,Bank transfer (automatic),67.94,2779.11,Yes
CUST-05334,Female,0,No,No,55,Yes,Yes,No,No internet service,No internet service,No internet service,No internet service,No internet service,No internet service,Month-to-month,No,Credit card (automatic),106.79,6212.89,Yes
CUST-05335,Male,1,No,No,53,Yes,No,Fiber optic,No,No,Yes,Yes,No,No,Month-to-month,No,Bank transfer (automatic),116.46,6653.42,No
CUST-05336,Female,0,No,No,8,Yes,No,Fiber optic,No,No,Yes,No,No,No,Month-to-month,Yes,Credit card (automatic),73.9,560.59,Yes
CUST-05337,Female,0,No,No,16,Yes,Yes,Fiber optic,No,No,Yes,No,No,Yes,Two year,No,Credit card (automatic),32.71,498.27,No
CUST-05338,Male,0,Yes,Yes,26,Yes,Yes,DSL,Yes,No,Yes,No,No,No,Two year,Yes,Bank transfer (automatic),105.53,2536.96,No
CUST-05339,Female,0,Yes,No,36,Yes,No,Fiber optic,No,No,No,No,No,No,Month-to-month,Yes,Mailed check,104.24,3783.32,Yes
CUST-05340,Female,0,No,No,21,Yes,Yes,DSL,No,No,No,No,Yes,No,Two year,No,Mailed check,104.86,2406.5,No
CUST-05341,Female,0,No,Yes,71,Yes,Yes,DSL,Yes,Yes,No,No,No,No,Month-to-month,Yes,Mailed check,113.05,7615.15,No
CUST-05342,Female,0,No,No,66,Yes,Yes,Fiber optic,No,Yes,No,Yes,Yes,No,Month-to-month,No,Electronic check,45.64,2807.3,No
CUST-05343,Male,0,No,No,37,Yes,Yes,DSL,No,No,No,Yes,No,No,One year,No,Bank transfer (automatic),51.34,1939.9,No
CUST-05344,Female,0,Yes,No,71,Yes,Yes,No,No internet service,No internet service,No internet service,No internet service,No internet service,No internet service,Month-to-month,No,Electronic check,86.71,6595.4,Yes
CUST-05345,Female,0,Yes,No,43,Yes,Yes,Fiber optic,No,Yes,Yes,Yes,Yes,No,Month-to-month,Yes,Credit card (automatic),74.39,3435.64,Yes
CUST-05346,Female,0,Yes,Yes,35,Yes,No,No,No internet service,No internet service,No internet service,No internet service,No internet service,No internet service,Month-to-month,Yes,Bank transfer (automatic),104.84,3555.96,Yes
CUST-05347,Female,0,No,No,24,Yes,Yes,Fiber optic,Yes,Yes,Yes,No,No,No,Two year,No,Electronic check,43.45,1102.62,No
CUST-05348,Male,0,No,No,41,Yes,No,DSL,Yes,Yes,No,No,No,Yes,Two year,No,Bank transfer (automatic),83.84,3500.92,No
CUST-05349,Female,0,No,No,12,Yes,No,Fiber optic,No,Yes,No,Yes,Yes,Yes,Two year,No,Electronic check,112.04,1407.11,No
CUST-05350,Male,0,Yes,No,55,Yes,No,Fiber optic,Yes,Yes,No,Yes,No,Yes,Month-to-month,Yes,Credit card (automatic),39.59,2254.47,Yes
CUST-05351,Female,0,Yes,No,50,Yes,Yes,DSL,Yes,Yes,Yes,Yes,Yes,No,One year,Yes,Mailed check,48.69,2253.21,No
CUST-05352,Male,0,Yes,Yes,49,Yes,No,DSL,No,Yes,Yes,Yes,No,Yes,One year,Yes,Electronic check,58.74,2796.23,No
CUST-05353,Male,1,Yes,No,51,Yes,Yes,Fiber optic,No,No,Yes,No,Yes,Yes,Two year,No,Electronic check,26.71,1433.89,No
CUST-05354,Male,0,Yes,No,32,Yes,No,DSL,No,Yes,No,No,No,No,Two year,Yes,Electronic check,35.69,1201.45,No
CUST-05355,Male,0,No,No,24,Yes,No,Fiber optic,No,No,Yes,No,No,No,One year,Yes,Credit card (automatic),56.21,1247.08,No
CUST-05356,Male,0,No,No,57,Yes,No,DSL,No,Yes,No,Yes,Yes,No,Month-to-month,No,Credit card (automatic),25.44,1439.08,No
CUST-05357,Female,1,No,Yes,39,Yes,Yes,No,No internet service,No internet service,No internet service,No internet service,No internet service,No internet service,Two year,Yes,Electronic check,54.26,2272.3,No
CUST-05358,Female,0,Yes,Yes,37,Yes,No,Fiber optic,No,No,No,Yes,No,No,Month-to-month,Yes,Electronic check,42.41,1660.68,Yes
CUST-05359,Female,0,No,Yes,2,Yes,No,No,No internet service,No internet service,No internet service,No internet service,No internet service,No internet service,Month-to-month,Yes,Mailed check,104.45,212.28,No
CUST-05360,Male,1,No,No,15,Yes,Yes,DSL,No,No,Yes,No,No,Yes,Two year,Yes,Mailed check,78.85,1113.31,No
CUST-05361,Female,1,Yes,No,1,Yes,No,Fiber optic,Yes,Yes,Yes,No,Yes,No,Month-to-month,No,Mailed check,107.85,104.07,Yes
CUST-05362,Male,1,Yes,No,22,Yes,No,DSL,No,No,No,Yes,Yes,No,Month-to-month,No,Bank transfer (automatic),38.29,868.27,Yes
CUST-05363,Male,0,Yes,Yes,29,No,No phone service,Fiber optic,Yes,No,Yes,Yes,No,Yes,Month-to-month,Yes,Electronic check,26.17,801.64,No
CUST-05364,Female,0,No,Yes,9,Yes,No,DSL,Yes,Yes,No,Yes,Yes,Yes,Month-to-month,Yes,Bank transfer (automatic),53.4,491.52,Yes
CUST-05365,Female,0,Yes,No,64,No,No phone service,No,No internet service,No internet service,No internet service,No internet service,No internet service,No internet service,One year,Yes,Credit card (automatic),23.64,1481.3,No
CUST-05366,Male,0,No,No,21,No,No phone service,Fiber optic,Yes,No,Yes,Yes,No,Yes,Month-to-month,Yes,Bank transfer (automatic),106.35,2267.58,No
CUST-05367,Male,0,No,No,51,Yes,Yes,DSL,No,No,No,Yes,Yes,No,Month-to-month,Yes,Credit card (automatic),36.82,1691.47,No
CUST-05368,Female,0,Yes,No,55,Yes,No,Fiber optic,Yes,Yes,No,Yes,No,No,Month-to-month,Yes,Bank transfer (automatic),32.11,1849.27,Yes
CUST-05369,Female,0,No,No,32,Yes,Yes,Fiber optic,No,Yes,No,Yes,Yes,Yes,One year,No,Mailed check,96.78,3310.01,No
CUST-05370,Female,0,Yes,Yes,29,Yes,Yes,DSL,No,Yes,Yes,Yes,No,No,One year,No,Electronic check,89.24,2353.02,No
CUST-05371,Female,0,Yes,Yes,23,Yes,Yes,Fiber optic,No,No,No,No,Yes,Yes,Month-to-month,No,Mailed check,23.7,534.14,Yes
CUST-05372,Male,1,No,Yes,4,Yes,Yes,Fiber optic,Yes,Yes,No,No,Yes,Yes,Month-to-month,Yes,Credit card (automatic),68.96,295.08,No
CUST-05373,Female,0,No,Yes,52,Yes,No,DSL,Yes,No,Yes,Yes,Yes,No,Month-to-month,No,Bank transfer (automatic),62.88,3333.28,Yes
CUST-05374,Female,0,No,Yes,54,Yes,No,Fiber optic,Yes,No,Yes,Yes,No,Yes,Month-to-month,No,Electronic check,56.69,3051.09,No
CUST-05375,Female,0,Yes,No,22,Yes,Yes,DSL,Yes,Yes,No,Yes,Yes,No,Month-to-month,Yes,Bank transfer (automatic),30.67,619.01,No
CUST-05376,Male,0,No,No,9,Yes,Yes,Fiber optic,No,No,Yes,Yes,Yes,No,Month-to-month,Yes,Bank transfer (automatic),96.74,911.96,Yes
CUST-05377,Male,1,Yes,No,32,Yes,No,Fiber optic,Yes,No,Yes,Yes,No,No,Month-to-month,Yes,Mailed check,42.0,1394.88,Yes
CUST-05378,Male,0,Yes,No,61,Yes,No,DSL,Yes,No,No,No,Yes,No,Two year,No,Mailed check,63.82,3962.89,No
CUST-05379,Male,0,No,No,26,No,No phone service,DSL,Yes,Yes,No,Yes,No,No,Month-to-month,Yes,Mailed check,106.11,2516.33,No
CUST-05380,Female,0,No,Yes,6,Yes,Yes,Fiber optic,Yes,No,No,Yes,Yes,No,One year,No,Credit card (automatic),49.82,307.45,Yes
CUST-05381,Male,0,No,No,26,No,No phone service,Fiber optic,Yes,Yes,Yes,Yes,No,No,Month-to-month,No,Mailed check,21.57,510.53,No
CUST-05382,Female,0,No,No,9,Yes,Yes,DSL,Yes,Yes,Yes,Yes,Yes,No,Month-to-month,Yes,Electronic check,106.91,1024.19,Yes
CUST-05383,Female,0,Yes,No,56,Yes,No,DSL,Yes,No,No,No,No,No,One year,No,Bank transfer (automatic),67.39,4052.56,No
CUST-05384,Female,0,No,No,29,Yes,Yes,DSL,Yes,Yes,No,No,Yes,Yes,Month-to-month,Yes,Credit card (automatic),67.71,1975.72,No
CUST-05385,Female,1,Yes,Yes,2,Yes,Yes,Fiber optic,Yes,Yes,Yes,Yes,Yes,No,One year,Yes,Electronic check,73.14,156.47,No
CUST-05386,Male,0,No,No,28,Yes,No,DSL,No,Yes,No,Yes,Yes,No,Month-to-month,Yes,Credit card (automatic),35.99,987.72,No
CUST-05387,Male,0,No,Yes,13,Yes,No,Fiber optic,No,Yes,No,Yes,Yes,Yes,Month-to-month,Yes,Electronic check,89.49,1114.52,No
CUST-05388,Male,0,No,No,24,Yes,No,DSL,No,Yes,Yes,Yes,Yes,Yes,Month-to-month,No,Credit card (automatic),41.14,984.22,No
CUST-05389,Female,0,Yes,No,9,Yes,No,Fiber optic,Yes,No,Yes,Yes,No,Yes,Month-to-month,No,Bank transfer (automatic),48.11,438.08,Yes
CUST-05390,Female,0,No,Yes,48,Yes,No,DSL,No,Yes,No,Yes,No,No,Month-to-month,No,Credit card (automatic),81.12,4101.26,No
CUST-05391,Female,0,Yes,Yes,37,Yes,Yes,Fiber optic,No,Yes,No,Yes,No,No,Month-to-month,Yes,Bank transfer (automatic),92.98,3510.49,Yes
CUST-05392,Female,0,No,Yes,70,Yes,Yes,Fiber optic,No,Yes,No,No,Yes,Yes,Two year,No,Credit card (automatic),91.06,6827.85,No
CUST-05393,Female,0,No,Yes,13,Yes,No,Fiber optic,No,No,Yes,No,No,No,Month-to-month,Yes,Credit card (automatic),26.31,371.84,Yes
CUST-05394,Male,0,Yes,No,29,Yes,Yes,DSL,No,Yes,No,Yes,No,Yes,Month-to-month,No,Electronic check,93.46,2722.26,No
CUST-05395,Female,0,Yes,No,39,Yes,No,No,No internet service,No internet service,No internet service,No internet service,No internet service,No internet service,Month-to-month,No,Bank transfer (automatic),84.27,3429.61,No
CUST-05396,Male,1,No,Yes,11,Yes,Yes,DSL,No,No,Yes,Yes,Yes,No,One year,No,Electronic check,78.51,860.42,No
CUST-05397,Female,0,No,No,13,Yes,No,DSL,Yes,Yes,Yes,Yes,No,Yes,One year,No,Credit card (automatic),114.69,1612.06,No
CUST-05398,Female,0,Yes,No,0,Yes,No,DSL,Yes,No,Yes,Yes,No,No,Month-to-month,No,Credit card (automatic),52.68,0.0,No
CUST-05399,Male,0,No,Yes,67,Yes,Yes,No,No internet service,No internet service,No internet service,No internet service,No internet service,No internet service,Month-to-month,No,Bank transfer (automatic),86.31,6035.6,No
CUST-05400,Male,1,Yes,Yes,48,Yes,No,DSL,No,Yes,Yes,Yes,Yes,No,Month-to-month,Yes,Bank transfer (automatic),75.32,3612.71,Yes
CUST-05401,Female,0,No,No,17,Yes,No,Fiber optic,Yes,Yes,No,Yes,Yes,Yes,Month-to-month,Yes,Mailed check,56.8,880.85,Yes
CUST-05402,Female,0,Yes,Yes,35,No,No phone service,DSL,Yes,No,Yes,Yes,No,No,One year,Yes,Bank transfer (automatic),96.82,3555.21,No
CUST-05403,Female,0,Yes,No,63,Yes,Yes,Fiber optic,No,No,No,Yes,No,No,One year,No,Electronic check,58.31,3594.79,No
CUST-05404,Female,0,Yes,Yes,27,Yes,Yes,Fiber optic,No,No,Yes,Yes,No,No,Two year,No,Bank transfer (automatic),73.86,2005.07,No
CUST-05405,Male,0,Yes,No,31,Yes,No,Fiber optic,No,Yes,No,Yes,Yes,Yes,Month-to-month,Yes,Credit card (automatic),74.06,2393.57,No
CUST-05406,Female,0,Yes,No,71,Yes,Yes,No,No internet service,No internet service,No internet service,No internet service,No internet service,No internet service,Month-to-month,Yes,Bank transfer (automatic),69.13,4664.85,No
CUST-05407,Male,1,No,No,24,No,No phone service,Fiber optic,Yes,No,Yes,Yes,Yes,Yes,Month-to-month,No,Mailed check,63.74,1465.0,Yes
CUST-05408,Female,0,No,No,46,No,No phone service,No,No internet service,No internet service,No internet service,No internet service,No internet service,No internet service,Month-to-month,Yes,Credit card (automatic),34.78,1554.02,Yes
CUST-05409,Male,0,No,No,19,Yes,Yes,Fiber optic,No,Yes,No,Yes,Yes,Yes,Month-to-month,Yes,Bank transfer (automatic),42.08,839.11,No
CUST-05410,Male,0,No,Yes,32,Yes,No,Fiber optic,No,No,No,Yes,Yes,Yes,One year,No,Credit card (automatic),30.35,1064.79,No
CUST-05411,Female,0,No,No,29,Yes,No,DSL,No,No,Yes,Yes,Yes,Yes,Two year,No,Credit card (automatic),90.35,2548.34,No
CUST-05412,Male,0,No,No,36,Yes,No,Fiber optic,Yes,No,No,Yes,No,No,Month-to-month,Yes,Bank transfer (automatic),92.43,3401.22,No
CUST-05413,Female,0,No,No,52,Yes,No,Fiber optic,No,No,No,Yes,Yes,Yes,Month-to-month,No,Mailed check,81.85,4106.42,No
CUST-05414,Male,0,No,No,68,Yes,Yes,Fiber optic,Yes,Yes,No,No,No,Yes,Month-to-month,Yes,Mailed check,109.76,8026.12,No
CUST-05415,Female,0,No,Yes,7,Yes,No,No,No internet service,No internet service,No internet service,No internet service,No internet service,No internet service,Two year,Yes,Mailed check,44.5,338.63,No
CUST-05416,Male,0,Yes,No,0,Yes,Yes,DSL,Yes,No,Yes,Yes,Yes,Yes,One year,Yes,Mailed check,100.1,0.0,No
CUST-05417,Female,0,Yes,No,6,Yes,Yes,Fiber optic,Yes,Yes,Yes,No,Yes,No,Month-to-month,Yes,Bank transfer (automatic),36.58,226.24,Yes
CUST-05418,Female,0,No,No,61,Yes,Yes,Fiber optic,No,No,No,Yes,No,Yes,Month-to-month,Yes,Credit card (automatic),24.78,1634.3,Yes
CUST-05419,Male,0,Yes,No,57,Yes,No,DSL,No,No,No,No,No,No,Month-to-month,No,Credit card (automatic),18.01,1021.43,No
CUST-05420,Male,1,No,Yes,7,Yes,No,Fiber optic,No,Yes,No,Yes,Yes,Yes,Month-to-month,No,Mailed check,76.06,514.89,No
CUST-05421,Male,0,Yes,No,63,Yes,No,Fiber optic,Yes,Yes,Yes,No,Yes,Yes,One year,No,Electronic check,95.87,6529.82,No
CUST-05422,Male,0,Yes,No,7,Yes,No,No,No internet service,No internet service,No internet service,No internet service,No internet service,No internet service,Month-to-month,Yes,Mailed check,100.3,668.1,No
CUST-05423,Female,0,Yes,No,2,Yes,No,Fiber optic,No,Yes,No,No,Yes,Yes,Month-to-month,No,Credit card (automatic),65.07,122.52,Yes
CUST-05424,Male,0,No,No,57,Yes,No,No,No internet service,No internet service,No internet service,No internet service,No internet service,No internet service,Month-to-month,No,Credit card (automatic),23.87,1464.14,Yes
CUST-05425,Female,0,No,No,31,Yes,No,Fiber optic,Yes,Yes,No,Yes,No,Yes,Month-to-month,No,Credit card (automatic),21.58,686.86,Yes
CUST-05426,Male,0,No,Yes,67,Yes,Yes,Fiber optic,No,No,Yes,Yes,No,No,One year,Yes,Electronic check,109.74,6889.43,No
CUST-05427,Female,1,No,No,48,Yes,Yes,Fiber optic,No,Yes,No,Yes,Yes,Yes,Two year,No,Bank transfer (automatic),27.29,1347.35,No
CUST-05428,Female,0,Yes,No,37,Yes,No,DSL,Yes,Yes,Yes,Yes,Yes,No,Month-to-month,Yes,Bank transfer (automatic),96.47,3837.96,No
CUST-05429,Female,0,No,No,1,Yes,No,Fiber optic,Yes,Yes,No,Yes,No,Yes,Month-to-month,No,Credit card (automatic),24.96,22.91,Yes
CUST-05430,Female,0,Yes,No,8,Yes,Yes,Fiber optic,Yes,No,Yes,No,No,No,One year,No,Mailed check,36.33,276.5,No
CUST-05431,Male,0,No,No,45,Yes,No,No,No internet service,No internet service,No internet service,No internet service,No internet service,No internet service,One year,No,Bank transfer (automatic),34.29,1575.21,No
CUST-05432,Male,0,Yes,Yes,64,Yes,Yes,Fiber optic,Yes,No,Yes,Yes,No,Yes,One year,Yes,Credit card (automatic),45.71,2700.17,No
CUST-05433,Female,0,Yes,Yes,48,Yes,Yes,Fiber optic,No,No,No,No,No,No,One year,Yes,Electronic check,58.56,3038.81,No
CUST-05434,Male,1,Yes,No,28,Yes,No,DSL,Yes,Yes,No,Yes,No,No,One year,Yes,Credit card (automatic),30.47,869.02,No
CUST-05435,Male,0,Yes,No,28,Yes,No,Fiber optic,Yes,No,No,Yes,No,Yes,One year,No,Credit card (automatic),115.32,3283.84,No
CUST-05436,Female,0,No,No,32,Yes,Yes,No,No internet service,No internet service,No internet service,No internet service,No internet service,No internet service,Two year,Yes,Mailed check,18.2,530.67,No
CUST-05437,Male,0,No,No,27,Yes,Yes,DSL,No,No,Yes,No,No,No,Two year,Yes,Electronic check,95.21,2530.21,No
CUST-05438,Male,0,Yes,No,25,Yes,No,DSL,Yes,No,Yes,Yes,Yes,No,Month-to-month,Yes,Electronic check,70.65,1658.48,Yes
CUST-05439,Male,0,No,No,28,No,No phone service,Fiber optic,Yes,No,No,No,Yes,Yes,One year,Yes,Mailed check,26.56,789.57,No
CUST-05440,Female,0,No,No,10,Yes,No,DSL,Yes,No,No,No,No,Yes,Two year,No,Mailed check,30.0,290.17,No
CUST-05441,Male,0,Yes,No,33,Yes,No,Fiber optic,Yes,Yes,Yes,No,No,No,One year,No,Credit card (automatic),77.0,2491.72,No
CUST-05442,Female,0,No,Yes,47,Yes,No,Fiber optic,No,No,No,No,Yes,Yes,Month-to-month,Yes,Electronic check,49.53,2393.4,No
CUST-05443,Male,1,No,No,26,Yes,No,Fiber optic,No,No,Yes,Yes,Yes,No,One year,No,Credit card (automatic),63.02,1709.77,No
CUST-05444,Male,0,No,No,71,Yes,Yes,DSL,Yes,Yes,No,Yes,No,Yes,Month-to-month,Yes,Credit card (automatic),72.92,5477.58,No
CUST-05445,Male,0,Yes,No,39,Yes,No,No,No internet service,No internet service,No internet service,No internet service,No internet service,No internet service,Month-to-month,No,Mailed check,75.33,2746.83,No
CUST-05446,Female,0,No,Yes,30,Yes,No,DSL,No,Yes,Yes,Yes,No,Yes,Month-to-month,Yes,Credit card (automatic),76.26,2179.15,No
CUST-05447,Female,0,Yes,No,64,Yes,Yes,DSL,Yes,No,No,No,No,Yes,Two year,Yes,Credit card (automatic),25.01,1470.15,No
CUST-05448,Male,0,Yes,No,38,No,No phone service,Fiber optic,No,Yes,No,Yes,Yes,Yes,One year,Yes,Mailed check,92.05,3747.26,No
CUST-05449,Female,0,Yes,Yes,23,Yes,Yes,DSL,Yes,No,No,Yes,Yes,No,Two year,Yes,Bank transfer (automatic),47.35,1048.85,No
CUST-05450,Male,0,No,No,67,Yes,No,Fiber optic,No,Yes,No,No,Yes,No,Two year,Yes,Bank transfer (automatic),29.44,1825.0,No
CUST-05451,Female,0,No,No,22,Yes,Yes,Fiber optic,Yes,No,No,No,No,No,Two year,Yes,Mailed check,28.22,597.42,No
CUST-05452,Female,0,No,No,60,Yes,Yes,DSL,Yes,No,No,Yes,Yes,Yes,One year,No,Electronic check,41.7,2280.4,No
CUST-05453,Male,0,Yes,Yes,26,Yes,No,Fiber optic,Yes,Yes,No,Yes,Yes,No,Month-to-month,No,Mailed check,80.87,2244.16,Yes
CUST-05454,Male,0,No,Yes,15,Yes,Yes,DSL,No,No,Yes,No,No,Yes,One year,No,Credit card (automatic),65.19,936.2,No
CUST-05455,Male,0,Yes,No,44,Yes,Yes,Fiber optic,No,Yes,Yes,No,Yes,Yes,Month-to-month,Yes,Bank transfer (automatic),28.71,1225.36,Yes
CUST-05456,Male,0,No,No,26,Yes,Yes,Fiber optic,No,No,No,No,Yes,Yes,One year,Yes,Mailed check,21.24,600.87,No
CUST-05457,Female,0,Yes,Yes,4,Yes,Yes,DSL,Yes,Yes,No,No,No,Yes,Two year,Yes,Bank transfer (automatic),20.47,76.79,No
CUST-05458,Female,0,No,Yes,58,Yes,No,DSL,No,No,No,No,Yes,No,Two year,Yes,Credit card (automatic),60.11,3279.97,No
CUST-05459,Female,0,No,No,71,Yes,No,No,No internet service,No internet service,No internet service,No internet service,No internet service,No internet service,Month-to-month,Yes,Bank transfer (automatic),96.81,6956.63,No
CUST-05460,Male,0,No,Yes,34,Yes,No,Fiber optic,Yes,Yes,Yes,No,No,Yes,Month-to-month,Yes,Electronic check,75.36,2804.26,No
CUST-05461,Male,0,Yes,No,69,Yes,Yes,No,No internet service,No internet service,No internet service,No internet service,No internet service,No internet service,Two year,Yes,Mailed check,98.97,7376.86,No
CUST-05462,Female,0,Yes,No,45,No,No phone service,Fiber optic,Yes,No,Yes,Yes,Yes,Yes,Month-to-month,No,Bank transfer (automatic),49.94,2289.05,No
CUST-05463,Male,0,No,No,55,Yes,Yes,Fiber optic,No,No,Yes,Yes,No,No,Two year,No,Credit card (automatic),32.03,1871.66,No
CUST-05464,Female,0,Yes,No,23,Yes,No,Fiber optic,Yes,Yes,No,No,No,No,Month-to-month,No,Mailed check,98.3,2255.3,No
CUST-05465,Female,0,Yes,No,9,Yes,Yes,Fiber optic,Yes,No,Yes,Yes,Yes,No,Two year,Yes,Credit card (automatic),90.78,806.34,No
CUST-05466,Female,0,Yes,Yes,37,Yes,No,Fiber optic,No,No,No,Yes,Yes,No,Two year,Yes,Electronic check,76.91,2789.02,No
CUST-05467,Female,0,No,No,69,Yes,No,No,No internet service,No internet service,No internet service,No internet service,No internet service,No internet service,One year,No,Electronic check,106.78,7300.82,No
CUST-05468,Female,0,No,No,47,Yes,Yes,DSL,No,Yes,Yes,Yes,No,No,Month-to-month,Yes,Electronic check,81.07,3967.98,No
CUST-05469,Male,0,No,No,8,Yes,Yes,Fiber optic,Yes,Yes,No,Yes,Yes,Yes,Month-to-month,Yes,Electronic check,70.58,600.94,Yes
CUST-05470,Male,0,Yes,No,49,Yes,Yes,Fiber optic,Yes,No,Yes,Yes,No,Yes,One year,No,Mailed check,68.23,3394.09,No
CUST-05471,Male,0,No,No,68,Yes,No,Fiber optic,No,No,Yes,Yes,No,No,Month-to-month,Yes,Credit card (automatic),79.74,5822.43,Yes
CUST-05472,Female,0,Yes,Yes,47,Yes,Yes,Fiber optic,Yes,Yes,No,No,No,Yes,Two year,Yes,Credit card (automatic),69.66,3364.85,No
CUST-05473,Female,0,Yes,No,38,Yes,Yes,No,No internet service,No internet service,No internet service,No internet service,No internet service,No internet service,Month-to-month,Yes,Credit card (automatic),45.27,1824.42,No
CUST-05474,Female,0,No,No,4,No,No phone service,No,No internet service,No internet service,No internet service,No internet service,No internet service,No internet service,Month-to-month,Yes,Bank transfer (automatic),113.39,470.76,No
CUST-05475,Female,1,No,No,10,Yes,Yes,DSL,No,Yes,No,No,Yes,No,Month-to-month,Yes,Mailed check,113.81,1200.42,Yes
CUST-05476,Male,0,No,Yes,59,Yes,Yes,Fiber optic,Yes,No,Yes,Yes,No,Yes,Two year,Yes,Mailed check,34.68,1849.31,No
CUST-05477,Male,0,Yes,Yes,26,No,No phone service,Fiber optic,No,Yes,No,Yes,No,No,Two year,Yes,Bank transfer (automatic),71.06,1983.25,No
CUST-05478,Female,0,Yes,Yes,6,No,No phone service,Fiber optic,Yes,Yes,No,No,No,Yes,One year,Yes,Electronic check,96.96,626.66,No
CUST-05479,Female,0,No,No,59,Yes,No,DSL,No,Yes,No,No,No,No,One year,Yes,Credit card (automatic),23.48,1479.89,No
CUST-05480,Female,0,Yes,No,49,Yes,No,DSL,No,Yes,Yes,Yes,No,No,One year,Yes,Mailed check,30.36,1556.12,No
CUST-05481,Male,0,No,No,66,Yes,Yes,No,No internet service,No internet service,No internet service,No internet service,No internet service,No internet service,One year,No,Electronic check,72.49,5059.46,No
CUST-05482,Male,0,No,No,68,Yes,No,Fiber optic,Yes,No,Yes,Yes,Yes,Yes,Two year,No,Bank transfer (automatic),20.83,1326.14,No
CUST-05483,Male,1,No,Yes,54,Yes,No,Fiber optic,Yes,Yes,Yes,Yes,No,Yes,One year,Yes,Credit card (automatic),101.3,4975.28,No
CUST-05484,Female,0,No,No,15,Yes,Yes,Fiber optic,No,Yes,Yes,Yes,Yes,No,Two year,Yes,Credit card (automatic),105.32,1513.37,No
CUST-05485,Female,0,No,No,11,Yes,No,DSL,Yes,No,No,No,No,No,Month-to-month,No,Bank transfer (automatic),91.63,996.33,Yes
CUST-05486,Male,0,No,No,26,Yes,No,Fiber optic,No,Yes,No,Yes,Yes,Yes,Two year,No,Bank transfer (automatic),100.24,2486.76,No
CUST-05487,Female,0,Yes,No,32,No,No phone service,Fiber optic,Yes,Yes,Yes,No,Yes,No,One year,Yes,Electronic check,85.17,2927.48,No
CUST-05488,Male,0,Yes,No,54,Yes,No,Fiber optic,Yes,Yes,No,No,No,Yes,Two year,Yes,Electronic check,32.19,1899.71,No
CUST-05489,Female,0,No,No,51,Yes,Yes,DSL,Yes,Yes,No,Yes,Yes,No,Month-to-month,Yes,Bank transfer (automatic),20.99,1128.47,No
CUST-05490,Male,1,No,Yes,36,Yes,No,No,No internet service,No internet service,No internet service,No internet service,No internet service,No internet service,One year,No,Electronic check,102.81,3683.84,No
CUST-05491,Female,0,Yes,No,14,Yes,Yes,DSL,Yes,No,No,No,No,Yes,Two year,Yes,Electronic check,88.72,1154.08,No
CUST-05492,Male,0,Yes,Yes,64,Yes,No,DSL,Yes,No,No,Yes,Yes,No,Month-to-month,Yes,Bank transfer (automatic),57.85,3977.89,No
CUST-05493,Male,1,No,No,67,Yes,No,Fiber optic,Yes,Yes,Yes,No,No,No,Two year,Yes,Electronic check,97.68,6992.21,No
CUST-05494,Male,0,No,Yes,2,Yes,Yes,Fiber optic,Yes,No,Yes,No,No,No,Month-to-month,No,Mailed check,23.33,43.51,Yes
CUST-05495,Male,0,Yes,No,71,Yes,No,Fiber optic,No,Yes,Yes,Yes,No,Yes,Two year,Yes,Bank transfer (automatic),49.91,3223.77,No
CUST-05496,Male,0,No,No,4,Yes,No,Fiber optic,No,No,No,Yes,Yes,Yes,Month-to-month,Yes,Credit card (automatic),52.18,225.37,Yes
CUST-05497,Male,0,Yes,No,8,Yes,Yes,Fiber optic,No,Yes,No,No,No,No,Two year,Yes,Bank transfer (automatic),28.49,242.6,No
CUST-05498,Female,0,No,No,0,Yes,Yes,DSL,Yes,Yes,Yes,Yes,No,Yes,Month-to-month,No,Bank transfer (automatic),92.17,0.0,Yes
CUST-05499,Female,0,Yes,Yes,29,Yes,Yes,No,No internet service,No internet service,No internet service,No internet service,No internet service,No internet service,Month-to-month,Yes,Electronic check,95.75,2697.82,No
CUST-05500,Female,0,No,No,70,Yes,Yes,DSL,No,No,No,No,No,No,One year,No,Bank transfer (automatic),76.32,5511.14,No
CUST-05501,Male,0,No,No,19,Yes,Yes,DSL,Yes,No,No,No,No,No,Month-to-month,No,Electronic check,59.79,1218.76,Yes
CUST-05502,Male,0,No,No,26,Yes,Yes,DSL,Yes,No,No,Yes,Yes,No,Two year,Yes,Electronic check,78.71,1981.56,No
CUST-05503,Female,0,Yes,No,62,Yes,Yes,Fiber optic,No,No,No,Yes,No,Yes,One year,No,Mailed check,107.84,6652.02,No
CUST-05504,Male,1,No,No,30,Yes,Yes,DSL,No,No,No,Yes,No,Yes,Two year,Yes,Electronic check,53.78,1623.62,No
CUST-05505,Male,0,Yes,No,18,Yes,No,DSL,No,No,Yes,Yes,Yes,Yes,One year,Yes,Credit card (automatic),51.42,838.42,No
CUST-05506,Male,0,Yes,Yes,61,Yes,Yes,Fiber optic,No,Yes,Yes,No,Yes,Yes,Two year,Yes,Credit card (automatic),80.27,5218.05,No
CUST-05507,Male,0,Yes,Yes,6,Yes,No,DSL,Yes,Yes,Yes,Yes,No,Yes,Month-to-month,No,Mailed check,86.36,564.15,Yes
CUST-05508,Male,0,Yes,Yes,36,Yes,No,DSL,Yes,No,No,Yes,No,No,Month-to-month,Yes,Mailed check,63.77,2257.67,No
CUST-05509,Female,0,No,No,70,Yes,No,DSL,No,Yes,No,Yes,Yes,Yes,One year,Yes,Mailed check,103.96,7438.97,No
CUST-05510,Female,0,No,No,7,Yes,Yes,No,No internet service,No internet service,No internet service,No internet service,No internet service,No internet service,Two year,Yes,Mailed check,53.23,375.71,No
CUST-05511,Female,0,No,No,56,Yes,Yes,No,No internet service,No internet service,No internet service,No internet service,No internet service,No internet service,Month-to-month,No,Mailed check,82.09,4457.2,Yes
CUST-05512,Female,0,Yes,No,27,No,No phone service,DSL,No,No,No,No,Yes,Yes,Month-to-month,No,Credit card (automatic),84.78,2097.89,No
CUST-05513,Female,0,No,No,16,Yes,Yes,Fiber optic,Yes,No,No,Yes,No,Yes,Month-to-month,No,Electronic check,47.48,762.74,No
CUST-05514,Male,0,Yes,No,10,Yes,Yes,No,No internet service,No internet service,No internet service,No internet service,No internet service,No internet service,One year,No,Electronic check,19.89,188.72,No
CUST-05515,Male,0,Yes,Yes,14,No,No phone service,DSL,No,Yes,Yes,No,No,No,Two year,Yes,Mailed check,100.66,1452.18,No
CUST-05516,Male,0,Yes,Yes,29,Yes,Yes,No,No internet service,No internet service,No internet service,No internet service,No internet service,No internet service,Two year,Yes,Electronic check,66.24,1935.26,No
CUST-05517,Male,0,No,No,5,Yes,No,No,No internet service,No internet service,No internet service,No internet service,No internet service,No internet service,Month-to-month,No,Electronic check,27.55,140.24,No
CUST-05518,Female,0,Yes,No,11,Yes,Yes,DSL,No,Yes,No,No,Yes,Yes,Two year,No,Mailed check,113.76,1276.82,No
CUST-05519,Female,1,No,No,60,Yes,No,DSL,No,Yes,No,No,Yes,No,Month-to-month,No,Bank transfer (automatic),47.64,3078.89,No
CUST-05520,Female,0,No,No,35,Yes,Yes,No,No internet service,No internet service,No internet service,No internet service,No internet service,No internet service,Two year,Yes,Credit card (automatic),65.45,2129.22,No
CUST-05521,Male,0,No,No,34,No,No phone service,DSL,Yes,Yes,Yes,Yes,Yes,No,Month-to-month,No,Electronic check,66.41,2395.97,No
CUST-05522,Female,0,Yes,No,66,Yes,No,DSL,No,Yes,No,Yes,Yes,No,One year,Yes,Electronic check,55.08,3965.89,No
CUST-05523,Male,0,No,No,62,Yes,Yes,Fiber optic,No,No,Yes,No,Yes,Yes,Month-to-month,No,Credit card (automatic),33.16,2146.92,No
CUST-05524,Female,0,Yes,No,39,Yes,Yes,DSL,Yes,Yes,Yes,Yes,Yes,Yes,Month-to-month,Yes,Credit card (automatic),88.43,3199.8,No
CUST-05525,Female,0,Yes,Yes,30,Yes,No,No,No internet service,No internet service,No internet service,No internet service,No internet service,No internet service,One year,No,Bank transfer (automatic),37.55,1205.41,No
CUST-05526,Male,0,Yes,Yes,36,Yes,No,DSL,No,Yes,No,Yes,Yes,Yes,Month-to-month,No,Electronic check,86.23,3285.44,No
CUST-05527,Male,0,Yes,Yes,4,Yes,Yes,DSL,No,Yes,No,No,Yes,Yes,Month-to-month,Yes,Electronic check,98.21,421.34,No
CUST-05528,Female,1,No,No,3,Yes,Yes,No,No internet service,No internet service,No internet service,No internet service,No internet service,No internet service,Month-to-month,Yes,Bank transfer (automatic),20.31,60.76,No
CUST-05529,Female,1,No,No,25,Yes,Yes,No,No internet service,No internet service,No internet service,No internet service,No internet service,No internet service,One year,No,Credit card (automatic),91.18,2425.5,No
CUST-05530,Male,0,No,Yes,23,Yes,Yes,No,No internet service,No internet service,No internet service,No internet service,No internet service,No internet service,Month-to-month,Yes,Mailed check,81.8,1751.21,Yes
CUST-05531,Female,0,No,No,38,Yes,No,Fiber optic,Yes,Yes,Yes,Yes,No,No,Two year,Yes,Mailed check,37.58,1449.94,No
CUST-05532,Female,0,Yes,Yes,55,Yes,Yes,No,No internet service,No internet service,No internet service,No internet service,No internet service,No internet service,Two year,Yes,Electronic check,80.02,4446.64,No
CUST-05533,Male,1,Yes,No,53,Yes,Yes,Fiber optic,Yes,No,No,No,Yes,Yes,One year,No,Credit card (automatic),60.08,3436.9,Yes
CUST-05534,Female,0,Yes,No,37,Yes,Yes,No,No internet service,No internet service,No internet service,No internet service,No internet service,No internet service,Month-to-month,No,Electronic check,26.46,1050.08,No
CUST-05535,Male,0,Yes,No,53,Yes,No,Fiber optic,Yes,Yes,No,Yes,Yes,No,Month-to-month,No,Credit card (automatic),70.37,3890.76,Yes
CUST-05536,Female,1,No,No,18,Yes,Yes,No,No internet service,No internet service,No internet service,No internet service,No internet service,No internet service,Month-to-month,Yes,Credit card (automatic),115.33,1940.94,No
CUST-05537,Male,0,No,Yes,25,Yes,No,Fiber optic,Yes,Yes,Yes,No,Yes,Yes,Two year,Yes,Mailed check,82.88,2199.11,No
CUST-05538,Female,0,Yes,No,51,Yes,Yes,DSL,No,No,Yes,Yes,No,No,Month-to-month,Yes,Mailed check,51.05,2663.04,No
CUST-05539,Male,0,Yes,Yes,60,No,No phone service,DSL,Yes,No,Yes,No,Yes,Yes,Two year,Yes,Electronic check,74.35,4743.47,No
CUST-05540,Female,1,Yes,Yes,66,Yes,No,No,No internet service,No internet service,No internet service,No internet service,No internet service,No internet service,Month-to-month,Yes,Bank transfer (automatic),91.78,6588.55,No
CUST-05541,Male,0,Yes,Yes,21,Yes,Yes,No,No internet service,No internet service,No internet service,No internet service,No internet service,No internet service,Month-to-month,Yes,Bank transfer (automatic),33.62,698.97,Yes
CUST-05542,Female,0,No,No,16,Yes,No,DSL,Yes,Yes,Yes,No,No,No,Month-to-month,Yes,Mailed check,70.88,1189.54,Yes
CUST-05543,Female,0,Yes,No,10,Yes,No,Fiber optic,No,Yes,No,No,No,Yes,One year,No,Mailed check,68.69,751.87,Yes
CUST-05544,Female,0,No,No,38,No,No phone service,No,No internet service,No internet service,No internet service,No internet service,No internet service,No internet service,Month-to-month,Yes,Electronic check,55.66,1993.95,No
CUST-05545,Female,0,No,No,60,Yes,No,DSL,No,No,Yes,Yes,No,Yes,Month-to-month,No,Bank transfer (automatic),92.71,5948.64,No
CUST-05546,Female,0,Yes,Yes,48,Yes,Yes,DSL,Yes,No,Yes,No,No,Yes,Month-to-month,No,Credit card (automatic),74.5,3319.91,Yes
CUST-05547,Female,1,Yes,No,60,Yes,Yes,Fiber optic,Yes,No,No,No,Yes,Yes,Two year,No,Bank transfer (automatic),87.89,4764.13,Yes
CUST-05548,Female,0,No,No,11,Yes,Yes,DSL,Yes,No,Yes,No,No,No,Month-to-month,Yes,Credit card (automatic),77.6,912.84,Yes
CUST-05549,Female,1,No,No,12,Yes,No,Fiber optic,No,No,Yes,Yes,Yes,Yes,One year,Yes,Electronic check,96.09,1259.13,No
CUST-05550,Female,0,Yes,No,57,No,No phone service,DSL,No,Yes,Yes,No,Yes,No,Month-to-month,Yes,Credit card (automatic),81.39,4205.19,Yes
CUST-05551,Male,0,No,Yes,10,Yes,No,Fiber optic,Yes,No,Yes,Yes,No,Yes,One year,No,Credit card (automatic),85.77,916.78,No
CUST-05552,Male,0,Yes,Yes,63,Yes,No,DSL,Yes,Yes,Yes,No,No,No,Month-to-month,Yes,Bank transfer (automatic),40.55,2656.53,No
CUST-05553,Female,0,Yes,No,30,Yes,Yes,DSL,No,No,Yes,Yes,No,Yes,Month-to-month,No,Bank transfer (automatic),102.59,3200.68,No
CUST-05554,Male,0,No,Yes,10,Yes,No,DSL,Yes,No,Yes,Yes,No,No,One year,Yes,Bank transfer (automatic),33.54,332.69,No
CUST-05555,Female,0,No,Yes,42,Yes,Yes,DSL,No,Yes,Yes,Yes,Yes,Yes,Month-to-month,No,Bank transfer (automatic),51.98,2146.96,No
CUST-05556,Female,0,Yes,No,35,Yes,No,DSL,Yes,Yes,Yes,Yes,Yes,Yes,Month-to-month,No,Credit card (automatic),106.94,3647.84,No
CUST-05557,Male,0,Yes,No,1,Yes,No,DSL,No,Yes,Yes,Yes,Yes,Yes,Month-to-month,Yes,Bank transfer (automatic),28.86,28.18,Yes
CUST-05558,Female,1,No,No,60,Yes,No,Fiber optic,No,No,No,Yes,No,No,Month-to-month,No,Credit card (automatic),104.67,6829.29,No
CUST-05559,Female,0,No,No,35,Yes,Yes,DSL,No,No,Yes,No,No,Yes,One year,Yes,Mailed check,65.54,2438.77,No
CUST-05560,Male,0,No,No,48,No,No phone service,DSL,No,Yes,Yes,No,No,No,Month-to-month,No,Electronic check,36.36,1680.26,No
CUST-05561,Male,0,No,Yes,26,Yes,Yes,Fiber optic,No,Yes,No,Yes,No,No,Two year,Yes,Mailed check,91.72,2499.46,No
CUST-05562,Female,0,Yes,No,11,Yes,Yes,No,No internet service,No internet service,No internet service,No internet service,No internet service,No internet service,Two year,Yes,Mailed check,46.39,526.26,No
CUST-05563,Male,0,Yes,No,57,Yes,No,Fiber optic,Yes,Yes,Yes,Yes,No,Yes,Month-to-month,Yes,Credit card (automatic),85.79,5228.4,Yes
CUST-05564,Male,0,Yes,Yes,5,Yes,No,Fiber optic,No,Yes,No,Yes,Yes,No,One year,No,Bank transfer (automatic),97.09,445.83,No
CUST-05565,Female,0,No,Yes,43,Yes,No,No,No internet service,No internet service,No internet service,No internet service,No internet service,No internet service,Month-to-month,Yes,Electronic check,74.93,3350.96,No
CUST-05566,Male,1,No,No,46,Yes,No,DSL,Yes,No,No,Yes,No,No,Month-to-month,No,Mailed check,96.6,4216.92,No
CUST-05567,Male,0,Yes,No,22,Yes,Yes,Fiber optic,No,No,No,No,No,No,Month-to-month,No,Bank transfer (automatic),111.5,2326.23,No
CUST-05568,Female,0,No,Yes,25,Yes,Yes,Fiber optic,No,No,No,No,Yes,Yes,Month-to-month,Yes,Bank transfer (automatic),73.04,1901.13,Yes
CUST-05569,Male,0,No,No,6,Yes,Yes,DSL,No,Yes,Yes,No,No,Yes,Month-to-month,Yes,Credit card (automatic),33.24,215.19,Yes
CUST-05570,Male,0,No,No,31,Yes,No,Fiber optic,No,Yes,Yes,Yes,No,No,Month-to-month,Yes,Credit card (automatic),88.96,2766.6,Yes
CUST-05571,Female,0,No,No,32,Yes,No,Fiber optic,Yes,No,Yes,Yes,No,No,Month-to-month,No,Bank transfer (automatic),59.01,1875.3,No
CUST-05572,Female,0,No,No,19,Yes,No,No,No internet service,No internet service,No internet service,No internet service,No internet service,No internet service,Month-to-month,Yes,Electronic check,71.13,1436.64,No
CUST-05573,Female,1,No,No,68,Yes,No,No,No internet service,No internet service,No internet service,No internet service,No internet service,No internet service,Two year,No,Mailed check,80.68,4965.54,No
CUST-05574,Male,0,Yes,No,51,No,No phone service,DSL,Yes,No,No,No,No,No,One year,No,Mailed check,89.75,4766.81,No
CUST-05575,Female,0,Yes,No,41,Yes,No,DSL,No,Yes,Yes,No,Yes,No,One year,Yes,Credit card (automatic),81.98,3062.79,No
CUST-05576,Female,1,Yes,Yes,0,Yes,No,DSL,Yes,No,Yes,Yes,Yes,No,Month-to-month,No,Electronic check,41.29,0.0,Yes
CUST-05577,Male,0,Yes,Yes,62,Yes,Yes,DSL,Yes,No,No,Yes,No,No,Month-to-month,Yes,Electronic check,92.82,5947.13,No
CUST-05578,Female,0,No,No,6,Yes,Yes,Fiber optic,Yes,No,Yes,No,No,Yes,Month-to-month,Yes,Bank transfer (automatic),98.73,578.19,No
CUST-05579,Female,0,Yes,No,57,Yes,No,DSL,No,No,No,No,No,No,Two year,No,Bank transfer (automatic),21.77,1190.07,No
CUST-05580,Female,0,Yes,No,49,Yes,No,No,No internet service,No internet service,No internet service,No internet service,No internet service,No internet service,Month-to-month,Yes,Credit card (automatic),48.81,2393.75,No
CUST-05581,Female,0,Yes,No,33,Yes,No,DSL,Yes,No,Yes,No,No,No,Two year,Yes,Credit card (automatic),115.78,4088.09,No
CUST-05582,Male,0,Yes,Yes,50,Yes,No,DSL,Yes,Yes,No,Yes,Yes,Yes,One year,Yes,Mailed check,35.77,1762.03,No
CUST-05583,Female,0,No,Yes,9,Yes,Yes,No,No internet service,No internet service,No internet service,No internet service,No internet service,No internet service,One year,No,Bank transfer (automatic),36.28,328.67,No
CUST-05584,Female,0,No,No,25,Yes,Yes,Fiber optic,No,Yes,No,No,Yes,No,Month-to-month,No,Credit card (automatic),77.13,1796.35,Yes
CUST-05585,Male,1,Yes,No,31,Yes,No,Fiber optic,Yes,No,Yes,No,No,No,Month-to-month,No,Bank transfer (automatic),51.82,1588.63,No
CUST-05586,Female,0,Yes,No,41,Yes,Yes,Fiber optic,Yes,No,Yes,No,Yes,Yes,One year,Yes,Electronic check,83.71,3100.25,No
CUST-05587,Male,0,No,No,61,Yes,Yes,DSL,Yes,No,No,No,Yes,No,Two year,No,Mailed check,44.26,2882.44,No
CUST-05588,Male,0,No,No,11,Yes,No,Fiber optic,No,Yes,No,No,Yes,No,Two year,No,Bank transfer (automatic),60.6,627.52,No
CUST-05589,Male,0,Yes,Yes,39,Yes,Yes,Fiber optic,Yes,No,No,No,Yes,Yes,Month-to-month,Yes,Bank transfer (automatic),117.84,4981.7,No
CUST-05590,Female,0,No,No,33,Yes,No,DSL,Yes,Yes,Yes,Yes,Yes,Yes,Month-to-month,Yes,Bank transfer (automatic),55.34,1774.25,No
CUST-05591,Male,0,No,No,69,No,No phone service,DSL,Yes,No,Yes,No,No,Yes,Month-to-month,Yes,Electronic check,26.62,1960.17,Yes
CUST-05592,Male,0,Yes,No,26,Yes,No,No,No internet service,No internet service,No internet service,No internet service,No internet service,No internet service,Month-to-month,Yes,Mailed check,92.24,2345.3,No
CUST-05593,Male,0,No,Yes,7,Yes,No,Fiber optic,Yes,Yes,Yes,No,No,No,Two year,No,Electronic check,76.86,500.65,No
CUST-05594,Female,0,Yes,No,46,Yes,Yes,Fiber optic,No,Yes,Yes,No,No,Yes,One year,No,Bank transfer (automatic),62.46,2875.3,No
CUST-05595,Female,0,Yes,No,25,Yes,No,Fiber optic,No,No,No,No,Yes,No,One year,Yes,Mailed check,108.87,2591.43,No
CUST-05596,Female,0,No,Yes,56,Yes,No,DSL,No,Yes,Yes,No,Yes,No,Month-to-month,Yes,Bank transfer (automatic),32.66,1764.21,No
CUST-05597,Female,0,No,No,6,Yes,Yes,DSL,No,No,No,Yes,No,No,Month-to-month,No,Mailed check,66.97,387.04,Yes
CUST-05598,Female,0,No,No,25,Yes,No,No,No internet service,No internet service,No internet service,No internet service,No internet service,No internet service,One year,Yes,Credit card (automatic),37.18,900.84,No
CUST-05599,Female,0,No,Yes,58,Yes,Yes,Fiber optic,No,Yes,No,No,No,Yes,Month-to-month,Yes,Electronic check,26.35,1527.73,Yes
CUST-05600,Female,0,No,No,68,No,No phone service,DSL,No,No,No,Yes,No,Yes,Month-to-month,No,Electronic check,62.24,3917.17,No
CUST-05601,Male,0,No,No,46,Yes,No,Fiber optic,No,Yes,Yes,Yes,Yes,Yes,Month-to-month,Yes,Bank transfer (automatic),112.73,4934.22,No
CUST-05602,Male,1,Yes,No,34,Yes,No,Fiber optic,No,Yes,Yes,Yes,No,No,One year,Yes,Bank transfer (automatic),90.21,3148.31,No
CUST-05603,Male,1,No,No,29,Yes,Yes,DSL,Yes,No,Yes,No,Yes,Yes,Month-to-month,Yes,Bank transfer (automatic),41.45,1263.52,No
CUST-05604,Male,1,Yes,No,49,Yes,Yes,Fiber optic,Yes,Yes,No,No,No,Yes,Month-to-month,Yes,Electronic check,64.26,2987.4,No
CUST-05605,Female,0,No,Yes,23,No,No phone service,Fiber optic,No,Yes,No,Yes,No,No,Month-to-month,No,Credit card (automatic),97.75,2141.24,No
CUST-05606,Male,0,No,Yes,29,Yes,No,DSL,No,Yes,Yes,No,Yes,No,Month-to-month,Yes,Credit card (automatic),37.54,1083.88,No
CUST-05607,Male,0,No,Yes,53,Yes,No,No,No internet service,No internet service,No internet service,No internet service,No internet service,No internet service,Two year,No,Electronic check,38.37,2229.28,No
CUST-05608,Male,1,No,No,66,Yes,No,No,No internet service,No internet service,No internet service,No internet service,No internet service,No internet service,Month-to-month,No,Mailed check,36.1,2406.52,No
CUST-05609,Male,0,No,No,31,Yes,No,DSL,Yes,Yes,No,Yes,Yes,Yes,One year,Yes,Credit card (automatic),78.74,2593.98,No
CUST-05610,Female,0,Yes,Yes,7,Yes,No,DSL,No,No,No,Yes,No,No,Two year,Yes,Credit card (automatic),20.9,158.55,Yes
CUST-05611,Female,0,Yes,No,49,Yes,No,Fiber optic,Yes,Yes,Yes,Yes,Yes,Yes,Month-to-month,Yes,Mailed check,76.76,3864.21,Yes
CUST-05612,Female,0,Yes,No,46,Yes,No,DSL,No,Yes,No,No,Yes,Yes,Month-to-month,No,Mailed check,100.54,4642.56,Yes
CUST-05613,Male,0,No,Yes,45,No,No phone service,No,No internet service,No internet service,No internet service,No internet service,No internet service,No internet service,Two year,No,Electronic check,96.27,4561.36,No
CUST-05614,Female,0,No,No,34,Yes,Yes,Fiber optic,Yes,Yes,No,No,Yes,No,Two year,Yes,Mailed check,84.68,2774.83,No
CUST-05615,Male,0,No,No,60,Yes,Yes,No,No internet service,No internet service,No internet service,No internet service,No internet service,No internet service,Month-to-month,No,Bank transfer (automatic),39.95,2623.57,Yes
CUST-05616,Female,0,Yes,No,50,Yes,Yes,Fiber optic,Yes,Yes,No,No,Yes,No,Month-to-month,No,Bank transfer (automatic),99.64,4957.46,No
CUST-05617,Female,0,Yes,No,62,Yes,No,DSL,Yes,Yes,No,No,Yes,No,Month-to-month,No,Credit card (automatic),113.75,7656.61,No
CUST-05618,Female,0,No,No,7,Yes,No,Fiber optic,Yes,Yes,No,No,Yes,No,Month-to-month,No,Electronic check,36.38,267.89,Yes
CUST-05619,Female,1,Yes,No,33,No,No phone service,Fiber optic,Yes,No,Yes,No,No,No,Month-to-month,Yes,Electronic check,109.03,3390.39,No
CUST-05620,Female,0,No,No,24,Yes,Yes,No,No internet service,No internet service,No internet service,No internet service,No internet service,No internet service,Month-to-month,No,Mailed check,103.3,2340.71,No
CUST-05621,Male,0,No,No,43,Yes,Yes,No,No internet service,No internet service,No internet service,No internet service,No internet service,No internet service,Month-to-month,No,Credit card (automatic),115.93,4835.27,No
CUST-05622,Female,0,Yes,No,42,Yes,No,Fiber optic,Yes,Yes,Yes,No,No,Yes,Month-to-month,Yes,Credit card (automatic),49.93,2043.39,No
CUST-05623,Male,0,Yes,Yes,49,No,No phone service,DSL,Yes,Yes,No,No,Yes,No,One year,Yes,Credit card (automatic),111.41,4929.56,No
CUST-05624,Male,0,Yes,No,12,Yes,No,Fiber optic,No,No,No,No,Yes,No,Two year,No,Electronic check,35.95,462.1,No
CUST-05625,Male,0,Yes,No,45,Yes,No,DSL,Yes,No,No,No,No,No,Two year,No,Electronic check,35.52,1515.43,No
CUST-05626,Male,0,No,Yes,52,Yes,Yes,DSL,No,Yes,Yes,No,Yes,No,Month-to-month,Yes,Bank transfer (automatic),28.7,1589.34,No
CUST-05627,Male,0,No,No,62,Yes,Yes,DSL,Yes,No,Yes,Yes,No,Yes,Two year,Yes,Mailed check,60.78,3755.45,No
CUST-05628,Female,0,Yes,Yes,1,Yes,No,DSL,No,No,No,Yes,No,Yes,Month-to-month,Yes,Electronic check,19.22,19.57,No
CUST-05629,Female,0,Yes,No,39,Yes,Yes,No,No internet service,No internet service,No internet service,No internet service,No internet service,No internet service,Month-to-month,Yes,Credit card (automatic),56.13,2205.03,No
CUST-05630,Female,0,Yes,Yes,22,No,No phone service,DSL,No,No,Yes,No,No,No,Month-to-month,Yes,Mailed check,80.59,1930.66,No
CUST-05631,Female,0,Yes,Yes,58,No,No phone service,Fiber optic,No,Yes,No,No,Yes,Yes,Two year,Yes,Electronic check,25.83,1473.56,No
CUST-05632,Male,0,No,No,68,Yes,No,Fiber optic,No,No,No,No,Yes,No,Month-to-month,Yes,Credit card (automatic),99.85,6638.75,No
CUST-05633,Female,0,No,No,33,Yes,No,No,No internet service,No internet service,No internet service,No internet service,No internet service,No internet service,Month-to-month,Yes,Credit card (automatic),47.27,1595.76,No
CUST-05634,Female,0,No,Yes,26,Yes,Yes,Fiber optic,Yes,Yes,Yes,No,Yes,Yes,Month-to-month,No,Mailed check,22.65,574.98,Yes
CUST-05635,Male,0,No,No,54,Yes,No,Fiber optic,No,No,Yes,Yes,Yes,No,Month-to-month,Yes,Bank transfer (automatic),55.46,3059.2,Yes
CUST-05636,Male,0,No,Yes,3,Yes,Yes,Fiber optic,No,No,No,No,Yes,No,One year,Yes,Credit card (automatic),31.84,96.9,No
CUST-05637,Female,0,No,No,67,Yes,No,No,No internet service,No internet service,No internet service,No internet service,No internet service,No internet service,Month-to-month,No,Credit card (automatic),97.53,6893.96,No
CUST-05638,Female,0,No,No,71,Yes,Yes,DSL,No,No,Yes,No,No,No,Month-to-month,Yes,Credit card (automatic),51.4,4007.0,No
CUST-05639,Male,0,Yes,Yes,69,Yes,No,Fiber optic,Yes,No,No,Yes,Yes,Yes,One year,No,Credit card (automatic),29.7,2244.93,No
CUST-05640,Female,0,No,No,26,Yes,No,No,No internet service,No internet service,No internet service,No internet service,No internet service,No internet service,Month-to-month,Yes,Bank transfer (automatic),63.37,1523.64,Yes
CUST-05641,Female,1,Yes,Yes,46,Yes,Yes,No,No internet service,No internet service,No internet service,No internet service,No internet service,No internet service,Two year,No,Bank transfer (automatic),63.2,2879.36,No
CUST-05642,Female,0,Yes,Yes,39,Yes,No,DSL,Yes,Yes,Yes,Yes,No,Yes,Month-to-month,Yes,Bank transfer (automatic),45.56,1749.25,Yes
CUST-05643,Female,0,Yes,No,26,Yes,No,Fiber optic,Yes,Yes,No,No,No,Yes,Month-to-month,No,Credit card (automatic),50.7,1236.65,No
CUST-05644,Male,0,No,No,6,Yes,No,DSL,Yes,No,No,Yes,No,Yes,One year,Yes,Bank transfer (automatic),94.88,597.03,No
CUST-05645,Male,0,No,No,22,No,No phone service,Fiber optic,No,No,No,Yes,Yes,No,Month-to-month,No,Mailed check,81.87,1969.92,No
CUST-05646,Male,0,No,No,63,Yes,Yes,Fiber optic,No,No,No,No,Yes,Yes,Month-to-month,No,Credit card (automatic),39.47,2313.86,Yes
CUST-05647,Female,0,No,No,28,Yes,Yes,DSL,No,No,Yes,Yes,No,No,Two year,Yes,Credit card (automatic),112.82,3015.07,No
CUST-05648,Female,0,Yes,No,60,Yes,No,No,No internet service,No internet service,No internet service,No internet service,No internet service,No internet service,Two year,Yes,Credit card (automatic),48.47,3114.69,No
CUST-05649,Female,0,No,No,43,Yes,No,DSL,No,Yes,No,Yes,No,No,Month-to-month,Yes,Credit card (automatic),71.34,2948.14,No
CUST-05650,Female,0,Yes,No,68,Yes,No,No,No internet service,No internet service,No internet service,No internet service,No internet service,No internet service,Month-to-month,Yes,Electronic check,75.11,5047.48,No
CUST-05651,Female,0,No,No,26,Yes,Yes,No,No internet service,No internet service,No internet service,No internet service,No internet service,No internet service,Month-to-month,Yes,Bank transfer (automatic),39.37,1072.83,No
CUST-05652,Male,0,No,No,11,Yes,No,DSL,No,Yes,Yes,No,Yes,Yes,Month-to-month,Yes,Electronic check,47.12,479.55,Yes
CUST-05653,Female,0,Yes,No,16,Yes,Yes,Fiber optic,No,No,No,Yes,No,No,Month-to-month,Yes,Mailed check,66.07,1062.86,No
CUST-05654,Female,0,Yes,No,36,Yes,Yes,DSL,Yes,No,No,No,Yes,Yes,Month-to-month,Yes,Electronic check,43.63,1448.06,No
CUST-05655,Male,0,Yes,No,33,Yes,Yes,DSL,Yes,Yes,Yes,No,No,No,One year,Yes,Electronic check,48.56,1540.1,No
CUST-05656,Female,0,No,No,35,Yes,Yes,No,No internet service,No internet service,No internet service,No internet service,No internet service,No internet service,Month-to-month,Yes,Electronic check,79.31,2629.8,Yes
CUST-05657,Male,1,No,No,5,No,No phone service,DSL,No,No,No,No,No,Yes,Month-to-month,No,Electronic check,91.38,477.94,Yes
CUST-05658,Male,0,Yes,No,31,Yes,No,Fiber optic,Yes,No,Yes,No,No,Yes,Month-to-month,Yes,Bank transfer (automatic),98.1,2828.63,Yes
CUST-05659,Male,0,No,No,21,Yes,Yes,No,No internet service,No internet service,No internet service,No internet service,No internet service,No internet service,Two year,No,Bank transfer (automatic),30.17,654.09,No
CUST-05660,Male,0,Yes,No,9,Yes,Yes,DSL,No,No,Yes,No,No,No,Month-to-month,No,Electronic check,91.7,837.78,No
CUST-05661,Male,0,No,No,28,Yes,No,Fiber optic,Yes,Yes,Yes,Yes,No,No,One year,Yes,Electronic check,111.64,3235.83,No
CUST-05662,Female,0,Yes,No,10,Yes,No,Fiber optic,Yes,No,No,Yes,No,Yes,Month-to-month,No,Mailed check,76.07,817.99,Yes
CUST-05663,Male,0,Yes,No,65,Yes,No,Fiber optic,No,No,Yes,Yes,No,No,Two year,Yes,Mailed check,78.47,5135.36,No
CUST-05664,Male,0,No,No,55,No,No phone service,No,No internet service,No internet service,No internet service,No internet service,No internet service,No internet service,One year,No,Credit card (automatic),113.53,6519.65,Yes
CUST-05665,Female,1,Yes,No,57,Yes,Yes,Fiber optic,Yes,Yes,No,No,No,No,Two year,No,Electronic check,104.94,6345.92,No
CUST-05666,Female,0,No,Yes,51,Yes,No,Fiber optic,Yes,Yes,Yes,Yes,Yes,Yes,One year,Yes,Credit card (automatic),73.77,3909.47,No
CUST-05667,Male,0,No,Yes,60,Yes,Yes,No,No internet service,No internet service,No internet service,No internet service,No internet service,No internet service,Two year,Yes,Bank transfer (automatic),94.58,5469.45,No
CUST-05668,Female,1,Yes,No,16,Yes,No,No,No internet service,No internet service,No internet service,No internet service,No internet service,No internet service,Month-to-month,No,Bank transfer (automatic),36.09,630.73,Yes
CUST-05669,Female,0,Yes,No,29,No,No phone service,Fiber optic,No,Yes,No,Yes,Yes,Yes,One year,No,Bank transfer (automatic),59.31,1568.89,No
CUST-05670,Male,0,No,No,71,Yes,No,Fiber optic,Yes,No,Yes,Yes,Yes,No,Month-to-month,Yes,Bank transfer (automatic),89.54,6194.98,No
CUST-05671,Male,0,No,Yes,36,Yes,No,Fiber optic,Yes,Yes,No,No,Yes,No,One year,Yes,Credit card (automatic),46.86,1795.37,No
CUST-05672,Female,1,Yes,No,4,Yes,No,No,No internet service,No internet service,No internet service,No internet service,No internet service,No internet service,Two year,No,Electronic check,63.39,245.95,No
CUST-05673,Male,0,Yes,No,25,Yes,No,Fiber optic,Yes,Yes,No,Yes,No,No,Month-to-month,Yes,Bank transfer (automatic),35.27,889.85,Yes
CUST-05674,Male,0,Yes,No,69,Yes,Yes,DSL,Yes,No,No,No,Yes,No,Month-to-month,Yes,Mailed check,107.78,6893.18,No
CUST-05675,Female,0,No,No,0,Yes,No,Fiber optic,No,Yes,Yes,Yes,Yes,No,Month-to-month,No,Credit card (automatic),107.57,0.0,No
CUST-05676,Male,0,No,No,8,Yes,No,Fiber optic,No,No,No,Yes,No,Yes,Month-to-month,Yes,Credit card (automatic),65.84,572.14,No
CUST-05677,Male,0,No,No,70,No,No phone service,Fiber optic,Yes,No,No,No,Yes,No,Month-to-month,Yes,Bank transfer (automatic),37.2,2856.08,Yes
CUST-05678,Male,0,Yes,Yes,63,Yes,Yes,Fiber optic,No,No,Yes,No,No,Yes,Month-to-month,Yes,Electronic check,85.92,4955.13,No
CUST-05679,Male,0,Yes,No,23,Yes,Yes,Fiber optic,Yes,No,No,No,No,No,Month-to-month,No,Mailed check,39.35,850.6,No
CUST-05680,Male,1,No,No,4,Yes,Yes,DSL,No,No,Yes,Yes,No,Yes,Month-to-month,Yes,Credit card (automatic),40.86,163.28,Yes
CUST-05681,Female,0,No,No,50,Yes,No,DSL,No,No,No,No,Yes,Yes,Month-to-month,Yes,Mailed check,115.2,5498.05,No
CUST-05682,Female,1,Yes,Yes,37,Yes,No,Fiber optic,No,Yes,Yes,No,No,No,Month-to-month,No,Mailed check,27.95,1063.65,No
CUST-05683,Male,0,No,No,28,Yes,No,DSL,Yes,No,Yes,Yes,Yes,No,One year,No,Credit card (automatic),55.92,1673.93,No
CUST-05684,Female,0,Yes,No,45,Yes,No,No,No internet service,No internet service,No internet service,No internet service,No internet service,No internet service,Month-to-month,Yes,Electronic check,73.49,3060.39,Yes
CUST-05685,Male,0,Yes,No,51,Yes,Yes,DSL,Yes,No,Yes,Yes,Yes,No,Month-to-month,No,Bank transfer (automatic),28.78,1321.94,No
CUST-05686,Male,0,Yes,No,45,Yes,No,Fiber optic,No,No,Yes,Yes,No,Yes,Two year,No,Mailed check,21.89,1082.32,No
CUST-05687,Male,1,No,Yes,67,Yes,Yes,DSL,No,Yes,No,Yes,Yes,Yes,One year,No,Electronic check,72.23,4791.44,No
CUST-05688,Male,0,No,No,58,Yes,No,DSL,Yes,Yes,No,No,Yes,Yes,Month-to-month,No,Bank transfer (automatic),29.46,1561.2,No
CUST-05689,Male,0,Yes,No,9,Yes,Yes,DSL,Yes,No,Yes,Yes,Yes,Yes,Two year,Yes,Mailed check,43.12,394.95,No
CUST-05690,Female,0,Yes,No,3,Yes,Yes,Fiber optic,No,No,Yes,Yes,Yes,Yes,Two year,No,Bank transfer (automatic),67.73,213.48,No
CUST-05691,Female,0,No,No,51,Yes,Yes,Fiber optic,Yes,No,No,Yes,No,No,Month-to-month,Yes,Credit card (automatic),52.75,2852.33,No
CUST-05692,Male,0,Yes,No,17,Yes,Yes,DSL,Yes,No,No,No,Yes,No,Month-to-month,Yes,Electronic check,89.06,1535.0,Yes
CUST-05693,Female,0,No,No,50,Yes,Yes,Fiber optic,Yes,No,No,No,No,No,Month-to-month,Yes,Electronic check,114.25,5917.6,Yes
CUST-05694,Male,0,No,No,22,Yes,Yes,Fiber optic,No,No,Yes,Yes,Yes,No,Month-to-month,No,Electronic check,93.32,2043.29,No
CUST-05695,Female,0,No,Yes,24,No,No phone service,Fiber optic,Yes,Yes,Yes,Yes,No,Yes,Two year,No,Mailed check,118.0,2899.83,No
CUST-05696,Male,0,Yes,No,59,Yes,Yes,DSL,No,Yes,No,No,No,No,Two year,Yes,Electronic check,56.89,3659.66,No
CUST-05697,Female,0,Yes,Yes,36,Yes,No,No,No internet service,No internet service,No internet service,No internet service,No internet service,No internet service,Month-to-month,Yes,Bank transfer (automatic),48.52,1917.03,No
CUST-05698,Male,0,Yes,Yes,67,Yes,Yes,DSL,Yes,Yes,Yes,Yes,Yes,No,Month-to-month,No,Mailed check,39.26,2697.53,No
CUST-05699,Male,0,Yes,No,17,Yes,No,No,No internet service,No internet service,No internet service,No internet service,No internet service,No internet service,One year,No,Credit card (automatic),106.49,1840.72,No
CUST-05700,Female,0,No,No,28,Yes,Yes,DSL,No,No,No,No,Yes,Yes,Month-to-month,No,Credit card (automatic),56.99,1546.41,Yes
CUST-05701,Female,0,Yes,No,29,Yes,No,Fiber optic,No,Yes,Yes,Yes,No,No,Two year,Yes,Bank transfer (automatic),89.09,2492.79,No
CUST-05702,Male,0,No,Yes,6,Yes,No,Fiber optic,Yes,Yes,Yes,Yes,No,Yes,Month-to-month,Yes,Electronic check,85.48,556.42,Yes
CUST-05703,Female,0,Yes,No,40,Yes,Yes,Fiber optic,Yes,No,No,Yes,Yes,No,Two year,Yes,Credit card (automatic),23.71,979.73,No
CUST-05704,Male,0,Yes,No,36,Yes,No,Fiber optic,Yes,Yes,No,Yes,No,Yes,Month-to-month,Yes,Credit card (automatic),105.96,3782.96,Yes
CUST-05705,Female,0,Yes,Yes,26,No,No phone service,DSL,Yes,Yes,No,Yes,No,No,One year,No,Electronic check,66.65,1790.41,No
CUST-05706,Female,0,Yes,No,20,Yes,No,Fiber optic,Yes,No,Yes,Yes,Yes,Yes,Month-to-month,Yes,Credit card (automatic),40.35,745.82,Yes
CUST-05707,Male,0,Yes,No,42,Yes,Yes,DSL,Yes,Yes,No,No,No,Yes,Month-to-month,No,Credit card (automatic),115.91,5299.97,No
CUST-05708,Female,0,No,Yes,50,Yes,Yes,Fiber optic,No,No,Yes,Yes,No,No,One year,No,Credit card (automatic),93.32,4686.83,No
CUST-05709,Female,0,Yes,No,70,No,No phone service,No,No internet service,No internet service,No internet service,No internet service,No internet service,No internet service,One year,Yes,Credit card (automatic),79.67,5391.84,No
CUST-05710,Male,0,Yes,No,12,Yes,Yes,Fiber optic,Yes,No,No,No,Yes,Yes,Two year,Yes,Bank transfer (automatic),116.84,1265.6,No
CUST-05711,Female,0,Yes,No,52,Yes,No,Fiber optic,No,No,Yes,No,No,No,Two year,No,Mailed check,93.66,5042.89,No
CUST-05712,Male,0,Yes,Yes,62,Yes,No,DSL,No,No,No,Yes,Yes,No,Two year,Yes,Electronic check,30.11,2042.14,No
CUST-05713,Male,0,Yes,No,56,No,No phone service,Fiber optic,Yes,Yes,No,Yes,Yes,Yes,Two year,Yes,Credit card (automatic),117.11,6634.94,No
CUST-05714,Male,0,No,No,24,Yes,No,DSL,No,Yes,No,No,Yes,No,Two year,Yes,Credit card (automatic),77.76,1803.79,No
CUST-05715,Male,0,Yes,No,12,Yes,Yes,DSL,Yes,Yes,No,Yes,No,Yes,Month-to-month,Yes,Credit card (automatic),47.94,565.88,Yes
CUST-05716,Male,0,No,Yes,36,Yes,Yes,DSL,No,Yes,No,No,Yes,Yes,Month-to-month,Yes,Credit card (automatic),99.75,3640.33,Yes
CUST-05717,Female,0,Yes,No,29,Yes,Yes,No,No internet service,No internet service,No internet service,No internet service,No internet service,No internet service,Month-to-month,Yes,Mailed check,22.79,685.86,No
CUST-05718,Male,0,No,No,11,Yes,Yes,No,No internet service,No internet service,No internet service,No internet service,No internet service,No internet service,One year,Yes,Electronic check,83.44,859.71,No
CUST-05719,Male,0,Yes,Yes,64,No,No phone service,No,No internet service,No internet service,No internet service,No internet service,No internet service,No internet service,Month-to-month,Yes,Credit card (automatic),33.93,2360.49,No
CUST-05720,Female,0,Yes,No,17,Yes,No,No,No internet service,No internet service,No internet service,No internet service,No internet service,No internet service,One year,Yes,Bank transfer (automatic),26.75,446.96,No
CUST-05721,Female,1,No,No,61,Yes,No,Fiber optic,Yes,No,Yes,Yes,No,No,One year,Yes,Bank transfer (automatic),53.4,3338.48,No
CUST-05722,Female,0,Yes,Yes,23,Yes,Yes,DSL,No,No,Yes,No,Yes,No,Month-to-month,No,Mailed check,53.64,1335.24,No
CUST-05723,Male,0,No,No,59,Yes,No,Fiber optic,Yes,No,Yes,Yes,No,No,Month-to-month,No,Mailed check,78.05,4677.11,Yes
CUST-05724,Male,0,Yes,No,16,Yes,No,Fiber optic,No,Yes,No,Yes,Yes,No,Month-to-month,Yes,Credit card (automatic),74.54,1236.42,No
CUST-05725,Male,0,No,Yes,59,No,No phone service,Fiber optic,Yes,Yes,Yes,No,No,No,Month-to-month,Yes,Mailed check,86.79,5257.01,Yes
CUST-05726,Female,0,No,No,8,Yes,No,Fiber optic,No,No,No,Yes,No,Yes,Month-to-month,Yes,Electronic check,35.41,269.0,Yes
CUST-05727,Male,0,No,No,51,Yes,No,Fiber optic,No,Yes,No,No,Yes,Yes,One year,Yes,Bank transfer (automatic),105.09,5855.83,No
CUST-05728,Female,0,Yes,Yes,14,Yes,No,Fiber optic,Yes,No,No,No,Yes,No,Month-to-month,Yes,Electronic check,103.87,1446.16,No
CUST-05729,Male,0,No,No,27,Yes,Yes,DSL,Yes,Yes,Yes,No,Yes,No,Month-to-month,No,Mailed check,39.63,984.07,Yes
CUST-05730,Female,0,Yes,No,8,Yes,No,Fiber optic,No,Yes,Yes,No,Yes,Yes,One year,Yes,Electronic check,65.36,574.96,No
CUST-05731,Male,0,No,No,55,Yes,Yes,DSL,Yes,Yes,Yes,Yes,Yes,Yes,One year,Yes,Mailed check,66.8,3784.24,No
CUST-05732,Male,1,No,No,35,Yes,Yes,DSL,No,Yes,Yes,Yes,No,No,Month-to-month,Yes,Electronic check,110.12,3937.82,No
CUST-05733,Male,0,No,No,55,Yes,Yes,No,No internet service,No internet service,No internet service,No internet service,No internet service,No internet service,Month-to-month,Yes,Credit card (automatic),108.56,6468.27,No
CUST-05734,Female,0,Yes,No,70,Yes,No,Fiber optic,Yes,Yes,Yes,No,Yes,No,One year,Yes,Credit card (automatic),24.75,1747.01,No
CUST-05735,Female,0,Yes,No,19,Yes,No,No,No internet service,No internet service,No internet service,No internet service,No internet service,No internet service,Month-to-month,Yes,Electronic check,113.8,2101.83,Yes
CUST-05736,Male,0,Yes,No,54,Yes,Yes,Fiber optic,Yes,Yes,Yes,Yes,Yes,No,Month-to-month,No,Credit card (automatic),24.86,1255.11,No
CUST-05737,Male,1,No,No,59,Yes,No,DSL,No,No,Yes,No,No,Yes,Month-to-month,Yes,Mailed check,72.96,4572.03,No
CUST-05738,Male,0,Yes,No,34,Yes,No,No,No internet service,No internet service,No internet service,No internet service,No internet service,No internet service,Month-to-month,No,Electronic check,49.16,1614.95,Yes
CUST-05739,Female,0,Yes,No,0,Yes,No,DSL,No,No,No,No,Yes,Yes,One year,Yes,Mailed check,57.05,0.0,No
CUST-05740,Male,0,No,No,44,Yes,Yes,No,No internet service,No internet service,No internet service,No internet service,No internet service,No internet service,Month-to-month,Yes,Bank transfer (automatic),80.67,3555.79,No
CUST-05741,Male,0,No,Yes,68,Yes,No,Fiber optic,No,No,No,No,Yes,No,One year,No,Credit card (automatic),76.38,5443.56,No
CUST-05742,Male,0,Yes,No,39,Yes,No,No,No internet service,No internet service,No internet service,No internet service,No internet service,No internet service,Month-to-month,Yes,Credit card (automatic),34.75,1405.17,No
CUST-05743,Male,0,Yes,No,37,No,No phone service,No,No internet service,No internet service,No internet service,No internet service,No internet service,No internet service,Month-to-month,No,Mailed check,114.98,4189.24,Yes
CUST-05744,Female,0,Yes,No,23,Yes,Yes,Fiber optic,No,No,No,No,No,Yes,One year,No,Mailed check,20.87,472.91,No
CUST-05745,Female,0,No,No,3,Yes,No,No,No internet service,No internet service,No internet service,No internet service,No internet service,No internet service,Two year,No,Bank transfer (automatic),52.34,149.81,No
CUST-05746,Male,0,No,Yes,68,Yes,No,Fiber optic,Yes,Yes,No,Yes,Yes,Yes,Month-to-month,Yes,Electronic check,98.14,6461.19,No
CUST-05747,Male,1,No,No,12,Yes,Yes,DSL,No,Yes,No,Yes,No,Yes,Month-to-month,Yes,Mailed check,103.09,1289.4,Yes
CUST-05748,Female,0,No,No,20,Yes,Yes,No,No internet service,No internet service,No internet service,No internet service,No internet service,No internet service,One year,Yes,Electronic check,97.73,1978.97,No
CUST-05749,Female,0,No,No,31,Yes,Yes,No,No internet service,No internet service,No internet service,No internet service,No internet service,No internet service,Month-to-month,Yes,Electronic check,55.25,1558.96,No
CUST-05750,Male,0,Yes,Yes,37,Yes,No,DSL,No,No,Yes,Yes,Yes,Yes,Two year,No,Mailed check,85.34,3162.75,No
CUST-05751,Female,0,Yes,No,31,Yes,No,No,No internet service,No internet service,No internet service,No internet service,No internet service,No internet service,One year,Yes,Credit card (automatic),94.43,3193.74,No
CUST-05752,Female,0,Yes,No,56,Yes,No,Fiber optic,No,No,Yes,Yes,Yes,Yes,Month-to-month,Yes,Mailed check,75.8,3913.11,Yes
CUST-05753,Male,0,No,Yes,47,Yes,No,DSL,Yes,No,No,No,Yes,Yes,Month-to-month,Yes,Mailed check,85.9,3718.28,No
CUST-05754,Female,0,No,No,29,Yes,No,Fiber optic,No,Yes,Yes,No,No,Yes,Month-to-month,No,Mailed check,73.36,2198.82,No
CUST-05755,Female,1,Yes,No,70,Yes,No,No,No internet service,No internet service,No internet service,No internet service,No internet service,No internet service,Two year,No,Credit card (automatic),23.49,1794.84,No
CUST-05756,Male,0,Yes,No,37,No,No phone service,Fiber optic,Yes,No,No,Yes,Yes,No,Month-to-month,No,Bank transfer (automatic),45.33,1518.45,No
CUST-05757,Male,0,Yes,No,43,Yes,No,Fiber optic,No,Yes,No,Yes,Yes,Yes,One year,Yes,Credit card (automatic),88.27,3677.59,No
CUST-05758,Female,1,No,No,25,Yes,No,No,No internet service,No internet service,No internet service,No internet service,No internet service,No internet service,Month-to-month,No,Mailed check,42.15,962.5,No
CUST-05759,Male,1,No,No,1,Yes,Yes,No,No internet service,No internet service,No internet service,No internet service,No internet service,No internet service,Month-to-month,No,Bank transfer (automatic),63.55,60.57,No
CUST-05760,Female,0,No,Yes,42,Yes,Yes,DSL,Yes,No,No,No,No,Yes,Month-to-month,Yes,Mailed check,71.46,3034.04,No
CUST-05761,Male,0,No,Yes,42,Yes,Yes,Fiber optic,Yes,No,Yes,No,No,No,Two year,No,Electronic check,85.1,3532.82,No
CUST-05762,Female,0,No,Yes,62,Yes,Yes,DSL,Yes,Yes,Yes,No,Yes,No,Two year,Yes,Mailed check,43.91,2648.0,No
CUST-05763,Male,1,Yes,Yes,57,Yes,Yes,Fiber optic,No,Yes,No,No,Yes,No,Two year,No,Electronic check,77.52,4162.96,No
CUST-05764,Female,1,Yes,No,47,Yes,Yes,No,No internet service,No internet service,No internet service,No internet service,No internet service,No internet service,Month-to-month,Yes,Bank transfer (automatic),77.65,3736.74,No
CUST-05765,Female,0,No,No,4,Yes,Yes,DSL,No,No,Yes,No,Yes,No,One year,Yes,Electronic check,102.5,416.21,Yes
CUST-05766,Female,0,No,Yes,34,No,No phone service,Fiber optic,Yes,Yes,Yes,Yes,No,No,Month-to-month,No,Bank transfer (automatic),73.2,2569.98,Yes
CUST-05767,Male,0,Yes,Yes,15,Yes,Yes,No,No internet service,No internet service,No internet service,No internet service,No internet service,No internet service,Month-to-month,No,Mailed check,47.51,754.44,Yes
CUST-05768,Male,0,No,No,48,Yes,No,Fiber optic,No,No,Yes,No,No,Yes,Two year,No,Mailed check,70.27,3527.76,No
CUST-05769,Female,0,No,Yes,59,Yes,No,DSL,No,No,Yes,No,No,Yes,Month-to-month,No,Electronic check,28.73,1850.09,No
CUST-05770,Female,1,Yes,No,50,Yes,No,Fiber optic,Yes,Yes,Yes,No,No,Yes,Month-to-month,No,Credit card (automatic),78.77,3678.1,No
CUST-05771,Male,0,No,Yes,58,No,No phone service,No,No internet service,No internet service,No internet service,No internet service,No internet service,No internet service,Month-to-month,Yes,Credit card (automatic),109.61,6931.33,Yes
CUST-05772,Male,0,No,No,63,Yes,No,Fiber optic,No,Yes,No,No,Yes,No,One year,Yes,Credit card (automatic),70.98,4178.52,No
CUST-05773,Male,0,Yes,No,12,Yes,Yes,Fiber optic,No,Yes,No,Yes,No,Yes,One year,Yes,Electronic check,47.22,605.49,No
CUST-05774,Male,0,No,No,25,Yes,Yes,Fiber optic,Yes,Yes,Yes,Yes,Yes,No,Month-to-month,Yes,Electronic check,58.55,1548.19,Yes
CUST-05775,Male,0,No,No,69,Yes,Yes,Fiber optic,Yes,No,No,Yes,No,Yes,Two year,No,Credit card (automatic),108.19,7713.05,No
CUST-05776,Male,0,Yes,No,2,Yes,Yes,Fiber optic,No,Yes,Yes,Yes,No,Yes,Month-to-month,Yes,Electronic check,99.31,206.81,Yes
CUST-05777,Female,0,Yes,Yes,11,Yes,No,DSL,Yes,No,No,Yes,Yes,Yes,Two year,No,Credit card (automatic),98.32,1122.95,No
CUST-05778,Male,0,No,No,40,Yes,No,Fiber optic,Yes,No,Yes,No,No,Yes,Month-to-month,Yes,Bank transfer (automatic),74.41,2994.21,No
CUST-05779,Female,0,Yes,No,64,Yes,Yes,No,No internet service,No internet service,No internet service,No internet service,No internet service,No internet service,Month-to-month,Yes,Bank transfer (automatic),57.64,3344.16,No
CUST-05780,Male,0,Yes,No,62,Yes,No,No,No internet service,No internet service,No internet service,No internet service,No internet service,No internet service,Month-to-month,Yes,Electronic check,31.24,1967.7,No
CUST-05781,Male,0,No,No,49,Yes,No,Fiber optic,No,Yes,Yes,No,Yes,No,Month-to-month,Yes,Mailed check,115.56,5536.88,No
CUST-05782,Female,0,Yes,No,46,Yes,Yes,Fiber optic,No,Yes,Yes,No,No,No,Two year,No,Electronic check,35.91,1576.66,No
CUST-05783,Female,0,No,No,7,Yes,No,DSL,No,Yes,No,No,No,Yes,Two year,No,Bank transfer (automatic),43.21,301.87,No
CUST-05784,Male,0,Yes,No,30,Yes,No,DSL,Yes,No,No,No,Yes,No,Two year,No,Bank transfer (automatic),94.43,3030.13,No
CUST-05785,Female,0,Yes,No,10,Yes,No,No,No internet service,No internet service,No internet service,No internet service,No internet service,No internet service,Month-to-month,No,Credit card (automatic),53.08,539.12,Yes
CUST-05786,Female,0,No,Yes,16,No,No phone service,DSL,Yes,No,Yes,Yes,No,No,One year,No,Credit card (automatic),76.39,1335.85,No
CUST-05787,Female,1,No,No,26,Yes,No,DSL,Yes,Yes,Yes,Yes,Yes,No,Month-to-month,No,Mailed check,94.16,2409.27,Yes
CUST-05788,Female,0,No,No,26,No,No phone service,Fiber optic,Yes,Yes,No,Yes,No,No,Month-to-month,Yes,Credit card (automatic),73.61,1786.89,Yes
CUST-05789,Male,0,Yes,Yes,55,Yes,Yes,Fiber optic,No,No,Yes,No,No,Yes,Month-to-month,Yes,Credit card (automatic),67.07,3552.11,No
CUST-05790,Female,0,No,Yes,68,Yes,No,Fiber optic,No,Yes,No,Yes,Yes,No,Month-to-month,Yes,Bank transfer (automatic),23.07,1457.27,Yes
CUST-05791,Male,0,No,Yes,46,No,No phone service,Fiber optic,No,Yes,No,No,Yes,Yes,Month-to-month,No,Credit card (automatic),66.77,3184.99,Yes
CUST-05792,Male,0,Yes,No,18,Yes,Yes,Fiber optic,No,No,Yes,Yes,No,No,One year,Yes,Electronic check,63.5,1065.17,No
CUST-05793,Male,1,Yes,No,56,Yes,Yes,DSL,Yes,Yes,Yes,No,Yes,No,One year,Yes,Bank transfer (automatic),106.05,5960.48,No
CUST-05794,Male,0,Yes,Yes,30,Yes,No,No,No internet service,No internet service,No internet service,No internet service,No internet service,No internet service,Month-to-month,Yes,Electronic check,62.74,2041.59,Yes
CUST-05795,Female,0,No,No,15,Yes,Yes,No,No internet service,No internet service,No internet service,No internet service,No internet service,No internet service,Month-to-month,No,Mailed check,80.99,1198.78,No
CUST-05796,Female,0,Yes,No,44,Yes,No,Fiber optic,No,Yes,Yes,Yes,Yes,Yes,Month-to-month,Yes,Bank transfer (automatic),95.37,4114.64,Yes
CUST-05797,Male,1,Yes,No,26,Yes,Yes,Fiber optic,No,Yes,Yes,Yes,No,No,Month-to-month,Yes,Mailed check,64.77,1584.03,No
CUST-05798,Male,0,No,Yes,60,Yes,Yes,Fiber optic,No,No,No,No,No,Yes,One year,Yes,Electronic check,44.09,2779.67,No
CUST-05799,Male,0,Yes,No,25,Yes,Yes,Fiber optic,Yes,No,No,Yes,No,No,Month-to-month,Yes,Mailed check,107.4,2579.88,Yes
CUST-05800,Male,0,Yes,No,28,No,No phone service,Fiber optic,No,Yes,Yes,No,Yes,Yes,Month-to-month,No,Electronic check,107.55,3306.76,No
CUST-05801,Female,0,No,No,43,Yes,No,DSL,Yes,No,Yes,Yes,No,Yes,Two year,Yes,Electronic check,107.98,4333.68,No
CUST-05802,Male,1,Yes,No,28,No,No phone service,Fiber optic,Yes,No,No,Yes,No,Yes,One year,Yes,Bank transfer (automatic),45.28,1141.62,No
CUST-05803,Female,0,No,No,1,Yes,Yes,Fiber optic,No,Yes,No,No,No,Yes,Two year,No,Bank transfer (automatic),49.55,49.94,No
CUST-05804,Male,0,No,No,5,No,No phone service,No,No internet service,No internet service,No internet service,No internet service,No internet service,No internet service,Month-to-month,Yes,Bank transfer (automatic),109.88,502.0,No
CUST-05805,Male,1,No,Yes,8,Yes,Yes,DSL,Yes,No,No,Yes,Yes,Yes,Month-to-month,No,Electronic check,30.58,238.26,Yes
CUST-05806,Male,1,No,Yes,14,Yes,Yes,Fiber optic,No,No,No,Yes,No,No,Month-to-month,No,Credit card (automatic),83.59,1158.94,Yes
CUST-05807,Male,0,No,No,57,Yes,Yes,Fiber optic,Yes,No,Yes,Yes,Yes,No,Two year,No,Electronic check,47.23,2556.6,No
CUST-05808,Female,1,Yes,Yes,1,No,No phone service,DSL,Yes,Yes,Yes,Yes,No,Yes,Month-to-month,Yes,Electronic check,90.13,98.75,No
CUST-05809,Female,0,No,Yes,2,Yes,No,Fiber optic,No,No,No,No,Yes,Yes,Month-to-month,No,Credit card (automatic),101.37,196.45,No
CUST-05810,Female,0,No,No,51,Yes,Yes,Fiber optic,No,No,Yes,No,Yes,No,Two year,Yes,Credit card (automatic),58.81,2786.18,No
CUST-05811,Male,1,No,Yes,54,Yes,Yes,Fiber optic,No,No,No,Yes,No,No,Month-to-month,Yes,Mailed check,33.12,1622.98,No
CUST-05812,Male,0,No,No,52,Yes,No,Fiber optic,Yes,Yes,No,Yes,No,No,Month-to-month,Yes,Electronic check,91.22,4562.64,No
CUST-05813,Female,0,Yes,No,71,Yes,No,No,No internet service,No internet service,No internet service,No internet service,No internet service,No internet service,Two year,No,Bank transfer (automatic),23.57,1780.93,No
CUST-05814,Female,0,Yes,No,39,Yes,Yes,Fiber optic,Yes,Yes,No,No,Yes,Yes,Month-to-month,Yes,Credit card (automatic),19.5,721.86,No
CUST-05815,Male,0,Yes,Yes,38,Yes,Yes,No,No internet service,No internet service,No internet service,No internet service,No internet service,No internet service,One year,No,Bank transfer (automatic),105.72,4096.67,No
CUST-05816,Male,0,No,Yes,42,No,No phone service,DSL,No,Yes,Yes,No,Yes,No,One year,Yes,Mailed check,99.68,4596.1,No
CUST-05817,Female,0,Yes,Yes,12,Yes,No,No,No internet service,No internet service,No internet service,No internet service,No internet service,No internet service,Two year,Yes,Bank transfer (automatic),76.2,885.8,No
CUST-05818,Male,0,Yes,Yes,36,Yes,Yes,Fiber optic,Yes,Yes,No,No,Yes,Yes,Two year,Yes,Electronic check,84.54,3114.04,Yes
CUST-05819,Male,0,No,Yes,54,Yes,No,DSL,Yes,Yes,No,No,No,Yes,Month-to-month,Yes,Electronic check,113.26,6237.78,No
CUST-05820,Female,0,No,No,31,No,No phone service,DSL,Yes,No,Yes,Yes,No,No,Month-to-month,Yes,Bank transfer (automatic),24.28,766.88,No
CUST-05821,Male,1,Yes,No,13,Yes,Yes,Fiber optic,Yes,Yes,Yes,Yes,No,No,Month-to-month,No,Bank transfer (automatic),39.66,562.33,Yes
CUST-05822,Female,0,Yes,No,64,Yes,Yes,DSL,No,Yes,Yes,Yes,Yes,No,Month-to-month,Yes,Electronic check,90.92,6151.64,No
CUST-05823,Male,0,Yes,No,26,Yes,No,DSL,Yes,Yes,Yes,Yes,No,Yes,One year,Yes,Credit card (automatic),44.4,1041.0,No
CUST-05824,Female,0,Yes,No,23,Yes,No,Fiber optic,No,Yes,No,No,Yes,No,Month-to-month,Yes,Electronic check,38.73,806.68,Yes
CUST-05825,Male,0,No,No,21,Yes,Yes,Fiber optic,No,Yes,No,No,No,No,Month-to-month,No,Credit card (automatic),62.22,1186.42,No
CUST-05826,Female,1,No,Yes,44,Yes,Yes,Fiber optic,No,Yes,Yes,No,Yes,Yes,One year,Yes,Electronic check,90.37,3868.6,Yes
CUST-05827,Female,0,No,No,7,Yes,Yes,Fiber optic,Yes,No,No,No,Yes,No,One year,No,Bank transfer (automatic),39.05,270.05,No
CUST-05828,Female,0,No,No,66,Yes,No,No,No internet service,No internet service,No internet service,No internet service,No internet service,No internet service,Two year,No,Bank transfer (automatic),60.95,4269.86,No
CUST-05829,Female,0,No,Yes,63,No,No phone service,No,No internet service,No internet service,No internet service,No internet service,No internet service,No internet service,Month-to-month,No,Electronic check,69.88,4522.44,No
CUST-05830,Male,0,Yes,No,46,Yes,Yes,DSL,Yes,Yes,No,Yes,Yes,Yes,One year,No,Credit card (automatic),35.22,1782.12,No
CUST-05831,Male,0,No,No,20,Yes,No,No,No internet service,No internet service,No internet service,No internet service,No internet service,No internet service,Two year,Yes,Credit card (automatic),65.68,1390.85,No
CUST-05832,Female,0,No,Yes,31,Yes,No,DSL,No,No,No,No,Yes,No,Month-to-month,Yes,Credit card (automatic),104.59,3484.48,No
CUST-05833,Male,0,Yes,No,44,Yes,Yes,Fiber optic,Yes,Yes,Yes,No,No,Yes,Month-to-month,No,Bank transfer (automatic),92.61,3815.67,No
CUST-05834,Male,0,No,No,43,Yes,No,No,No internet service,No internet service,No internet service,No internet service,No internet service,No internet service,Month-to-month,No,Mailed check,68.34,3021.74,Yes
CUST-05835,Male,0,Yes,No,40,No,No phone service,Fiber optic,Yes,Yes,No,No,No,No,Two year,Yes,Bank transfer (automatic),30.53,1135.48,No
CUST-05836,Male,0,No,No,51,Yes,No,No,No internet service,No internet service,No internet service,No internet service,No internet service,No internet service,Month-to-month,Yes,Credit card (automatic),20.34,1073.64,No
CUST-05837,Male,0,No,No,10,Yes,No,No,No internet service,No internet service,No internet service,No internet service,No internet service,No internet service,Two year,Yes,Bank transfer (automatic),24.72,262.51,No
CUST-05838,Female,0,No,No,17,Yes,No,No,No internet service,No internet service,No internet service,No internet service,No internet service,No internet service,Month-to-month,Yes,Electronic check,93.02,1518.17,Yes
CUST-05839,Female,0,Yes,Yes,10,Yes,No,Fiber optic,Yes,Yes,Yes,Yes,No,Yes,Month-to-month,Yes,Bank transfer (automatic),88.44,825.54,No
CUST-05840,Female,0,No,No,26,Yes,No,No,No internet service,No internet service,No internet service,No internet service,No internet service,No internet service,Month-to-month,Yes,Electronic check,92.61,2281.4,No
CUST-05841,Female,0,Yes,No,42,Yes,No,DSL,No,Yes,No,No,No,Yes,Month-to-month,No,Bank transfer (automatic),48.72,2173.49,No
CUST-05842,Male,0,No,Yes,64,Yes,Yes,Fiber optic,No,Yes,No,Yes,Yes,Yes,Month-to-month,Yes,Bank transfer (automatic),26.99,1743.62,Yes
CUST-05843,Male,0,No,No,53,Yes,Yes,Fiber optic,No,Yes,Yes,Yes,No,Yes,Two year,No,Bank transfer (automatic),89.43,4774.36,No
CUST-05844,Female,0,Yes,No,28,No,No phone service,No,No internet service,No internet service,No internet service,No internet service,No internet service,No internet service,Month-to-month,Yes,Credit card (automatic),110.25,3134.39,Yes
CUST-05845,Male,0,Yes,Yes,20,Yes,No,DSL,Yes,No,No,Yes,Yes,Yes,One year,Yes,Electronic check,63.22,1262.46,No
CUST-05846,Male,0,No,No,28,Yes,Yes,No,No internet service,No internet service,No internet service,No internet service,No internet service,No internet service,Month-to-month,No,Bank transfer (automatic),94.43,2836.21,No
CUST-05847,Female,0,Yes,Yes,8,No,No phone service,No,No internet service,No internet service,No internet service,No internet service,No internet service,No internet service,Two year,Yes,Credit card (automatic),90.81,727.56,No
CUST-05848,Male,0,No,No,60,Yes,Yes,No,No internet service,No internet service,No internet service,No internet service,No internet service,No internet service,Two year,Yes,Bank transfer (automatic),103.37,6321.24,No
CUST-05849,Female,0,No,No,61,Yes,Yes,DSL,Yes,No,Yes,Yes,No,No,Month-to-month,Yes,Mailed check,20.84,1393.23,No
CUST-05850,Female,0,Yes,Yes,70,Yes,Yes,No,No internet service,No internet service,No internet service,No internet service,No internet service,No internet service,Two year,No,Electronic check,113.53,7876.09,No
CUST-05851,Male,1,Yes,No,4,Yes,No,Fiber optic,No,Yes,No,Yes,Yes,Yes,One year,Yes,Credit card (automatic),104.54,391.99,No
CUST-05852,Male,0,Yes,No,14,Yes,No,DSL,No,Yes,Yes,No,Yes,No,Month-to-month,No,Electronic check,105.65,1497.73,Yes
CUST-05853,Female,0,No,No,56,Yes,Yes,No,No internet service,No internet service,No internet service,No internet service,No internet service,No internet service,Two year,No,Credit card (automatic),117.64,6857.44,No
CUST-05854,Female,0,Yes,Yes,4,Yes,No,DSL,No,Yes,No,Yes,Yes,Yes,Two year,Yes,Credit card (automatic),81.95,303.23,No
CUST-05855,Male,0,No,Yes,19,Yes,Yes,Fiber optic,No,Yes,Yes,No,Yes,No,Month-to-month,Yes,Bank transfer (automatic),26.17,463.62,No
CUST-05856,Female,0,Yes,No,3,Yes,Yes,DSL,Yes,No,Yes,Yes,Yes,No,Month-to-month,Yes,Bank transfer (automatic),100.28,272.22,Yes
CUST-05857,Female,1,Yes,No,55,Yes,No,DSL,Yes,No,Yes,No,No,No,One year,No,Mailed check,31.49,1816.6,No
CUST-05858,Female,0,Yes,No,33,Yes,No,Fiber optic,No,No,No,No,Yes,Yes,Month-to-month,Yes,Credit card (automatic),91.79,2848.62,Yes
CUST-05859,Male,0,Yes,No,39,Yes,No,No,No internet service,No internet service,No internet service,No internet service,No internet service,No internet service,Month-to-month,No,Electronic check,60.4,2544.56,Yes
CUST-05860,Female,0,Yes,No,68,Yes,No,No,No internet service,No internet service,No internet service,No internet service,No internet service,No internet service,Month-to-month,Yes,Credit card (automatic),18.66,1272.8,Yes
CUST-05861,Male,1,No,Yes,67,Yes,Yes,Fiber optic,Yes,No,No,No,No,Yes,Month-to-month,Yes,Mailed check,61.58,4501.51,No
CUST-05862,Female,0,Yes,Yes,21,Yes,No,Fiber optic,Yes,No,No,Yes,No,Yes,Month-to-month,Yes,Electronic check,97.67,2003.1,No
CUST-05863,Male,0,Yes,No,13,Yes,Yes,DSL,No,Yes,No,Yes,Yes,Yes,Month-to-month,No,Mailed check,26.74,379.31,No
CUST-05864,Female,0,No,No,67,Yes,No,Fiber optic,Yes,No,Yes,No,Yes,Yes,Month-to-month,Yes,Bank transfer (automatic),18.22,1337.35,No
CUST-05865,Male,1,No,No,7,Yes,No,No,No internet service,No internet service,No internet service,No internet service,No internet service,No internet service,Month-to-month,No,Electronic check,63.28,410.18,No
CUST-05866,Male,0,No,No,66,Yes,Yes,DSL,No,No,No,No,No,Yes,Month-to-month,Yes,Credit card (automatic),18.15,1108.04,No
CUST-05867,Male,0,No,No,45,Yes,Yes,DSL,No,Yes,Yes,Yes,No,Yes,Two year,No,Electronic check,111.47,4939.41,No
CUST-05868,Female,0,Yes,No,28,Yes,Yes,No,No internet service,No internet service,No internet service,No internet service,No internet service,No internet service,Month-to-month,No,Bank transfer (automatic),100.49,2765.26,No
CUST-05869,Female,0,Yes,Yes,11,Yes,No,Fiber optic,Yes,Yes,No,No,No,No,Two year,Yes,Electronic check,81.01,917.83,No
CUST-05870,Female,0,No,No,51,Yes,Yes,DSL,No,No,No,Yes,No,Yes,Month-to-month,Yes,Bank transfer (automatic),19.73,928.28,Yes
CUST-05871,Male,0,Yes,No,57,No,No phone service,No,No internet service,No internet service,No internet service,No internet service,No internet service,No internet service,Month-to-month,Yes,Bank transfer (automatic),74.98,4492.96,Yes
CUST-05872,Female,0,No,No,1,Yes,Yes,DSL,Yes,Yes,Yes,Yes,Yes,Yes,Two year,Yes,Mailed check,85.11,80.43,No
CUST-05873,Male,0,No,No,0,No,No phone service,No,No internet service,No internet service,No internet service,No internet service,No internet service,No internet service,Month-to-month,Yes,Bank transfer (automatic),76.74,0.0,Yes
CUST-05874,Female,0,Yes,No,54,Yes,No,Fiber optic,No,Yes,Yes,Yes,No,Yes,One year,No,Credit card (automatic),112.69,6443.71,No
CUST-05875,Male,0,Yes,No,33,Yes,No,Fiber optic,No,Yes,Yes,No,No,Yes,Month-to-month,Yes,Electronic check,101.13,3057.15,No
CUST-05876,Male,0,No,Yes,63,Yes,Yes,Fiber optic,No,No,Yes,Yes,No,No,Month-to-month,No,Electronic check,54.51,3579.46,Yes
CUST-05877,Male,0,Yes,No,67,Yes,Yes,DSL,No,Yes,No,Yes,No,No,Two year,Yes,Credit card (automatic),87.48,5405.33,No
CUST-05878,Female,0,No,No,11,Yes,No,Fiber optic,Yes,No,No,Yes,No,No,Month-to-month,No,Electronic check,64.11,739.07,Yes
CUST-05879,Female,0,No,Yes,49,Yes,No,DSL,Yes,No,No,Yes,No,Yes,Month-to-month,No,Bank transfer (automatic),110.83,5746.23,Yes
CUST-05880,Female,0,No,Yes,20,Yes,Yes,DSL,No,Yes,Yes,No,Yes,Yes,Two year,No,Bank transfer (automatic),79.81,1623.23,No
CUST-05881,Male,1,No,No,9,Yes,Yes,Fiber optic,No,Yes,Yes,No,Yes,No,Month-to-month,Yes,Electronic check,76.21,665.56,Yes
CUST-05882,Male,0,Yes,Yes,69,Yes,No,Fiber optic,No,Yes,No,No,No,Yes,Month-to-month,Yes,Mailed check,68.07,4449.05,No
CUST-05883,Female,0,No,No,13,Yes,Yes,Fiber optic,No,Yes,No,Yes,No,No,Month-to-month,Yes,Bank transfer (automatic),55.77,769.8,No
CUST-05884,Female,0,No,No,39,Yes,Yes,Fiber optic,No,No,Yes,Yes,Yes,Yes,Month-to-month,No,Electronic check,32.81,1178.96,Yes
CUST-05885,Female,0,No,No,29,No,No phone service,Fiber optic,No,No,No,No,No,No,Two year,Yes,Electronic check,45.39,1441.22,No
CUST-05886,Male,0,Yes,No,13,Yes,Yes,DSL,Yes,No,No,No,Yes,Yes,One year,No,Electronic check,51.25,703.44,No
CUST-05887,Male,0,No,No,51,Yes,No,No,No internet service,No internet service,No internet service,No internet service,No internet service,No internet service,Month-to-month,Yes,Credit card (automatic),33.4,1768.26,No
CUST-05888,Male,0,No,No,16,Yes,No,DSL,No,No,Yes,Yes,No,Yes,Month-to-month,No,Electronic check,99.27,1743.54,Yes
CUST-05889,Male,0,Yes,No,61,Yes,Yes,Fiber optic,No,No,No,No,No,No,Month-to-month,Yes,Electronic check,18.22,1153.37,Yes
CUST-05890,Male,0,No,No,21,Yes,No,Fiber optic,No,No,Yes,Yes,No,No,Month-to-month,No,Electronic check,109.58,2118.91,Yes
CUST-05891,Female,0,No,Yes,52,Yes,No,Fiber optic,No,Yes,Yes,Yes,Yes,No,One year,Yes,Electronic check,30.83,1546.28,No
CUST-05892,Male,0,No,Yes,31,Yes,No,Fiber optic,Yes,Yes,No,Yes,No,No,One year,Yes,Mailed check,23.1,728.33,Yes
CUST-05893,Male,0,No,Yes,54,Yes,Yes,No,No internet service,No internet service,No internet service,No internet service,No internet service,No internet service,Two year,No,Credit card (automatic),117.52,6441.79,No
CUST-05894,Male,1,Yes,No,21,Yes,Yes,Fiber optic,No,Yes,No,No,No,No,Month-to-month,Yes,Electronic check,117.98,2234.81,Yes
CUST-05895,Male,0,Yes,No,37,Yes,Yes,Fiber optic,Yes,No,Yes,Yes,Yes,No,One year,No,Credit card (automatic),37.18,1309.62,No
CUST-05896,Male,0,Yes,No,49,Yes,No,Fiber optic,No,Yes,No,Yes,Yes,Yes,Month-to-month,Yes,Electronic check,31.38,1610.29,Yes
CUST-05897,Female,0,No,No,65,Yes,No,Fiber optic,Yes,No,Yes,Yes,Yes,Yes,Two year,No,Bank transfer (automatic),37.78,2534.09,No
CUST-05898,Male,0,Yes,No,44,Yes,Yes,Fiber optic,Yes,Yes,Yes,Yes,Yes,No,Month-to-month,No,Electronic check,69.13,3283.56,No
CUST-05899,Male,0,Yes,No,7,Yes,Yes,DSL,No,No,Yes,No,No,No,One year,No,Electronic check,50.12,383.13,No
CUST-05900,Male,0,No,No,64,Yes,No,Fiber optic,No,Yes,No,No,No,No,Two year,Yes,Mailed check,51.64,3549.21,No
CUST-05901,Female,0,Yes,No,39,Yes,Yes,DSL,Yes,No,Yes,Yes,Yes,Yes,Month-to-month,Yes,Mailed check,98.96,3900.46,No
CUST-05902,Female,0,Yes,No,4,Yes,No,Fiber optic,Yes,No,Yes,No,No,Yes,One year,No,Mailed check,107.02,431.76,No
CUST-05903,Female,1,Yes,Yes,44,Yes,Yes,Fiber optic,Yes,Yes,Yes,No,No,No,Month-to-month,Yes,Credit card (automatic),114.98,4927.07,Yes
CUST-05904,Male,0,No,No,45,Yes,Yes,No,No internet service,No internet service,No internet service,No internet service,No internet service,No internet service,Month-to-month,No,Credit card (automatic),69.47,3375.49,Yes
CUST-05905,Female,1,No,No,35,Yes,Yes,Fiber optic,Yes,Yes,No,No,Yes,No,Month-to-month,Yes,Mailed check,42.61,1589.97,No
CUST-05906,Male,0,Yes,No,16,Yes,Yes,Fiber optic,No,Yes,Yes,Yes,Yes,No,Month-to-month,No,Credit card (automatic),73.49,1241.45,No
CUST-05907,Male,0,Yes,Yes,40,Yes,No,Fiber optic,No,Yes,Yes,Yes,Yes,Yes,Month-to-month,Yes,Electronic check,105.11,4438.52,No
CUST-05908,Female,0,No,No,29,Yes,Yes,Fiber optic,Yes,Yes,Yes,No,Yes,Yes,Two year,Yes,Mailed check,21.09,654.28,No
CUST-05909,Male,0,No,No,51,Yes,No,DSL,Yes,Yes,Yes,Yes,Yes,No,Month-to-month,Yes,Electronic check,109.12,6031.36,No
CUST-05910,Male,1,No,No,19,Yes,No,DSL,Yes,Yes,No,No,Yes,No,Month-to-month,Yes,Electronic check,40.65,821.94,No
CUST-05911,Male,0,No,Yes,35,Yes,Yes,Fiber optic,No,No,Yes,No,Yes,Yes,Month-to-month,No,Mailed check,49.05,1824.92,No
CUST-05912,Female,0,Yes,No,65,Yes,No,No,No internet service,No internet service,No internet service,No internet service,No internet service,No internet service,Month-to-month,Yes,Mailed check,54.41,3650.05,No
CUST-05913,Male,1,No,No,44,Yes,No,Fiber optic,No,Yes,No,No,Yes,No,One year,No,Mailed check,109.38,4772.4,Yes
CUST-05914,Male,0,Yes,Yes,3,Yes,Yes,Fiber optic,Yes,No,No,No,No,Yes,Two year,Yes,Electronic check,35.6,107.89,No
CUST-05915,Female,0,No,No,49,Yes,Yes,DSL,Yes,No,Yes,No,Yes,Yes,Month-to-month,No,Electronic check,40.3,1988.65,No
CUST-05916,Male,0,No,Yes,54,Yes,Yes,Fiber optic,No,Yes,No,Yes,Yes,Yes,One year,No,Bank transfer (automatic),91.11,5238.95,No
CUST-05917,Male,0,No,No,58,No,No phone service,No,No internet service,No internet service,No internet service,No internet service,No internet service,No internet service,One year,Yes,Electronic check,111.47,6162.65,No
CUST-05918,Female,0,No,No,41,No,No phone service,DSL,No,No,No,No,Yes,No,Month-to-month,Yes,Mailed check,28.47,1135.32,No
CUST-05919,Male,0,Yes,No,1,No,No phone service,No,No internet service,No internet service,No internet service,No internet service,No internet service,No internet service,Two year,No,Credit card (automatic),70.22,71.02,No
CUST-05920,Male,0,Yes,No,45,Yes,No,DSL,Yes,No,Yes,No,Yes,No,Month-to-month,Yes,Electronic check,109.45,5402.95,Yes
CUST-05921,Male,0,Yes,No,1,Yes,No,No,No internet service,No internet service,No internet service,No internet service,No internet service,No internet service,Month-to-month,Yes,Mailed check,106.61,106.38,Yes
CUST-05922,Male,0,No,Yes,49,Yes,Yes,Fiber optic,Yes,No,No,No,Yes,Yes,Month-to-month,Yes,Mailed check,112.85,5116.53,No
CUST-05923,Male,1,Yes,No,0,Yes,No,DSL,Yes,Yes,Yes,No,Yes,No,Month-to-month,No,Mailed check,108.21,0.0,Yes
CUST-05924,Female,0,No,Yes,12,Yes,No,DSL,Yes,No,No,No,No,Yes,One year,No,Credit card (automatic),49.47,607.45,No
CUST-05925,Female,0,No,No,69,Yes,No,Fiber optic,Yes,Yes,Yes,Yes,No,No,Month-to-month,Yes,Credit card (automatic),38.8,2862.78,Yes
CUST-05926,Female,0,Yes,Yes,21,Yes,Yes,Fiber optic,Yes,No,Yes,No,Yes,No,Month-to-month,Yes,Bank transfer (automatic),108.15,2432.35,Yes
CUST-05927,Female,0,No,Yes,16,No,No phone service,Fiber optic,Yes,No,Yes,Yes,No,Yes,Month-to-month,Yes,Electronic check,89.2,1358.44,Yes
CUST-05928,Male,0,No,No,58,Yes,Yes,Fiber optic,Yes,Yes,No,Yes,No,No,Month-to-month,No,Credit card (automatic),55.85,2944.75,No
CUST-05929,Male,0,Yes,No,69,Yes,Yes,Fiber optic,No,No,No,Yes,Yes,No,Two year,Yes,Bank transfer (automatic),89.29,6512.21,No
CUST-05930,Male,1,No,No,2,Yes,No,No,No internet service,No internet service,No internet service,No internet service,No internet service,No internet service,Month-to-month,No,Mailed check,48.72,100.41,Yes
CUST-05931,Male,0,No,No,69,Yes,Yes,No,No internet service,No internet service,No internet service,No internet service,No internet service,No internet service,Month-to-month,No,Bank transfer (automatic),76.13,4876.19,Yes
CUST-05932,Male,0,Yes,No,48,No,No phone service,Fiber optic,No,No,Yes,Yes,Yes,Yes,Two year,No,Bank transfer (automatic),41.33,2176.49,No
CUST-05933,Female,0,Yes,No,49,Yes,Yes,Fiber optic,Yes,No,Yes,No,Yes,No,One year,No,Bank transfer (automatic),74.17,3943.92,No
CUST-05934,Female,0,No,Yes,34,Yes,No,DSL,Yes,No,Yes,No,No,No,Month-to-month,Yes,Electronic check,110.32,3918.26,No
CUST-05935,Male,0,Yes,No,22,No,No phone service,Fiber optic,Yes,Yes,Yes,Yes,No,Yes,Month-to-month,Yes,Credit card (automatic),95.14,1906.26,Yes
CUST-05936,Male,0,No,No,71,Yes,No,No,No internet service,No internet service,No internet service,No internet service,No internet service,No internet service,Two year,Yes,Credit card (automatic),83.61,5595.95,No
CUST-05937,Male,0,Yes,No,6,Yes,Yes,Fiber optic,No,Yes,Yes,No,No,Yes,Two year,Yes,Mailed check,42.6,246.63,No
CUST-05938,Female,1,No,No,49,Yes,Yes,Fiber optic,Yes,No,No,Yes,No,Yes,Two year,Yes,Bank transfer (automatic),24.34,1086.73,No
CUST-05939,Male,0,Yes,No,9,Yes,No,No,No internet service,No internet service,No internet service,No internet service,No internet service,No internet service,Two year,No,Bank transfer (automatic),89.06,854.02,No
CUST-05940,Male,0,Yes,No,54,Yes,No,DSL,Yes,No,Yes,Yes,No,No,One year,Yes,Mailed check,75.61,3737.21,No
CUST-05941,Male,0,No,Yes,18,Yes,No,No,No internet service,No internet service,No internet service,No internet service,No internet service,No internet service,Two year,Yes,Credit card (automatic),39.26,665.04,No
CUST-05942,Female,0,Yes,Yes,22,No,No phone service,DSL,No,No,No,No,No,Yes,One year,Yes,Electronic check,111.48,2363.74,No
CUST-05943,Male,0,Yes,Yes,63,Yes,Yes,DSL,No,No,No,No,Yes,No,Month-to-month,Yes,Mailed check,73.2,4456.59,No
CUST-05944,Female,0,No,Yes,32,Yes,No,Fiber optic,Yes,Yes,No,Yes,Yes,No,Month-to-month,Yes,Mailed check,75.19,2293.04,Yes
CUST-05945,Female,0,Yes,No,65,Yes,No,No,No internet service,No internet service,No internet service,No internet service,No internet service,No internet service,Month-to-month,No,Electronic check,47.88,3410.1,No
CUST-05946,Female,0,Yes,Yes,8,Yes,No,No,No internet service,No internet service,No internet service,No internet service,No internet service,No internet service,Month-to-month,Yes,Credit card (automatic),105.94,925.63,No
CUST-05947,Female,0,Yes,No,28,No,No phone service,Fiber optic,Yes,No,No,No,Yes,Yes,Month-to-month,No,Mailed check,107.14,3072.1,No
CUST-05948,Female,0,No,No,17,Yes,Yes,Fiber optic,Yes,Yes,No,Yes,No,No,Month-to-month,Yes,Bank transfer (automatic),89.51,1407.58,No
CUST-05949,Female,0,Yes,Yes,70,Yes,No,Fiber optic,No,Yes,Yes,Yes,Yes,Yes,One year,Yes,Electronic check,27.93,2035.91,No
CUST-05950,Male,0,No,No,28,Yes,No,Fiber optic,Yes,No,No,Yes,No,No,Two year,Yes,Credit card (automatic),26.44,810.71,No
CUST-05951,Male,0,No,No,60,Yes,Yes,No,No internet service,No internet service,No internet service,No internet service,No internet service,No internet service,Month-to-month,Yes,Mailed check,64.94,4284.74,Yes
CUST-05952,Male,0,Yes,Yes,4,Yes,No,No,No internet service,No internet service,No internet service,No internet service,No internet service,No internet service,Month-to-month,No,Electronic check,32.21,131.84,Yes
CUST-05953,Female,0,No,No,68,Yes,Yes,No,No internet service,No internet service,No internet service,No internet service,No internet service,No internet service,One year,Yes,Bank transfer (automatic),51.19,3264.12,No
CUST-05954,Male,0,No,Yes,55,Yes,Yes,Fiber optic,Yes,Yes,Yes,Yes,No,No,One year,Yes,Bank transfer (automatic),35.13,2060.32,No
CUST-05955,Female,0,No,Yes,51,Yes,No,Fiber optic,Yes,Yes,Yes,Yes,No,Yes,One year,No,Credit card (automatic),49.01,2560.88,No
CUST-05956,Female,0,No,No,14,Yes,Yes,DSL,No,No,No,Yes,No,Yes,Two year,No,Electronic check,112.29,1557.01,No
CUST-05957,Female,0,Yes,No,19,Yes,Yes,Fiber optic,No,No,Yes,Yes,Yes,No,Two year,Yes,Electronic check,93.34,1649.31,No
CUST-05958,Male,0,Yes,Yes,15,Yes,Yes,Fiber optic,Yes,Yes,Yes,No,No,No,Month-to-month,No,Electronic check,31.83,452.6,Yes
CUST-05959,Female,0,Yes,Yes,24,No,No phone service,DSL,Yes,Yes,No,No,No,No,Two year,No,Bank transfer (automatic),84.89,2069.41,No
CUST-05960,Female,0,No,No,56,Yes,Yes,Fiber optic,No,Yes,Yes,Yes,Yes,No,Two year,Yes,Credit card (automatic),21.05,1122.37,No
CUST-05961,Male,0,No,No,20,Yes,Yes,Fiber optic,Yes,Yes,Yes,No,No,No,Two year,No,Bank transfer (automatic),116.36,2316.9,No
CUST-05962,Male,0,Yes,Yes,4,Yes,No,Fiber optic,Yes,No,Yes,No,Yes,Yes,Month-to-month,No,Bank transfer (automatic),71.17,296.95,Yes
CUST-05963,Female,0,No,No,8,Yes,Yes,DSL,No,Yes,No,No,No,No,Two year,Yes,Credit card (automatic),68.54,601.77,Yes
CUST-05964,Female,0,Yes,No,10,Yes,Yes,Fiber optic,Yes,Yes,Yes,No,Yes,Yes,Month-to-month,Yes,Bank transfer (automatic),42.03,381.96,Yes
CUST-05965,Male,0,No,Yes,64,Yes,Yes,Fiber optic,Yes,Yes,No,Yes,Yes,No,Two year,No,Credit card (automatic),63.78,4324.2,No
CUST-05966,Male,0,Yes,No,62,Yes,Yes,No,No internet service,No internet service,No internet service,No internet service,No internet service,No internet service,One year,Yes,Credit card (automatic),70.62,4052.57,No
CUST-05967,Male,0,Yes,No,25,Yes,Yes,DSL,No,No,No,No,Yes,No,Month-to-month,No,Mailed check,83.82,2281.38,No
CUST-05968,Female,0,Yes,No,18,Yes,No,Fiber optic,Yes,No,No,No,No,Yes,Two year,Yes,Bank transfer (automatic),22.59,428.57,No
CUST-05969,Male,0,No,No,15,Yes,Yes,DSL,Yes,No,Yes,Yes,No,No,Two year,No,Credit card (automatic),52.22,767.3,No
CUST-05970,Male,0,Yes,No,55,Yes,Yes,DSL,No,No,No,Yes,Yes,No,Month-to-month,No,Electronic check,56.7,3126.35,Yes
CUST-05971,Male,0,No,Yes,67,Yes,No,DSL,No,Yes,Yes,Yes,No,No,One year,Yes,Credit card (automatic),32.92,2283.59,No
CUST-05972,Female,0,No,Yes,29,Yes,Yes,DSL,No,No,Yes,Yes,No,No,Month-to-month,No,Electronic check,41.98,1232.28,No
CUST-05973,Male,0,Yes,No,6,Yes,No,No,No internet service,No internet service,No internet service,No internet service,No internet service,No internet service,Month-to-month,Yes,Credit card (automatic),41.67,274.02,Yes
CUST-05974,Male,0,Yes,No,11,Yes,No,No,No internet service,No internet service,No internet service,No internet service,No internet service,No internet service,Month-to-month,Yes,Mailed check,99.04,1198.08,No
CUST-05975,Male,0,No,No,23,Yes,Yes,Fiber optic,Yes,No,No,No,No,No,One year,No,Mailed check,86.72,1817.86,No
CUST-05976,Male,0,No,No,21,Yes,No,Fiber optic,Yes,No,Yes,Yes,Yes,No,Month-to-month,Yes,Credit card (automatic),110.27,2421.21,No
CUST-05977,Male,0,Yes,No,46,Yes,No,DSL,Yes,No,No,Yes,No,No,Month-to-month,No,Mailed check,48.99,2364.77,No
CUST-05978,Female,0,Yes,No,29,Yes,Yes,Fiber optic,No,No,No,No,Yes,Yes,Month-to-month,Yes,Electronic check,106.17,3257.59,Yes
CUST-05979,Female,0,No,No,59,Yes,Yes,DSL,No,No,Yes,No,No,Yes,Month-to-month,Yes,Mailed check,104.38,6672.13,No
CUST-05980,Female,0,Yes,No,38,Yes,No,DSL,No,No,Yes,No,No,No,One year,No,Mailed check,62.8,2430.96,No
CUST-05981,Male,1,Yes,Yes,19,Yes,No,DSL,Yes,Yes,Yes,Yes,Yes,Yes,Month-to-month,Yes,Electronic check,80.97,1462.91,No
CUST-05982,Female,1,Yes,No,25,No,No phone service,Fiber optic,Yes,Yes,Yes,Yes,No,No,One year,Yes,Electronic check,77.8,2011.78,No
CUST-05983,Female,0,Yes,No,48,Yes,Yes,DSL,No,Yes,No,No,No,No,Month-to-month,Yes,Bank transfer (automatic),48.78,2258.53,No
CUST-05984,Female,1,No,No,68,Yes,Yes,Fiber optic,Yes,Yes,Yes,No,Yes,Yes,Month-to-month,No,Mailed check,44.21,2911.6,Yes
CUST-05985,Male,0,No,No,41,Yes,Yes,DSL,No,No,No,Yes,Yes,No,One year,Yes,Electronic check,34.9,1463.23,No
CUST-05986,Male,0,Yes,Yes,5,Yes,Yes,No,No internet service,No internet service,No internet service,No internet service,No internet service,No internet service,One year,Yes,Mailed check,101.77,487.38,No
CUST-05987,Female,0,Yes,No,52,Yes,No,DSL,Yes,No,Yes,Yes,No,Yes,Month-to-month,Yes,Credit card (automatic),71.35,3854.53,Yes
CUST-05988,Female,0,No,No,33,Yes,No,DSL,No,No,Yes,Yes,Yes,Yes,Two year,No,Bank transfer (automatic),51.84,1831.54,No
CUST-05989,Male,0,No,No,68,No,No phone service,Fiber optic,No,No,No,Yes,No,No,Two year,No,Mailed check,69.0,5147.57,No
CUST-05990,Male,1,No,No,9,Yes,No,No,No internet service,No internet service,No internet service,No internet service,No internet service,No internet service,Month-to-month,Yes,Mailed check,26.06,218.99,Yes
CUST-05991,Female,0,No,Yes,27,Yes,Yes,No,No internet service,No internet service,No internet service,No internet service,No internet service,No internet service,Month-to-month,No,Bank transfer (automatic),28.6,765.3,No
CUST-05992,Male,0,No,No,2,Yes,No,Fiber optic,No,Yes,Yes,Yes,Yes,No,One year,No,Mailed check,93.94,196.92,No
CUST-05993,Female,0,Yes,No,47,Yes,No,DSL,Yes,No,No,Yes,Yes,No,One year,Yes,Bank transfer (automatic),108.12,5160.29,No
CUST-05994,Male,0,Yes,No,65,Yes,No,DSL,Yes,Yes,Yes,Yes,Yes,No,Month-to-month,Yes,Credit card (automatic),50.03,2968.77,No
CUST-05995,Female,0,No,No,34,Yes,Yes,No,No internet service,No internet service,No internet service,No internet service,No internet service,No internet service,Two year,No,Bank transfer (automatic),58.92,1942.4,No
CUST-05996,Female,0,No,No,51,Yes,Yes,No,No internet service,No internet service,No internet service,No internet service,No internet service,No internet service,Month-to-month,No,Credit card (automatic),55.37,2989.76,No
CUST-05997,Male,0,Yes,Yes,61,Yes,Yes,Fiber optic,No,Yes,No,Yes,Yes,Yes,Month-to-month,No,Bank transfer (automatic),65.9,4014.13,No
CUST-05998,Female,0,No,No,51,Yes,Yes,Fiber optic,No,No,Yes,No,No,Yes,Month-to-month,Yes,Mailed check,59.4,3147.17,No
CUST-05999,Female,0,No,Yes,46,Yes,No,Fiber optic,Yes,Yes,No,Yes,No,No,Month-to-month,Yes,Mailed check,56.62,2677.72,No
CUST-06000,Female,0,Yes,No,53,Yes,No,Fiber optic,No,No,Yes,Yes,Yes,No,Month-to-month,Yes,Electronic check,83.99,4846.18,No
CUST-06001,Male,1,Yes,Yes,27,No,No phone service,Fiber optic,No,Yes,Yes,Yes,No,No,Month-to-month,No,Mailed check,45.21,1308.11,Yes
CUST-06002,Male,0,Yes,Yes,22,Yes,No,DSL,Yes,No,No,No,Yes,No,Month-to-month,No,Mailed check,112.26,2392.57,No
CUST-06003,Male,0,Yes,No,34,Yes,No,DSL,Yes,Yes,No,No,Yes,No,Two year,Yes,Bank transfer (automatic),48.85,1660.14,No
CUST-06004,Female,0,No,No,31,Yes,No,Fiber optic,No,No,Yes,Yes,Yes,Yes,Month-to-month,No,Bank transfer (automatic),39.46,1217.48,Yes
CUST-06005,Male,0,Yes,No,1,Yes,No,No,No internet service,No internet service,No internet service,No internet service,No internet service,No internet service,One year,Yes,Credit card (automatic),115.19,110.1,No
CUST-06006,Female,1,No,No,15,No,No phone service,Fiber optic,Yes,No,Yes,No,No,Yes,Two year,Yes,Mailed check,40.88,628.05,Yes
CUST-06007,Female,0,No,No,15,Yes,Yes,Fiber optic,No,Yes,Yes,Yes,Yes,No,Month-to-month,No,Mailed check,71.67,1023.56,Yes
CUST-06008,Male,0,No,No,50,Yes,No,No,No internet service,No internet service,No internet service,No internet service,No internet service,No internet service,One year,Yes,Credit card (automatic),50.89,2371.31,No
CUST-06009,Male,0,No,No,66,Yes,No,Fiber optic,Yes,No,Yes,Yes,Yes,No,Month-to-month,No,Mailed check,25.75,1567.04,No
CUST-06010,Female,1,Yes,No,53,Yes,Yes,DSL,No,Yes,Yes,Yes,No,No,Month-to-month,No,Electronic check,113.29,5747.94,No
CUST-06011,Female,0,No,No,19,Yes,No,DSL,Yes,No,Yes,Yes,Yes,Yes,Month-to-month,No,Electronic check,55.43,1047.53,No
CUST-06012,Male,0,No,No,32,Yes,No,No,No internet service,No internet service,No internet service,No internet service,No internet service,No internet service,Month-to-month,No,Credit card (automatic),82.48,2436.48,Yes
CUST-06013,Male,0,No,No,7,Yes,Yes,Fiber optic,Yes,No,Yes,Yes,No,No,Two year,No,Bank transfer (automatic),104.23,755.26,No
CUST-06014,Male,0,Yes,Yes,23,No,No phone service,No,No internet service,No internet service,No internet service,No internet service,No internet service,No internet service,One year,No,Credit card (automatic),73.3,1810.74,No
CUST-06015,Female,0,Yes,No,52,Yes,No,Fiber optic,No,No,Yes,No,No,No,Two year,Yes,Mailed check,89.29,4575.37,No
CUST-06016,Female,0,Yes,Yes,63,Yes,Yes,Fiber optic,Yes,Yes,Yes,No,Yes,Yes,Two year,No,Bank transfer (automatic),96.46,6530.63,No
CUST-06017,Female,0,Yes,No,57,Yes,Yes,DSL,No,Yes,Yes,No,Yes,Yes,Two year,No,Electronic check,56.15,2977.14,No
CUST-06018,Female,0,Yes,Yes,36,Yes,Yes,No,No internet service,No internet service,No internet service,No internet service,No internet service,No internet service,Month-to-month,No,Credit card (automatic),80.88,2665.65,No
CUST-06019,Female,0,No,No,11,Yes,Yes,DSL,Yes,No,Yes,No,Yes,No,One year,Yes,Electronic check,38.6,451.25,No
CUST-06020,Male,0,Yes,Yes,3,Yes,No,No,No internet service,No internet service,No internet service,No internet service,No internet service,No internet service,Two year,Yes,Electronic check,23.53,77.29,Yes
CUST-06021,Male,0,No,No,30,Yes,Yes,DSL,No,No,No,No,No,No,Two year,No,Bank transfer (automatic),116.67,3388.53,Yes
CUST-06022,Female,0,Yes,No,37,Yes,Yes,DSL,No,No,Yes,Yes,No,Yes,Month-to-month,Yes,Electronic check,27.26,1040.35,No
CUST-06023,Female,0,No,No,36,Yes,No,DSL,No,No,Yes,Yes,Yes,Yes,Month-to-month,No,Mailed check,60.87,2259.04,Yes
CUST-06024,Male,0,Yes,No,13,Yes,Yes,No,No internet service,No internet service,No internet service,No internet service,No internet service,No internet service,One year,Yes,Bank transfer (automatic),24.74,333.55,No
CUST-06025,Male,0,No,No,23,Yes,Yes,DSL,Yes,No,No,Yes,No,Yes,One year,Yes,Credit card (automatic),110.27,2572.87,No
CUST-06026,Male,0,Yes,No,9,Yes,Yes,Fiber optic,Yes,Yes,No,Yes,Yes,No,Month-to-month,Yes,Electronic check,28.92,247.6,Yes
CUST-06027,Male,0,No,No,37,Yes,No,DSL,No,Yes,No,Yes,No,No,Two year,Yes,Bank transfer (automatic),96.65,3276.26,No
CUST-06028,Female,0,No,No,42,Yes,Yes,DSL,No,No,No,Yes,Yes,No,One year,No,Bank transfer (automatic),89.57,3396.0,No
CUST-06029,Male,0,No,No,36,Yes,Yes,Fiber optic,No,No,Yes,Yes,No,Yes,Month-to-month,Yes,Bank transfer (automatic),22.5,758.21,No
CUST-06030,Female,0,No,No,41,Yes,Yes,No,No internet service,No internet service,No internet service,No internet service,No internet service,No internet service,Month-to-month,Yes,Credit card (automatic),90.13,3414.47,No
CUST-06031,Male,0,No,No,31,Yes,Yes,No,No internet service,No internet service,No internet service,No internet service,No internet service,No internet service,Month-to-month,Yes,Electronic check,114.93,3233.78,Yes
CUST-06032,Male,0,No,No,13,Yes,Yes,DSL,Yes,No,No,No,Yes,Yes,Month-to-month,No,Credit card (automatic),70.1,836.65,Yes
CUST-06033,Male,1,Yes,Yes,3,Yes,Yes,No,No internet service,No internet service,No internet service,No internet service,No internet service,No internet service,Month-to-month,Yes,Electronic check,46.95,128.14,Yes
CUST-06034,Female,0,Yes,No,23,Yes,No,Fiber optic,No,Yes,Yes,Yes,Yes,Yes,Two year,No,Mailed check,72.5,1683.54,No
CUST-06035,Female,0,No,No,9,Yes,Yes,DSL,Yes,Yes,No,Yes,Yes,No,Month-to-month,Yes,Credit card (automatic),30.1,246.91,No
CUST-06036,Male,0,No,No,15,Yes,No,Fiber optic,No,Yes,Yes,Yes,Yes,Yes,Two year,Yes,Mailed check,113.6,1873.1,Yes
CUST-06037,Female,0,No,No,38,Yes,No,DSL,No,Yes,No,No,No,Yes,One year,Yes,Mailed check,54.53,2072.86,No
CUST-06038,Female,0,No,No,17,Yes,No,No,No internet service,No internet service,No internet service,No internet service,No internet service,No internet service,Month-to-month,Yes,Mailed check,63.7,1169.77,No
CUST-06039,Male,1,No,No,24,Yes,No,Fiber optic,Yes,No,No,No,Yes,No,Month-to-month,Yes,Credit card (automatic),58.14,1391.96,Yes
CUST-06040,Male,0,No,Yes,6,No,No phone service,DSL,Yes,No,Yes,No,No,No,One year,Yes,Credit card (automatic),20.79,115.66,No
CUST-06041,Female,0,No,No,55,Yes,Yes,Fiber optic,No,No,No,Yes,No,No,Two year,No,Mailed check,21.44,1259.53,No
CUST-06042,Female,0,Yes,Yes,46,Yes,Yes,Fiber optic,No,Yes,Yes,No,Yes,Yes,Two year,Yes,Bank transfer (automatic),74.24,3235.91,No
CUST-06043,Female,0,No,Yes,2,Yes,Yes,Fiber optic,No,No,No,Yes,No,Yes,One year,Yes,Credit card (automatic),68.23,123.92,No
CUST-06044,Male,0,No,No,0,Yes,Yes,Fiber optic,No,No,Yes,Yes,No,No,Month-to-month,Yes,Mailed check,116.65,0.0,Yes
CUST-06045,Male,0,Yes,No,32,No,No phone service,Fiber optic,No,No,No,No,Yes,Yes,Month-to-month,No,Electronic check,44.32,1446.46,Yes
CUST-06046,Female,0,Yes,Yes,70,Yes,No,Fiber optic,Yes,Yes,Yes,No,Yes,No,Two year,No,Bank transfer (automatic),54.85,3789.33,No
CUST-06047,Male,1,No,No,58,Yes,Yes,Fiber optic,Yes,No,No,No,Yes,Yes,Month-to-month,No,Credit card (automatic),116.79,6315.4,No
CUST-06048,Male,0,Yes,No,71,Yes,Yes,No,No internet service,No internet service,No internet service,No internet service,No internet service,No internet service,Month-to-month,Yes,Mailed check,22.79,1628.77,No
CUST-06049,Female,0,Yes,Yes,31,Yes,No,DSL,Yes,Yes,Yes,Yes,No,No,Month-to-month,Yes,Mailed check,82.26,2781.12,No
CUST-06050,Female,1,Yes,Yes,16,Yes,Yes,Fiber optic,No,No,Yes,No,Yes,Yes,Month-to-month,Yes,Bank transfer (automatic),28.16,470.98,No
CUST-06051,Male,0,No,Yes,16,Yes,No,Fiber optic,Yes,Yes,No,No,No,Yes,Month-to-month,Yes,Credit card (automatic),112.64,1646.98,Yes
CUST-06052,Male,0,No,Yes,20,Yes,Yes,DSL,Yes,Yes,No,Yes,No,Yes,One year,Yes,Bank transfer (automatic),46.81,902.46,No
CUST-06053,Female,0,Yes,No,54,Yes,Yes,No,No internet service,No internet service,No internet service,No internet service,No internet service,No internet service,Two year,Yes,Bank transfer (automatic),99.41,5574.7,No
CUST-06054,Male,0,No,No,5,Yes,No,DSL,Yes,Yes,Yes,No,Yes,No,Month-to-month,No,Credit card (automatic),109.13,506.38,No
CUST-06055,Male,0,No,No,48,Yes,Yes,No,No internet service,No internet service,No internet service,No internet service,No internet service,No internet service,Month-to-month,Yes,Bank transfer (automatic),102.7,4967.71,No
CUST-06056,Female,0,No,Yes,25,Yes,Yes,Fiber optic,No,No,No,Yes,Yes,Yes,One year,No,Mailed check,73.69,1859.24,No
CUST-06057,Female,0,Yes,No,31,Yes,No,Fiber optic,Yes,No,Yes,No,Yes,Yes,Month-to-month,Yes,Bank transfer (automatic),115.34,3281.23,Yes
CUST-06058,Male,0,Yes,No,71,Yes,Yes,No,No internet service,No internet service,No internet service,No internet service,No internet service,No internet service,One year,Yes,Bank transfer (automatic),85.66,6210.95,No
CUST-06059,Male,1,Yes,No,43,Yes,Yes,No,No internet service,No internet service,No internet service,No internet service,No internet service,No internet service,Month-to-month,No,Mailed check,96.61,4486.63,No
CUST-06060,Male,0,Yes,No,58,Yes,Yes,No,No internet service,No internet service,No internet service,No internet service,No internet service,No internet service,Month-to-month,No,Bank transfer (automatic),42.41,2534.42,No
CUST-06061,Female,0,No,No,28,Yes,Yes,Fiber optic,Yes,No,Yes,No,Yes,Yes,Month-to-month,Yes,Electronic check,59.84,1814.75,Yes
CUST-06062,Male,0,No,Yes,16,Yes,No,DSL,No,No,No,No,Yes,No,Month-to-month,Yes,Mailed check,77.82,1273.4,No
CUST-06063,Male,0,No,No,17,Yes,No,No,No internet service,No internet service,No internet service,No internet service,No internet service,No internet service,Month-to-month,Yes,Mailed check,32.58,581.75,No
CUST-06064,Female,0,Yes,No,39,Yes,No,Fiber optic,No,Yes,Yes,No,No,No,Month-to-month,Yes,Bank transfer (automatic),114.57,4819.09,No
CUST-06065,Female,0,Yes,Yes,62,Yes,No,DSL,No,Yes,Yes,No,Yes,No,Month-to-month,Yes,Mailed check,28.97,1782.97,No
CUST-06066,Male,0,No,Yes,44,Yes,No,No,No internet service,No internet service,No internet service,No internet service,No internet service,No internet service,Two year,Yes,Mailed check,91.29,3742.0,No
CUST-06067,Female,0,Yes,Yes,2,Yes,Yes,Fiber optic,No,Yes,Yes,No,No,Yes,Month-to-month,Yes,Mailed check,23.8,43.98,No
CUST-06068,Female,0,Yes,No,2,No,No phone service,Fiber optic,Yes,Yes,Yes,Yes,Yes,No,Month-to-month,Yes,Electronic check,28.26,61.65,No
CUST-06069,Male,0,No,Yes,37,Yes,No,Fiber optic,No,Yes,No,No,Yes,Yes,Two year,Yes,Mailed check,80.33,3000.1,No
CUST-06070,Female,0,Yes,Yes,39,Yes,No,No,No internet service,No internet service,No internet service,No internet service,No internet service,No internet service,Month-to-month,Yes,Electronic check,63.25,2557.08,No
CUST-06071,Female,0,Yes,No,67,Yes,Yes,Fiber optic,Yes,No,No,Yes,Yes,No,Two year,No,Electronic check,18.36,1257.62,No
CUST-06072,Male,0,No,No,53,Yes,No,DSL,No,No,Yes,No,Yes,Yes,Month-to-month,No,Credit card (automatic),57.37,3080.1,No
CUST-06073,Female,0,Yes,Yes,19,Yes,No,Fiber optic,Yes,Yes,No,No,Yes,Yes,One year,No,Mailed check,43.01,826.9,No
CUST-06074,Male,0,No,No,14,Yes,Yes,No,No internet service,No internet service,No internet service,No internet service,No internet service,No internet service,Month-to-month,Yes,Mailed check,105.16,1464.3,Yes
CUST-06075,Male,1,No,No,4,Yes,Yes,Fiber optic,No,No,No,No,No,Yes,Month-to-month,Yes,Bank transfer (automatic),88.81,382.55,No
CUST-06076,Female,0,Yes,No,38,Yes,No,No,No internet service,No internet service,No internet service,No internet service,No internet service,No internet service,Two year,No,Electronic check,91.75,3222.15,No
CUST-06077,Female,0,No,No,39,Yes,No,DSL,No,Yes,Yes,Yes,No,Yes,One year,Yes,Mailed check,113.09,4600.91,No
CUST-06078,Female,0,Yes,No,6,Yes,Yes,Fiber optic,No,No,Yes,No,No,No,Month-to-month,Yes,Mailed check,88.99,553.24,No
CUST-06079,Male,1,Yes,No,71,Yes,No,DSL,Yes,Yes,Yes,No,Yes,Yes,Two year,No,Electronic check,34.06,2206.61,No
CUST-06080,Female,0,Yes,Yes,32,Yes,No,Fiber optic,Yes,No,No,Yes,Yes,No,One year,Yes,Electronic check,111.73,3373.03,No
CUST-06081,Male,0,Yes,No,36,Yes,Yes,Fiber optic,No,Yes,No,No,Yes,Yes,Two year,Yes,Credit card (automatic),29.31,1115.88,No
CUST-06082,Female,0,Yes,No,31,Yes,No,No,No internet service,No internet service,No internet service,No internet service,No internet service,No internet service,Month-to-month,Yes,Credit card (automatic),37.26,1093.56,No
CUST-06083,Female,0,Yes,No,42,Yes,No,DSL,Yes,No,Yes,Yes,No,Yes,Month-to-month,Yes,Credit card (automatic),46.51,1983.79,No
CUST-06084,Female,0,Yes,No,62,Yes,No,DSL,Yes,No,No,No,Yes,No,One year,Yes,Mailed check,35.51,2018.32,No
CUST-06085,Male,0,Yes,No,35,Yes,Yes,DSL,No,No,No,No,No,Yes,Two year,Yes,Credit card (automatic),19.83,655.58,No
CUST-06086,Female,0,Yes,Yes,48,Yes,Yes,DSL,No,Yes,No,Yes,No,No,Two year,Yes,Electronic check,63.92,3308.01,No
CUST-06087,Female,0,No,Yes,24,Yes,Yes,DSL,No,Yes,Yes,No,Yes,Yes,Month-to-month,No,Mailed check,86.8,2025.62,Yes
CUST-06088,Male,0,No,Yes,65,Yes,No,No,No internet service,No internet service,No internet service,No internet service,No internet service,No internet service,Month-to-month,Yes,Mailed check,60.12,4146.86,No
CUST-06089,Male,1,Yes,No,8,Yes,No,Fiber optic,No,Yes,No,Yes,Yes,No,Month-to-month,Yes,Electronic check,41.48,330.41,No
CUST-06090,Female,0,Yes,Yes,17,Yes,No,No,No internet service,No internet service,No internet service,No internet service,No internet service,No internet service,Two year,Yes,Mailed check,106.29,1742.7,No
CUST-06091,Female,0,Yes,No,21,Yes,Yes,DSL,No,No,No,No,Yes,Yes,Two year,Yes,Mailed check,56.83,1209.32,No
CUST-06092,Female,0,No,Yes,14,Yes,No,No,No internet service,No internet service,No internet service,No internet service,No internet service,No internet service,Month-to-month,Yes,Electronic check,101.89,1436.15,Yes
CUST-06093,Male,1,No,No,6,Yes,Yes,DSL,Yes,No,No,Yes,No,No,Month-to-month,Yes,Bank transfer (automatic),35.85,235.96,Yes
CUST-06094,Male,1,Yes,Yes,12,Yes,No,No,No internet service,No internet service,No internet service,No internet service,No internet service,No internet service,One year,No,Credit card (automatic),51.34,596.91,No
CUST-06095,Male,0,Yes,No,35,Yes,No,Fiber optic,Yes,No,No,No,No,Yes,Month-to-month,Yes,Mailed check,98.35,3548.06,Yes
CUST-06096,Male,0,Yes,No,15,Yes,Yes,Fiber optic,Yes,No,Yes,No,No,Yes,One year,No,Mailed check,21.04,327.56,No
CUST-06097,Female,0,No,No,40,No,No phone service,Fiber optic,Yes,No,No,Yes,No,Yes,Month-to-month,No,Electronic check,110.05,4513.23,No
CUST-06098,Male,1,Yes,No,20,Yes,No,No,No internet service,No internet service,No internet service,No internet service,No internet service,No internet service,Two year,Yes,Electronic check,57.66,1148.41,No
CUST-06099,Male,0,No,No,27,Yes,Yes,Fiber optic,No,Yes,No,No,No,Yes,One year,No,Electronic check,115.8,3303.86,No
CUST-06100,Male,0,No,Yes,16,Yes,No,DSL,No,No,No,Yes,Yes,No,Two year,No,Electronic check,88.14,1485.88,No
CUST-06101,Female,0,Yes,Yes,64,Yes,No,Fiber optic,No,Yes,No,No,Yes,Yes,One year,Yes,Electronic check,112.94,7891.76,No
CUST-06102,Female,1,No,Yes,12,Yes,No,No,No internet service,No internet service,No internet service,No internet service,No internet service,No internet service,Month-to-month,Yes,Bank transfer (automatic),24.62,323.62,Yes
CUST-06103,Male,0,Yes,No,35,Yes,No,No,No internet service,No internet service,No internet service,No internet service,No internet service,No internet service,One year,Yes,Bank transfer (automatic),90.2,2977.21,No
CUST-06104,Male,0,No,Yes,57,Yes,Yes,Fiber optic,Yes,Yes,Yes,No,No,No,Month-to-month,Yes,Mailed check,105.55,6202.19,No
CUST-06105,Female,0,No,Yes,19,Yes,No,DSL,Yes,No,Yes,Yes,No,Yes,Month-to-month,Yes,Mailed check,116.76,2376.6,No
CUST-06106,Female,0,Yes,No,51,Yes,Yes,Fiber optic,Yes,Yes,No,Yes,Yes,Yes,Month-to-month,No,Bank transfer (automatic),21.34,1188.97,No
CUST-06107,Female,0,Yes,No,5,Yes,No,No,No internet service,No internet service,No internet service,No internet service,No internet service,No internet service,Month-to-month,Yes,Bank transfer (automatic),26.31,122.15,No
CUST-06108,Female,1,No,No,22,Yes,No,Fiber optic,Yes,No,No,Yes,Yes,Yes,Month-to-month,No,Electronic check,91.17,2185.89,No
CUST-06109,Female,1,No,No,41,No,No phone service,Fiber optic,Yes,Yes,Yes,Yes,Yes,Yes,Month-to-month,Yes,Mailed check,21.89,848.21,No
CUST-06110,Female,1,No,No,23,No,No phone service,Fiber optic,Yes,No,No,No,Yes,No,Two year,Yes,Electronic check,19.14,446.6,No
CUST-06111,Female,0,Yes,No,4,Yes,No,DSL,No,No,No,Yes,Yes,Yes,Month-to-month,Yes,Electronic check,72.51,298.99,No
CUST-06112,Female,0,Yes,Yes,31,Yes,No,No,No internet service,No internet service,No internet service,No internet service,No internet service,No internet service,Two year,Yes,Electronic check,70.95,2366.4,No
CUST-06113,Male,1,Yes,No,45,Yes,Yes,No,No internet service,No internet service,No internet service,No internet service,No internet service,No internet service,One year,Yes,Mailed check,79.35,3787.62,No
CUST-06114,Male,0,Yes,No,16,Yes,Yes,DSL,No,Yes,No,Yes,Yes,No,One year,Yes,Credit card (automatic),19.41,337.55,No
CUST-06115,Male,0,No,Yes,26,Yes,No,No,No internet service,No internet service,No internet service,No internet service,No internet service,No internet service,Two year,Yes,Mailed check,68.33,1878.69,No
CUST-06116,Male,1,No,No,67,Yes,Yes,No,No internet service,No internet service,No internet service,No internet service,No internet service,No internet service,Month-to-month,No,Credit card (automatic),46.67,3026.04,No
CUST-06117,Male,0,No,No,22,Yes,Yes,DSL,Yes,Yes,Yes,No,No,Yes,Two year,No,Electronic check,93.61,1927.14,No
CUST-06118,Male,0,No,Yes,33,Yes,No,Fiber optic,Yes,Yes,Yes,No,No,No,Month-to-month,Yes,Credit card (automatic),52.82,1623.02,No
CUST-06119,Female,0,No,No,20,Yes,Yes,DSL,Yes,Yes,No,No,Yes,No,Two year,No,Mailed check,53.66,984.67,No
CUST-06120,Female,0,Yes,Yes,21,Yes,No,DSL,Yes,No,No,No,Yes,No,Two year,No,Bank transfer (automatic),83.42,1903.32,No
CUST-06121,Male,0,Yes,No,64,Yes,Yes,Fiber optic,Yes,Yes,Yes,Yes,Yes,Yes,Two year,No,Electronic check,84.07,5365.63,No
CUST-06122,Male,0,No,No,31,Yes,Yes,DSL,No,Yes,Yes,Yes,Yes,Yes,Month-to-month,Yes,Electronic check,23.83,807.49,No
CUST-06123,Female,0,No,No,61,Yes,No,No,No internet service,No internet service,No internet service,No internet service,No internet service,No internet service,Month-to-month,Yes,Electronic check,80.6,5186.9,No
CUST-06124,Female,0,No,Yes,27,No,No phone service,No,No internet service,No internet service,No internet service,No internet service,No internet service,No internet service,Month-to-month,No,Electronic check,83.79,2467.65,Yes
CUST-06125,Female,0,No,Yes,6,Yes,No,DSL,Yes,No,Yes,No,Yes,Yes,Month-to-month,Yes,Credit card (automatic),63.75,410.7,No
CUST-06126,Male,0,No,Yes,53,Yes,Yes,DSL,Yes,No,Yes,Yes,No,Yes,Month-to-month,Yes,Electronic check,100.79,5430.9,No
CUST-06127,Female,1,No,Yes,69,Yes,No,DSL,Yes,Yes,No,No,No,No,One year,No,Bank transfer (automatic),18.91,1233.24,No
CUST-06128,Male,0,No,No,13,Yes,No,No,No internet service,No internet service,No internet service,No internet service,No internet service,No internet service,Two year,Yes,Electronic check,114.84,1419.48,No
CUST-06129,Male,0,No,No,54,Yes,No,Fiber optic,No,No,No,No,Yes,Yes,Month-to-month,Yes,Mailed check,55.6,2925.17,No
CUST-06130,Female,0,Yes,No,57,Yes,Yes,Fiber optic,Yes,Yes,Yes,Yes,No,Yes,Month-to-month,No,Mailed check,77.57,4000.83,No
CUST-06131,Female,1,No,No,43,Yes,No,Fiber optic,Yes,No,Yes,Yes,No,No,Two year,No,Bank transfer (automatic),21.43,952.24,No
CUST-06132,Male,0,No,No,45,Yes,No,DSL,Yes,Yes,No,Yes,No,Yes,One year,No,Electronic check,88.89,4044.19,No
CUST-06133,Female,0,Yes,No,13,Yes,Yes,DSL,No,No,No,Yes,No,No,Month-to-month,No,Credit card (automatic),72.37,865.74,Yes
CUST-06134,Female,1,Yes,No,43,Yes,No,DSL,No,No,No,Yes,Yes,Yes,One year,Yes,Bank transfer (automatic),114.04,5222.35,No
CUST-06135,Male,0,No,Yes,40,Yes,No,Fiber optic,No,No,No,Yes,Yes,No,One year,Yes,Bank transfer (automatic),60.25,2565.53,No
CUST-06136,Female,1,Yes,No,1,Yes,No,Fiber optic,No,Yes,Yes,Yes,Yes,Yes,Month-to-month,Yes,Mailed check,90.19,83.31,No
CUST-06137,Male,1,Yes,No,4,Yes,No,DSL,Yes,No,Yes,No,No,Yes,Month-to-month,Yes,Electronic check,25.42,95.66,Yes
CUST-06138,Male,1,No,No,11,Yes,Yes,Fiber optic,Yes,Yes,Yes,Yes,Yes,No,Two year,No,Electronic check,24.45,255.52,No
CUST-06139,Female,0,Yes,No,46,Yes,No,Fiber optic,Yes,Yes,Yes,No,Yes,No,One year,No,Electronic check,112.9,5220.04,No
CUST-06140,Male,0,No,No,34,Yes,No,DSL,No,Yes,Yes,No,No,Yes,Month-to-month,Yes,Bank transfer (automatic),43.33,1604.31,No
CUST-06141,Male,1,No,Yes,18,Yes,No,DSL,Yes,No,Yes,No,Yes,Yes,Month-to-month,No,Credit card (automatic),109.24,2031.32,Yes
CUST-06142,Female,0,No,Yes,62,Yes,No,DSL,Yes,No,Yes,No,No,Yes,Month-to-month,Yes,Electronic check,26.76,1719.21,No
CUST-06143,Female,0,Yes,No,7,Yes,No,DSL,No,No,No,Yes,No,Yes,Two year,No,Bank transfer (automatic),81.77,548.51,No
CUST-06144,Female,0,Yes,No,22,Yes,Yes,Fiber optic,Yes,Yes,Yes,No,Yes,No,Month-to-month,No,Bank transfer (automatic),73.16,1649.48,Yes
CUST-06145,Male,0,No,No,12,Yes,No,DSL,No,Yes,No,No,Yes,Yes,Month-to-month,No,Mailed check,114.62,1296.02,No
CUST-06146,Male,0,No,No,22,Yes,No,No,No internet service,No internet service,No internet service,No internet service,No internet service,No internet service,Month-to-month,Yes,Electronic check,58.4,1339.03,No
CUST-06147,Female,0,Yes,No,30,No,No phone service,DSL,No,Yes,Yes,No,No,No,Two year,Yes,Bank transfer (automatic),22.84,648.87,No
CUST-06148,Male,0,No,No,29,Yes,Yes,Fiber optic,Yes,No,Yes,Yes,No,No,Two year,Yes,Mailed check,65.41,1712.51,No
CUST-06149,Female,0,Yes,Yes,41,Yes,No,No,No internet service,No internet service,No internet service,No internet service,No internet service,No internet service,Month-to-month,Yes,Mailed check,100.42,4136.73,Yes
CUST-06150,Female,0,Yes,Yes,1,Yes,Yes,DSL,No,Yes,No,Yes,Yes,No,Two year,No,Electronic check,23.25,22.31,No
CUST-06151,Male,0,Yes,Yes,10,Yes,No,Fiber optic,No,No,Yes,No,No,No,Month-to-month,Yes,Credit card (automatic),21.62,221.78,Yes
CUST-06152,Female,0,Yes,No,24,Yes,No,DSL,No,No,Yes,No,No,Yes,Month-to-month,Yes,Credit card (automatic),100.18,2522.64,No
CUST-06153,Male,0,Yes,No,28,Yes,Yes,Fiber optic,No,Yes,Yes,Yes,No,No,Month-to-month,No,Mailed check,100.4,2987.62,No
CUST-06154,Male,0,Yes,Yes,21,Yes,No,Fiber optic,Yes,No,Yes,Yes,Yes,No,Month-to-month,Yes,Mailed check,38.0,874.84,Yes
CUST-06155,Female,0,No,Yes,18,Yes,No,DSL,Yes,Yes,Yes,No,No,No,Month-to-month,No,Credit card (automatic),83.75,1524.26,No
CUST-06156,Male,0,No,No,40,Yes,Yes,DSL,Yes,No,Yes,No,No,No,Month-to-month,No,Bank transfer (automatic),24.43,973.78,No
CUST-06157,Female,0,Yes,No,37,Yes,No,No,No internet service,No internet service,No internet service,No internet service,No internet service,No internet service,Month-to-month,No,Mailed check,94.56,3320.68,No
CUST-06158,Male,0,Yes,No,28,Yes,No,Fiber optic,No,No,No,No,Yes,No,Month-to-month,No,Bank transfer (automatic),48.52,1425.63,Yes
CUST-06159,Male,0,No,No,21,Yes,No,DSL,Yes,Yes,No,Yes,Yes,No,Two year,Yes,Electronic check,41.05,859.07,No
CUST-06160,Male,0,No,Yes,7,Yes,Yes,Fiber optic,No,No,No,No,Yes,No,Month-to-month,Yes,Credit card (automatic),85.76,579.55,No
CUST-06161,Female,0,No,No,46,Yes,Yes,DSL,Yes,Yes,No,Yes,No,No,Month-to-month,Yes,Credit card (automatic),109.16,4953.16,No
CUST-06162,Male,1,No,Yes,5,Yes,No,DSL,Yes,Yes,No,Yes,Yes,Yes,Month-to-month,Yes,Bank transfer (automatic),22.15,107.88,No
CUST-06163,Female,0,No,No,6,Yes,No,DSL,No,No,No,Yes,Yes,Yes,Two year,Yes,Bank transfer (automatic),32.37,212.81,No
CUST-06164,Male,1,No,No,35,Yes,Yes,Fiber optic,Yes,Yes,Yes,No,Yes,No,Two year,No,Mailed check,43.57,1441.49,No
CUST-06165,Male,0,No,No,7,Yes,No,Fiber optic,No,Yes,No,Yes,No,No,Two year,Yes,Electronic check,110.78,762.2,No
CUST-06166,Female,0,No,No,45,Yes,No,No,No internet service,No internet service,No internet service,No internet service,No internet service,No internet service,One year,Yes,Credit card (automatic),105.72,4574.05,No
CUST-06167,Female,0,Yes,No,63,Yes,Yes,DSL,No,No,No,No,Yes,No,Month-to-month,No,Credit card (automatic),108.72,6399.54,No
CUST-06168,Female,0,No,No,30,Yes,Yes,Fiber optic,Yes,Yes,No,No,No,Yes,Month-to-month,No,Mailed check,55.84,1608.02,Yes
CUST-06169,Female,0,Yes,No,22,No,No phone service,DSL,Yes,Yes,Yes,Yes,No,Yes,Two year,No,Bank transfer (automatic),41.16,903.59,No
CUST-06170,Female,0,No,No,60,Yes,No,Fiber optic,No,Yes,No,Yes,Yes,No,One year,No,Bank transfer (automatic),37.17,2288.9,No
CUST-06171,Male,0,No,Yes,49,Yes,No,Fiber optic,Yes,Yes,No,Yes,No,No,Month-to-month,No,Bank transfer (automatic),106.2,5325.44,No
CUST-06172,Male,0,No,No,45,Yes,Yes,DSL,No,No,No,No,No,No,Month-to-month,No,Electronic check,41.12,1951.31,No
CUST-06173,Female,0,No,No,42,No,No phone service,No,No internet service,No internet service,No internet service,No internet service,No internet service,No internet service,One year,Yes,Credit card (automatic),71.08,2729.38,No
CUST-06174,Male,0,No,No,9,Yes,No,DSL,No,No,Yes,Yes,No,Yes,Two year,Yes,Credit card (automatic),51.17,443.43,No
CUST-06175,Male,1,Yes,No,19,Yes,No,No,No internet service,No internet service,No internet service,No internet service,No internet service,No internet service,Month-to-month,No,Credit card (automatic),67.89,1251.88,No
CUST-06176,Male,0,No,No,15,Yes,No,No,No internet service,No internet service,No internet service,No internet service,No internet service,No internet service,Month-to-month,Yes,Electronic check,52.58,819.02,No
CUST-06177,Female,0,Yes,No,2,Yes,Yes,Fiber optic,Yes,No,Yes,Yes,Yes,Yes,Two year,No,Electronic check,47.29,89.05,No
CUST-06178,Male,0,Yes,No,29,Yes,No,No,No internet service,No internet service,No internet service,No internet service,No internet service,No internet service,Two year,No,Mailed check,60.73,1660.54,No
CUST-06179,Male,0,No,Yes,17,No,No phone service,DSL,Yes,No,Yes,No,No,Yes,One year,Yes,Mailed check,51.29,801.34,No
CUST-06180,Male,0,Yes,Yes,58,Yes,No,Fiber optic,No,Yes,Yes,Yes,Yes,No,Month-to-month,No,Credit card (automatic),101.97,5953.64,No
CUST-06181,Female,0,No,No,69,Yes,Yes,No,No internet service,No internet service,No internet service,No internet service,No internet service,No internet service,Month-to-month,Yes,Mailed check,76.07,5486.88,Yes
CUST-06182,Male,0,No,No,34,Yes,Yes,No,No internet service,No internet service,No internet service,No internet service,No internet service,No internet service,Month-to-month,No,Mailed check,35.62,1258.95,No
CUST-06183,Male,1,No,No,18,Yes,No,DSL,No,Yes,No,Yes,No,No,Month-to-month,Yes,Credit card (automatic),41.59,784.97,No
CUST-06184,Female,0,Yes,No,25,Yes,Yes,Fiber optic,Yes,No,Yes,Yes,No,No,One year,No,Credit card (automatic),23.36,545.41,No
CUST-06185,Female,1,No,No,34,Yes,No,DSL,Yes,Yes,No,Yes,Yes,No,Month-to-month,Yes,Electronic check,47.97,1659.21,Yes
CUST-06186,Male,1,Yes,No,71,No,No phone service,Fiber optic,Yes,Yes,No,Yes,No,Yes,Month-to-month,Yes,Electronic check,84.95,5540.88,No
CUST-06187,Male,1,No,No,56,Yes,Yes,DSL,Yes,Yes,Yes,Yes,No,No,One year,No,Credit card (automatic),36.3,2222.53,No
CUST-06188,Female,0,No,No,48,Yes,Yes,DSL,Yes,No,Yes,No,Yes,Yes,Month-to-month,No,Bank transfer (automatic),27.92,1234.31,No
CUST-06189,Female,0,Yes,No,9,Yes,Yes,DSL,Yes,Yes,Yes,Yes,No,Yes,One year,Yes,Electronic check,50.1,484.95,Yes
CUST-06190,Female,0,Yes,Yes,28,Yes,Yes,Fiber optic,No,Yes,No,No,No,Yes,Two year,Yes,Mailed check,79.25,2014.13,No
CUST-06191,Female,0,Yes,Yes,70,Yes,No,Fiber optic,Yes,Yes,No,Yes,No,Yes,Month-to-month,No,Credit card (automatic),65.28,4598.06,No
CUST-06192,Female,0,Yes,No,67,Yes,No,Fiber optic,Yes,Yes,Yes,Yes,Yes,No,Two year,Yes,Mailed check,51.22,3673.86,No
CUST-06193,Female,0,Yes,No,23,Yes,Yes,Fiber optic,No,No,No,Yes,Yes,Yes,Month-to-month,No,Mailed check,106.3,2510.73,No
CUST-06194,Female,0,Yes,Yes,42,Yes,Yes,Fiber optic,Yes,No,Yes,No,No,No,One year,No,Electronic check,64.86,2720.75,Yes
CUST-06195,Male,0,No,Yes,38,Yes,Yes,DSL,No,Yes,Yes,Yes,No,No,One year,No,Credit card (automatic),63.5,2233.17,No
CUST-06196,Female,0,Yes,No,24,Yes,No,Fiber optic,Yes,Yes,Yes,Yes,No,Yes,Month-to-month,Yes,Electronic check,21.17,524.26,No
CUST-06197,Female,0,No,No,67,Yes,Yes,DSL,Yes,Yes,Yes,No,Yes,Yes,Month-to-month,Yes,Electronic check,81.93,5601.65,No
CUST-06198,Male,0,No,Yes,33,Yes,No,Fiber optic,Yes,Yes,No,Yes,Yes,Yes,Two year,Yes,Electronic check,63.93,2092.25,No
CUST-06199,Female,0,No,Yes,52,Yes,No,Fiber optic,No,No,Yes,No,No,Yes,Month-to-month,Yes,Mailed check,32.51,1600.9,No
CUST-06200,Female,0,No,No,54,Yes,Yes,DSL,Yes,No,No,Yes,Yes,No,Month-to-month,Yes,Electronic check,42.37,2159.9,No
CUST-06201,Male,0,No,No,52,No,No phone service,Fiber optic,No,No,No,Yes,Yes,Yes,Month-to-month,No,Bank transfer (automatic),38.24,2175.4,Yes
CUST-06202,Female,0,Yes,Yes,17,Yes,No,Fiber optic,Yes,No,No,Yes,Yes,Yes,Two year,No,Credit card (automatic),30.21,561.34,No
CUST-06203,Male,0,No,No,6,Yes,No,Fiber optic,Yes,No,Yes,No,No,Yes,Month-to-month,Yes,Bank transfer (automatic),61.55,401.57,Yes
CUST-06204,Male,0,No,No,62,Yes,Yes,Fiber optic,No,No,No,Yes,Yes,Yes,Month-to-month,Yes,Electronic check,54.33,3379.23,No
CUST-06205,Male,0,No,No,41,Yes,Yes,Fiber optic,Yes,Yes,Yes,No,Yes,Yes,Month-to-month,Yes,Credit card (automatic),54.01,2430.66,No
CUST-06206,Male,0,Yes,No,10,Yes,No,No,No internet service,No internet service,No internet service,No internet service,No internet service,No internet service,Month-to-month,Yes,Bank transfer (automatic),43.15,414.02,Yes
CUST-06207,Female,0,Yes,No,8,Yes,Yes,Fiber optic,Yes,Yes,Yes,No,No,Yes,Month-to-month,No,Electronic check,61.64,485.91,No
CUST-06208,Male,0,Yes,No,34,Yes,No,DSL,No,No,Yes,No,No,Yes,Two year,Yes,Credit card (automatic),72.75,2312.39,No
CUST-06209,Male,0,Yes,No,64,Yes,Yes,No,No internet service,No internet service,No internet service,No internet service,No internet service,No internet service,Two year,Yes,Bank transfer (automatic),79.15,5029.24,No
CUST-06210,Female,0,No,Yes,4,Yes,No,DSL,No,Yes,No,Yes,No,No,Month-to-month,Yes,Credit card (automatic),39.98,149.85,No
CUST-06211,Male,1,Yes,No,25,Yes,Yes,DSL,Yes,Yes,No,Yes,Yes,Yes,Two year,Yes,Credit card (automatic),90.78,2072.62,No
CUST-06212,Male,0,No,No,50,Yes,Yes,Fiber optic,No,No,Yes,Yes,Yes,No,One year,No,Electronic check,20.7,933.57,No
CUST-06213,Male,0,Yes,No,37,Yes,No,No,No internet service,No internet service,No internet service,No internet service,No internet service,No internet service,One year,No,Electronic check,93.04,3358.8,Yes
CUST-06214,Male,0,Yes,Yes,2,Yes,Yes,DSL,Yes,Yes,Yes,No,No,No,Month-to-month,Yes,Electronic check,46.3,99.96,Yes
CUST-06215,Female,0,Yes,No,58,Yes,No,DSL,No,Yes,No,No,Yes,Yes,Month-to-month,No,Credit card (automatic),55.0,3150.06,No
CUST-06216,Male,0,Yes,Yes,12,Yes,Yes,DSL,Yes,No,Yes,No,No,Yes,Month-to-month,No,Mailed check,76.07,939.42,No
CUST-06217,Female,0,No,No,34,Yes,Yes,Fiber optic,No,No,Yes,No,No,No,One year,Yes,Bank transfer (automatic),79.05,2858.58,No
CUST-06218,Female,0,Yes,Yes,2,Yes,Yes,No,No internet service,No internet service,No internet service,No internet service,No internet service,No internet service,Two year,No,Bank transfer (automatic),60.12,121.51,No
CUST-06219,Male,0,No,No,52,No,No phone service,No,No internet service,No internet service,No internet service,No internet service,No internet service,No internet service,Month-to-month,Yes,Credit card (automatic),111.79,5886.55,No
CUST-06220,Male,0,No,No,54,Yes,No,DSL,No,No,No,No,Yes,No,Two year,Yes,Electronic check,103.83,5633.88,No
CUST-06221,Male,0,No,No,44,Yes,No,DSL,No,Yes,Yes,Yes,Yes,Yes,Month-to-month,Yes,Mailed check,40.5,1648.38,No
CUST-06222,Male,0,No,Yes,65,Yes,No,No,No internet service,No internet service,No internet service,No internet service,No internet service,No internet service,Two year,Yes,Credit card (automatic),76.89,5133.44,No
CUST-06223,Female,0,No,No,66,Yes,No,DSL,Yes,Yes,Yes,No,Yes,Yes,One year,No,Credit card (automatic),90.1,6212.03,No
CUST-06224,Female,0,No,No,43,Yes,Yes,DSL,Yes,No,Yes,Yes,Yes,Yes,One year,No,Mailed check,39.69,1536.1,Yes
CUST-06225,Female,0,No,No,67,Yes,Yes,DSL,Yes,Yes,Yes,No,Yes,Yes,Two year,Yes,Credit card (automatic),19.85,1219.12,No
CUST-06226,Male,0,Yes,Yes,61,Yes,No,DSL,Yes,Yes,No,No,Yes,Yes,Month-to-month,Yes,Credit card (automatic),115.56,7107.93,No
CUST-06227,Female,0,No,Yes,24,Yes,No,DSL,Yes,No,Yes,No,Yes,Yes,One year,No,Credit card (automatic),113.83,2917.11,No
CUST-06228,Male,1,Yes,No,51,Yes,No,DSL,Yes,No,No,Yes,Yes,Yes,Two year,No,Mailed check,50.03,2568.43,No
CUST-06229,Male,1,Yes,No,49,Yes,No,Fiber optic,No,Yes,Yes,Yes,Yes,No,Month-to-month,Yes,Mailed check,41.91,2026.7,No
CUST-06230,Male,0,No,Yes,0,Yes,Yes,Fiber optic,No,Yes,No,Yes,No,Yes,Month-to-month,No,Credit card (automatic),33.46,0.0,No
CUST-06231,Male,0,No,No,38,Yes,No,Fiber optic,No,Yes,Yes,No,No,No,Month-to-month,No,Bank transfer (automatic),86.71,3015.77,No
CUST-06232,Male,0,Yes,No,51,Yes,Yes,No,No internet service,No internet service,No internet service,No internet service,No internet service,No internet service,Month-to-month,No,Mailed check,93.53,4424.87,No
CUST-06233,Female,0,Yes,Yes,39,Yes,Yes,No,No internet service,No internet service,No internet service,No internet service,No internet service,No internet service,One year,Yes,Bank transfer (automatic),60.04,2428.26,No
CUST-06234,Female,1,No,No,59,Yes,Yes,DSL,No,Yes,Yes,Yes,Yes,Yes,Month-to-month,No,Credit card (automatic),42.28,2299.36,No
CUST-06235,Male,0,No,No,68,No,No phone service,Fiber optic,No,Yes,Yes,No,Yes,No,Month-to-month,Yes,Electronic check,62.87,3963.19,Yes
CUST-06236,Female,0,Yes,No,19,Yes,Yes,No,No internet service,No internet service,No internet service,No internet service,No internet service,No internet service,Month-to-month,No,Electronic check,69.64,1421.58,No
CUST-06237,Male,0,Yes,No,1,Yes,Yes,No,No internet service,No internet service,No internet service,No internet service,No internet service,No internet service,Two year,No,Electronic check,72.34,68.15,No
CUST-06238,Male,0,No,No,8,Yes,Yes,DSL,No,Yes,Yes,Yes,No,Yes,Month-to-month,No,Credit card (automatic),62.34,510.93,No
CUST-06239,Male,1,Yes,Yes,38,Yes,No,Fiber optic,Yes,No,Yes,No,No,No,One year,Yes,Mailed check,18.37,683.65,No
CUST-06240,Female,0,Yes,Yes,29,Yes,No,Fiber optic,Yes,No,No,Yes,Yes,No,Month-to-month,Yes,Bank transfer (automatic),65.18,1752.89,Yes
CUST-06241,Male,0,No,Yes,53,Yes,Yes,Fiber optic,Yes,Yes,No,No,Yes,Yes,Month-to-month,No,Bank transfer (automatic),52.73,2731.02,Yes
CUST-06242,Male,0,Yes,No,57,Yes,No,DSL,No,No,Yes,No,No,Yes,Month-to-month,Yes,Mailed check,73.66,4128.29,No
CUST-06243,Female,0,No,No,43,Yes,Yes,DSL,Yes,No,Yes,No,No,No,Two year,Yes,Bank transfer (automatic),24.94,1100.01,No
CUST-06244,Female,0,No,No,42,Yes,No,Fiber optic,No,No,No,No,Yes,Yes,Month-to-month,Yes,Credit card (automatic),105.92,4140.34,No
CUST-06245,Female,0,No,Yes,9,Yes,No,Fiber optic,No,No,Yes,No,Yes,Yes,Month-to-month,Yes,Mailed check,105.54,861.97,No
CUST-06246,Male,0,Yes,No,47,Yes,No,DSL,Yes,Yes,Yes,No,Yes,Yes,One year,Yes,Mailed check,74.41,3571.41,No
CUST-06247,Male,0,No,No,16,Yes,No,No,No internet service,No internet service,No internet service,No internet service,No internet service,No internet service,Two year,Yes,Mailed check,91.71,1339.82,No
CUST-06248,Female,0,Yes,No,4,Yes,No,DSL,No,No,Yes,Yes,No,Yes,Month-to-month,No,Bank transfer (automatic),61.79,230.05,Yes
CUST-06249,Male,0,No,No,69,Yes,No,DSL,No,Yes,No,Yes,No,No,Month-to-month,Yes,Mailed check,77.03,5826.88,No
CUST-06250,Female,0,No,No,63,Yes,No,No,No internet service,No internet service,No internet service,No internet service,No internet service,No internet service,Two year,Yes,Mailed check,79.77,4545.84,No
CUST-06251,Female,0,Yes,No,65,No,No phone service,DSL,No,Yes,No,No,No,Yes,Month-to-month,No,Electronic check,53.39,3569.1,No
CUST-06252,Male,0,Yes,Yes,70,Yes,Yes,DSL,No,No,No,Yes,Yes,Yes,Two year,Yes,Electronic check,114.09,7409.41,No
CUST-06253,Male,0,Yes,No,3,Yes,Yes,Fiber optic,Yes,No,Yes,Yes,Yes,No,Month-to-month,No,Mailed check,78.26,249.86,No
CUST-06254,Female,0,No,No,27,No,No phone service,DSL,Yes,No,No,Yes,Yes,Yes,Two year,No,Mailed check,117.05,3212.03,No
CUST-06255,Female,0,Yes,No,37,Yes,No,DSL,Yes,Yes,Yes,No,No,No,Month-to-month,Yes,Electronic check,61.24,2253.41,No
CUST-06256,Female,0,No,Yes,65,Yes,Yes,DSL,No,No,No,Yes,No,No,Two year,No,Credit card (automatic),21.23,1369.02,No
CUST-06257,Female,0,Yes,No,66,Yes,Yes,DSL,Yes,Yes,No,Yes,No,Yes,Two year,Yes,Electronic check,48.24,3292.69,No
CUST-06258,Male,0,No,Yes,59,Yes,No,No,No internet service,No internet service,No internet service,No internet service,No internet service,No internet service,Month-to-month,No,Credit card (automatic),83.08,5233.75,No
CUST-06259,Female,0,No,No,46,Yes,Yes,No,No internet service,No internet service,No internet service,No internet service,No internet service,No internet service,Month-to-month,Yes,Credit card (automatic),109.03,4520.79,Yes
CUST-06260,Female,1,No,No,24,Yes,Yes,DSL,No,No,No,No,Yes,Yes,Two year,Yes,Bank transfer (automatic),79.52,1725.36,No
CUST-06261,Female,0,No,No,65,Yes,No,DSL,Yes,Yes,Yes,Yes,No,No,Month-to-month,Yes,Credit card (automatic),65.18,4043.89,No
CUST-06262,Male,0,Yes,Yes,66,Yes,No,DSL,Yes,Yes,No,No,No,No,Two year,Yes,Bank transfer (automatic),26.07,1802.61,No
CUST-06263,Male,0,Yes,No,68,No,No phone service,Fiber optic,Yes,Yes,No,Yes,Yes,No,Month-to-month,Yes,Electronic check,32.48,2073.37,No
CUST-06264,Female,0,No,No,39,Yes,No,No,No internet service,No internet service,No internet service,No internet service,No internet service,No internet service,One year,Yes,Credit card (automatic),23.35,893.66,No
CUST-06265,Male,0,No,Yes,49,Yes,No,No,No internet service,No internet service,No internet service,No internet service,No internet service,No internet service,Month-to-month,No,Credit card (automatic),89.12,4373.51,No
CUST-06266,Male,0,Yes,No,39,No,No phone service,DSL,Yes,Yes,No,Yes,Yes,Yes,Two year,Yes,Bank transfer (automatic),101.11,3843.08,No
CUST-06267,Male,0,Yes,Yes,36,Yes,No,DSL,No,Yes,Yes,Yes,Yes,Yes,Month-to-month,Yes,Bank transfer (automatic),34.44,1231.07,No
CUST-06268,Female,0,Yes,No,68,Yes,Yes,DSL,No,Yes,No,No,No,No,Month-to-month,Yes,Credit card (automatic),50.52,3640.62,No
CUST-06269,Female,0,Yes,No,16,Yes,No,No,No internet service,No internet service,No internet service,No internet service,No internet service,No internet service,Month-to-month,No,Bank transfer (automatic),65.91,997.44,No
CUST-06270,Male,0,Yes,No,61,Yes,No,Fiber optic,Yes,No,Yes,Yes,Yes,No,One year,Yes,Credit card (automatic),32.28,1900.85,No
CUST-06271,Female,0,Yes,No,40,Yes,Yes,Fiber optic,No,Yes,Yes,Yes,Yes,Yes,Month-to-month,No,Mailed check,59.62,2397.48,Yes
CUST-06272,Female,0,No,No,41,Yes,No,No,No internet service,No internet service,No internet service,No internet service,No internet service,No internet service,Month-to-month,No,Electronic check,114.68,5045.21,No
CUST-06273,Male,0,Yes,No,30,Yes,No,No,No internet service,No internet service,No internet service,No internet service,No internet service,No internet service,One year,Yes,Bank transfer (automatic),89.91,2538.29,No
CUST-06274,Male,0,Yes,Yes,32,Yes,Yes,Fiber optic,No,Yes,No,Yes,Yes,No,Month-to-month,No,Electronic check,34.69,1115.58,Yes
CUST-06275,Female,1,No,No,42,Yes,No,DSL,No,No,Yes,Yes,Yes,Yes,Month-to-month,Yes,Mailed check,27.88,1258.96,No
CUST-06276,Male,1,Yes,No,66,Yes,No,DSL,Yes,Yes,Yes,Yes,Yes,No,Month-to-month,Yes,Credit card (automatic),62.52,3806.53,No
CUST-06277,Female,0,Yes,No,37,Yes,No,DSL,Yes,No,Yes,Yes,Yes,Yes,Month-to-month,Yes,Bank transfer (automatic),116.8,4512.99,No
CUST-06278,Female,0,Yes,No,40,Yes,No,Fiber optic,Yes,No,No,Yes,Yes,No,Month-to-month,Yes,Credit card (automatic),97.33,3678.08,No
CUST-06279,Male,0,No,Yes,62,Yes,Yes,Fiber optic,Yes,No,No,Yes,No,Yes,Month-to-month,No,Credit card (automatic),47.31,2741.74,Yes
CUST-06280,Female,0,Yes,No,39,Yes,No,Fiber optic,Yes,No,No,No,No,No,Month-to-month,Yes,Mailed check,20.63,762.14,No
CUST-06281,Female,1,No,No,29,Yes,No,DSL,No,Yes,Yes,No,Yes,Yes,Two year,Yes,Credit card (automatic),59.13,1715.75,No
CUST-06282,Male,0,Yes,No,46,Yes,No,No,No internet service,No internet service,No internet service,No internet service,No internet service,No internet service,One year,No,Mailed check,34.05,1598.69,No
CUST-06283,Male,0,No,Yes,21,Yes,No,Fiber optic,No,Yes,Yes,Yes,Yes,Yes,Two year,Yes,Bank transfer (automatic),36.03,710.36,No
CUST-06284,Male,0,Yes,No,54,Yes,No,DSL,Yes,Yes,Yes,Yes,No,No,Month-to-month,No,Mailed check,34.23,1704.97,No
CUST-06285,Female,0,Yes,Yes,42,Yes,Yes,Fiber optic,Yes,Yes,Yes,Yes,Yes,No,Month-to-month,No,Electronic check,89.96,3742.55,No
CUST-06286,Male,0,Yes,No,60,Yes,No,No,No internet service,No internet service,No internet service,No internet service,No internet service,No internet service,Month-to-month,Yes,Credit card (automatic),21.58,1180.18,No
CUST-06287,Male,0,No,No,31,Yes,Yes,Fiber optic,No,No,No,Yes,Yes,No,Two year,Yes,Mailed check,74.47,2326.55,No
CUST-06288,Male,0,Yes,No,3,Yes,Yes,DSL,Yes,Yes,No,No,No,Yes,Two year,Yes,Mailed check,93.25,289.98,No
CUST-06289,Male,0,Yes,No,44,Yes,Yes,DSL,No,No,Yes,Yes,Yes,No,Month-to-month,No,Credit card (automatic),33.64,1612.13,Yes
CUST-06290,Female,0,No,No,71,No,No phone service,DSL,Yes,No,No,Yes,Yes,No,Month-to-month,Yes,Bank transfer (automatic),107.29,7073.6,No
CUST-06291,Female,0,No,No,19,Yes,No,Fiber optic,No,No,No,Yes,No,No,Month-to-month,Yes,Electronic check,25.81,483.85,Yes
CUST-06292,Male,0,No,No,70,Yes,Yes,Fiber optic,Yes,Yes,Yes,Yes,No,No,Two year,Yes,Electronic check,86.27,5745.05,No
CUST-06293,Female,0,Yes,No,64,Yes,No,Fiber optic,No,No,Yes,Yes,Yes,No,Month-to-month,No,Bank transfer (automatic),35.2,2125.7,No
CUST-06294,Male,1,No,No,59,Yes,No,Fiber optic,No,Yes,Yes,Yes,No,Yes,One year,No,Credit card (automatic),98.6,5840.12,No
CUST-06295,Male,0,Yes,No,25,Yes,Yes,No,No internet service,No internet service,No internet service,No internet service,No internet service,No internet service,Month-to-month,Yes,Bank transfer (automatic),75.14,1744.54,No
CUST-06296,Female,0,No,No,22,No,No phone service,Fiber optic,Yes,No,Yes,Yes,Yes,Yes,Month-to-month,Yes,Bank transfer (automatic),76.92,1528.23,No
CUST-06297,Female,0,No,Yes,39,Yes,No,Fiber optic,Yes,No,Yes,Yes,Yes,Yes,One year,No,Electronic check,52.6,1912.78,No
CUST-06298,Male,0,Yes,No,1,Yes,Yes,Fiber optic,Yes,Yes,No,No,Yes,Yes,One year,Yes,Bank transfer (automatic),46.33,44.81,Yes
CUST-06299,Male,0,Yes,No,25,Yes,No,Fiber optic,Yes,No,Yes,Yes,Yes,No,One year,Yes,Credit card (automatic),64.33,1450.95,No
CUST-06300,Female,0,Yes,Yes,61,Yes,Yes,No,No internet service,No internet service,No internet service,No internet service,No internet service,No internet service,Month-to-month,Yes,Bank transfer (automatic),93.77,6128.53,No
CUST-06301,Male,1,Yes,No,43,Yes,No,Fiber optic,Yes,Yes,No,Yes,No,Yes,One year,Yes,Electronic check,34.82,1522.29,No
CUST-06302,Female,0,No,No,30,Yes,No,DSL,Yes,No,Yes,Yes,Yes,No,One year,No,Bank transfer (automatic),99.63,2706.24,No
CUST-06303,Male,1,No,No,25,Yes,Yes,Fiber optic,Yes,No,No,No,No,No,One year,Yes,Bank transfer (automatic),65.98,1559.97,No
CUST-06304,Male,1,No,Yes,4,Yes,Yes,No,No internet service,No internet service,No internet service,No internet service,No internet service,No internet service,Month-to-month,No,Credit card (automatic),63.22,261.19,No
CUST-06305,Female,1,Yes,No,69,Yes,Yes,No,No internet service,No internet service,No internet service,No internet service,No internet service,No internet service,Month-to-month,Yes,Mailed check,19.66,1229.01,No
CUST-06306,Female,0,Yes,Yes,34,Yes,Yes,Fiber optic,No,No,Yes,Yes,Yes,Yes,Two year,No,Mailed check,30.42,1008.83,No
CUST-06307,Female,0,No,Yes,15,Yes,No,Fiber optic,No,No,Yes,Yes,Yes,No,Month-to-month,Yes,Electronic check,61.2,843.95,No
CUST-06308,Female,0,No,No,30,Yes,Yes,DSL,No,No,No,Yes,Yes,Yes,Month-to-month,Yes,Credit card (automatic),116.13,3408.37,Yes
CUST-06309,Female,0,Yes,Yes,13,Yes,No,Fiber optic,No,Yes,No,Yes,No,Yes,Two year,No,Credit card (automatic),43.01,611.47,No
CUST-06310,Female,0,No,No,24,Yes,No,Fiber optic,No,No,No,No,Yes,No,Month-to-month,No,Mailed check,19.03,452.61,No
CUST-06311,Female,0,No,Yes,70,Yes,No,DSL,No,No,Yes,No,Yes,No,Two year,Yes,Bank transfer (automatic),61.58,4408.62,No
CUST-06312,Male,0,No,No,17,Yes,No,DSL,No,Yes,Yes,No,No,No,Month-to-month,No,Electronic check,19.6,327.1,No
CUST-06313,Male,1,Yes,No,49,Yes,Yes,Fiber optic,Yes,Yes,Yes,No,Yes,Yes,One year,Yes,Bank transfer (automatic),51.62,2435.8,No
CUST-06314,Male,0,No,No,19,Yes,Yes,Fiber optic,Yes,No,No,Yes,Yes,No,Month-to-month,Yes,Credit card (automatic),53.41,1037.24,No
CUST-06315,Female,0,Yes,No,55,Yes,No,Fiber optic,Yes,Yes,Yes,Yes,Yes,No,Two year,No,Credit card (automatic),18.24,1027.42,No
CUST-06316,Female,0,No,No,1,Yes,No,No,No internet service,No internet service,No internet service,No internet service,No internet service,No internet service,Month-to-month,No,Mailed check,95.96,98.17,No
CUST-06317,Female,0,Yes,No,25,Yes,Yes,Fiber optic,No,No,Yes,No,Yes,No,Month-to-month,Yes,Mailed check,109.29,2473.68,No
CUST-06318,Male,0,No,No,22,Yes,Yes,DSL,Yes,No,No,No,No,Yes,Month-to-month,No,Mailed check,117.88,2695.29,No
CUST-06319,Female,1,No,No,31,Yes,No,No,No internet service,No internet service,No internet service,No internet service,No internet service,No internet service,Month-to-month,Yes,Credit card (automatic),68.88,2210.37,Yes
CUST-06320,Female,0,No,No,12,Yes,No,Fiber optic,Yes,Yes,No,No,Yes,No,Month-to-month,Yes,Bank transfer (automatic),48.66,533.72,Yes
CUST-06321,Male,0,Yes,No,12,Yes,No,DSL,No,No,No,Yes,No,No,Month-to-month,No,Credit card (automatic),89.75,1010.26,No
CUST-06322,Female,0,No,No,16,Yes,Yes,Fiber optic,No,No,Yes,Yes,Yes,No,Month-to-month,No,Electronic check,91.65,1472.37,Yes
CUST-06323,Male,0,No,No,57,Yes,Yes,DSL,No,Yes,No,Yes,Yes,No,One year,No,Credit card (automatic),55.92,3098.69,No
CUST-06324,Male,0,Yes,No,26,Yes,Yes,Fiber optic,No,Yes,Yes,Yes,Yes,Yes,Month-to-month,Yes,Credit card (automatic),74.56,1968.03,No
CUST-06325,Female,0,Yes,Yes,16,Yes,No,Fiber optic,No,No,Yes,No,No,No,Month-to-month,Yes,Bank transfer (automatic),100.18,1686.36,No
CUST-06326,Female,0,No,No,37,Yes,Yes,No,No internet service,No internet service,No internet service,No internet service,No internet service,No internet service,Month-to-month,No,Mailed check,36.92,1379.17,Yes
CUST-06327,Female,0,No,No,13,Yes,No,Fiber optic,No,Yes,No,Yes,Yes,No,Month-to-month,No,Electronic check,20.05,258.51,No
CUST-06328,Male,0,No,No,13,Yes,Yes,DSL,No,Yes,Yes,No,Yes,Yes,Two year,No,Bank transfer (automatic),71.97,891.38,No
CUST-06329,Male,0,No,No,11,Yes,No,DSL,No,No,Yes,Yes,No,Yes,Month-to-month,No,Electronic check,84.44,950.29,No
CUST-06330,Male,1,No,Yes,68,Yes,Yes,Fiber optic,No,No,Yes,No,Yes,No,Two year,Yes,Bank transfer (automatic),75.5,5469.99,No
CUST-06331,Female,0,Yes,No,67,Yes,No,DSL,Yes,No,No,Yes,No,No,Month-to-month,No,Mailed check,77.62,4953.41,Yes
CUST-06332,Female,0,No,No,54,Yes,No,Fiber optic,No,No,Yes,No,Yes,Yes,One year,Yes,Credit card (automatic),57.31,3273.08,No
CUST-06333,Female,0,Yes,No,62,Yes,No,Fiber optic,Yes,Yes,Yes,No,No,No,One year,Yes,Electronic check,83.15,5070.35,No
CUST-06334,Female,1,Yes,No,28,Yes,Yes,Fiber optic,Yes,Yes,Yes,Yes,Yes,No,Month-to-month,No,Bank transfer (automatic),22.28,575.41,Yes
CUST-06335,Male,1,No,No,44,Yes,Yes,No,No internet service,No internet service,No internet service,No internet service,No internet service,No internet service,Month-to-month,No,Electronic check,33.12,1576.96,No
CUST-06336,Male,0,Yes,No,3,Yes,No,Fiber optic,No,No,Yes,Yes,Yes,No,Month-to-month,No,Bank transfer (automatic),62.48,194.25,No
CUST-06337,Male,0,No,No,15,Yes,No,Fiber optic,Yes,Yes,Yes,Yes,Yes,Yes,Month-to-month,No,Credit card (automatic),112.3,1799.39,Yes
CUST-06338,Male,0,Yes,No,65,Yes,No,DSL,Yes,No,No,No,No,Yes,Month-to-month,No,Bank transfer (automatic),82.45,5525.29,No
CUST-06339,Female,0,Yes,No,22,Yes,No,No,No internet service,No internet service,No internet service,No internet service,No internet service,No internet service,Month-to-month,Yes,Credit card (automatic),53.53,1088.99,No
CUST-06340,Female,0,No,No,67,Yes,No,No,No internet service,No internet service,No internet service,No internet service,No internet service,No internet service,Month-to-month,Yes,Electronic check,63.8,4310.18,No
CUST-06341,Female,0,No,No,19,Yes,No,No,No internet service,No internet service,No internet service,No internet service,No internet service,No internet service,Two year,No,Bank transfer (automatic),102.56,2000.72,No
CUST-06342,Male,0,Yes,Yes,16,Yes,No,No,No internet service,No internet service,No internet service,No internet service,No internet service,No internet service,One year,Yes,Electronic check,72.25,1100.79,No
CUST-06343,Male,1,No,Yes,51,Yes,No,No,No internet service,No internet service,No internet service,No internet service,No internet service,No internet service,Month-to-month,No,Credit card (automatic),22.79,1192.72,Yes
CUST-06344,Female,0,No,Yes,5,Yes,No,Fiber optic,No,Yes,No,No,Yes,Yes,Month-to-month,Yes,Mailed check,59.69,302.44,Yes
CUST-06345,Female,0,Yes,No,38,Yes,Yes,Fiber optic,No,No,Yes,Yes,Yes,Yes,Two year,Yes,Bank transfer (automatic),56.8,1951.88,No
CUST-06346,Male,0,Yes,No,33,Yes,No,DSL,No,No,No,No,No,Yes,One year,Yes,Bank transfer (automatic),107.99,3836.33,No
CUST-06347,Female,0,Yes,No,53,Yes,No,Fiber optic,No,Yes,No,Yes,No,Yes,Two year,No,Mailed check,48.54,2590.04,No
CUST-06348,Male,0,No,No,64,Yes,No,Fiber optic,Yes,Yes,No,Yes,No,No,Month-to-month,No,Electronic check,24.47,1592.51,No
CUST-06349,Male,0,No,No,28,Yes,No,No,No internet service,No internet service,No internet service,No internet service,No internet service,No internet service,Month-to-month,No,Bank transfer (automatic),53.48,1393.02,No
CUST-06350,Male,0,No,No,40,Yes,Yes,Fiber optic,Yes,Yes,Yes,Yes,No,Yes,Month-to-month,No,Electronic check,22.39,950.05,No
CUST-06351,Female,0,Yes,Yes,62,Yes,No,No,No internet service,No internet service,No internet service,No internet service,No internet service,No internet service,Month-to-month,No,Credit card (automatic),101.23,6315.77,Yes
CUST-06352,Female,0,No,No,31,Yes,No,Fiber optic,No,Yes,No,Yes,Yes,Yes,Month-to-month,Yes,Electronic check,77.02,2191.14,No
CUST-06353,Male,0,Yes,Yes,65,Yes,No,DSL,No,Yes,Yes,Yes,Yes,No,Month-to-month,Yes,Credit card (automatic),64.94,4390.72,Yes
CUST-06354,Female,0,Yes,Yes,44,Yes,No,DSL,Yes,No,No,Yes,No,Yes,One year,Yes,Bank transfer (automatic),53.98,2369.86,No
CUST-06355,Male,0,Yes,Yes,16,Yes,No,No,No internet service,No internet service,No internet service,No internet service,No internet service,No internet service,Month-to-month,No,Credit card (automatic),59.77,924.7,No
CUST-06356,Male,0,Yes,Yes,42,Yes,Yes,Fiber optic,No,Yes,No,No,No,Yes,Two year,No,Bank transfer (automatic),96.78,4407.49,No
CUST-06357,Male,0,Yes,Yes,65,Yes,No,DSL,Yes,No,Yes,Yes,Yes,No,Month-to-month,No,Credit card (automatic),36.0,2490.36,No
CUST-06358,Male,0,Yes,No,67,Yes,No,Fiber optic,No,No,Yes,No,Yes,No,Month-to-month,No,Mailed check,25.14,1530.36,No
CUST-06359,Female,0,Yes,Yes,33,No,No phone service,DSL,No,No,No,Yes,Yes,Yes,Month-to-month,No,Electronic check,74.17,2544.84,No
CUST-06360,Male,0,No,No,0,Yes,Yes,No,No internet service,No internet service,No internet service,No internet service,No internet service,No internet service,Month-to-month,Yes,Credit card (automatic),103.89,0.0,No
CUST-06361,Male,0,Yes,Yes,22,No,No phone service,DSL,Yes,Yes,Yes,Yes,No,Yes,Month-to-month,Yes,Mailed check,74.22,1475.0,No
CUST-06362,Female,1,No,Yes,5,Yes,Yes,Fiber optic,Yes,No,Yes,No,Yes,No,Two year,Yes,Mailed check,97.62,460.63,No
CUST-06363,Male,0,No,No,15,Yes,Yes,Fiber optic,Yes,No,No,No,No,Yes,One year,Yes,Mailed check,107.28,1463.65,No
CUST-06364,Male,0,No,No,1,Yes,No,No,No internet service,No internet service,No internet service,No internet service,No internet service,No internet service,Month-to-month,Yes,Electronic check,25.69,26.4,No
CUST-06365,Female,0,No,No,26,Yes,No,No,No internet service,No internet service,No internet service,No internet service,No internet service,No internet service,Month-to-month,Yes,Credit card (automatic),76.92,2102.9,Yes
CUST-06366,Female,0,No,No,18,Yes,Yes,DSL,Yes,Yes,No,No,No,Yes,Month-to-month,Yes,Electronic check,101.28,1705.69,No
CUST-06367,Female,0,Yes,No,27,Yes,Yes,No,No internet service,No internet service,No internet service,No internet service,No internet service,No internet service,One year,No,Credit card (automatic),82.35,2094.2,No
CUST-06368,Male,0,No,No,34,Yes,No,Fiber optic,Yes,Yes,Yes,Yes,Yes,Yes,Two year,No,Mailed check,77.15,2431.12,No
CUST-06369,Female,0,No,No,67,Yes,Yes,DSL,Yes,Yes,No,Yes,No,Yes,One year,Yes,Mailed check,96.81,6567.18,No
CUST-06370,Female,0,No,No,48,Yes,No,Fiber optic,No,Yes,Yes,No,Yes,No,One year,No,Mailed check,88.73,4249.96,No
CUST-06371,Male,1,Yes,Yes,6,Yes,Yes,No,No internet service,No internet service,No internet service,No internet service,No internet service,No internet service,Month-to-month,No,Electronic check,68.16,368.57,Yes
CUST-06372,Male,0,No,No,36,Yes,Yes,Fiber optic,Yes,No,Yes,Yes,No,No,Two year,Yes,Mailed check,22.4,785.37,No
CUST-06373,Male,0,No,No,24,Yes,Yes,No,No internet service,No internet service,No internet service,No internet service,No internet service,No internet service,One year,Yes,Bank transfer (automatic),79.33,1747.05,No
CUST-06374,Male,0,No,No,40,Yes,Yes,Fiber optic,Yes,Yes,Yes,Yes,Yes,Yes,Two year,Yes,Bank transfer (automatic),39.32,1597.65,No
CUST-06375,Male,1,No,No,61,Yes,Yes,Fiber optic,Yes,Yes,Yes,No,Yes,Yes,One year,Yes,Mailed check,43.41,2634.13,No
CUST-06376,Female,0,Yes,Yes,40,Yes,Yes,DSL,No,No,No,No,No,Yes,One year,Yes,Electronic check,85.95,3409.73,No
CUST-06377,Female,0,No,No,13,Yes,No,No,No internet service,No internet service,No internet service,No internet service,No internet service,No internet service,One year,Yes,Mailed check,63.31,861.73,No
CUST-06378,Female,1,Yes,Yes,53,Yes,No,Fiber optic,Yes,Yes,Yes,No,Yes,Yes,Month-to-month,Yes,Credit card (automatic),89.68,4714.42,No
CUST-06379,Male,0,Yes,No,1,Yes,No,Fiber optic,Yes,Yes,Yes,Yes,No,No,Month-to-month,Yes,Bank transfer (automatic),57.26,57.1,Yes
CUST-06380,Male,0,No,Yes,47,Yes,No,Fiber optic,Yes,No,No,No,Yes,Yes,Month-to-month,No,Credit card (automatic),105.0,5065.91,No
CUST-06381,Male,0,No,Yes,50,Yes,Yes,Fiber optic,Yes,No,No,No,Yes,Yes,Two year,Yes,Mailed check,60.71,2914.9,No
CUST-06382,Female,0,Yes,No,54,Yes,No,Fiber optic,Yes,Yes,No,No,No,No,One year,Yes,Mailed check,67.38,3956.82,No
CUST-06383,Female,1,No,No,11,Yes,Yes,Fiber optic,No,Yes,Yes,Yes,Yes,Yes,Two year,Yes,Credit card (automatic),30.63,322.2,No
CUST-06384,Male,0,No,Yes,68,Yes,Yes,Fiber optic,No,Yes,No,No,No,Yes,Month-to-month,Yes,Bank transfer (automatic),68.36,5033.17,No
CUST-06385,Female,1,No,No,0,Yes,Yes,DSL,Yes,Yes,No,Yes,Yes,Yes,Month-to-month,Yes,Electronic check,41.98,0.0,No
CUST-06386,Male,1,Yes,Yes,58,Yes,No,Fiber optic,Yes,Yes,No,Yes,No,No,One year,No,Bank transfer (automatic),94.3,5913.78,Yes
CUST-06387,Female,0,Yes,Yes,33,Yes,Yes,Fiber optic,Yes,No,Yes,Yes,Yes,No,Month-to-month,No,Mailed check,89.4,2763.32,Yes
CUST-06388,Female,0,No,Yes,45,Yes,Yes,Fiber optic,No,Yes,Yes,Yes,No,Yes,Month-to-month,Yes,Credit card (automatic),19.58,833.74,Yes
CUST-06389,Female,0,No,No,58,Yes,Yes,Fiber optic,Yes,No,No,No,No,No,One year,No,Electronic check,67.38,4179.9,No
CUST-06390,Male,0,Yes,No,65,Yes,Yes,DSL,No,Yes,No,Yes,No,No,One year,Yes,Electronic check,22.54,1599.06,No
CUST-06391,Female,0,Yes,No,18,Yes,No,DSL,Yes,Yes,Yes,Yes,Yes,Yes,Month-to-month,No,Electronic check,74.93,1417.04,No
CUST-06392,Female,0,Yes,No,27,Yes,Yes,Fiber optic,No,Yes,Yes,No,No,No,Month-to-month,Yes,Bank transfer (automatic),108.16,3000.92,No
CUST-06393,Male,0,Yes,Yes,39,Yes,No,Fiber optic,Yes,Yes,Yes,No,No,Yes,One year,No,Electronic check,104.72,4336.81,No
CUST-06394,Female,0,Yes,No,56,Yes,Yes,DSL,No,Yes,No,No,Yes,No,One year,Yes,Credit card (automatic),42.38,2155.7,No
CUST-06395,Male,0,Yes,No,50,Yes,No,Fiber optic,Yes,Yes,No,No,Yes,Yes,Month-to-month,No,Electronic check,32.01,1713.92,No
CUST-06396,Male,1,Yes,Yes,21,Yes,No,DSL,No,No,Yes,Yes,No,No,Month-to-month,No,Bank transfer (automatic),97.11,1950.04,Yes
CUST-06397,Male,0,No,No,67,Yes,No,DSL,Yes,Yes,No,Yes,Yes,No,Month-to-month,Yes,Electronic check,72.62,4434.12,Yes
CUST-06398,Male,1,Yes,No,7,Yes,No,DSL,Yes,Yes,Yes,Yes,No,Yes,Month-to-month,No,Credit card (automatic),60.38,438.01,No
CUST-06399,Male,0,Yes,No,59,Yes,No,DSL,Yes,Yes,Yes,No,No,Yes,Month-to-month,Yes,Credit card (automatic),99.05,6139.4,Yes
CUST-06400,Female,0,No,No,64,Yes,No,DSL,Yes,Yes,Yes,No,No,No,One year,Yes,Bank transfer (automatic),43.25,2838.41,No
CUST-06401,Male,0,No,No,35,Yes,No,Fiber optic,No,Yes,No,Yes,No,Yes,One year,Yes,Bank transfer (automatic),40.46,1373.66,No
CUST-06402,Male,0,No,No,70,Yes,Yes,Fiber optic,Yes,Yes,No,No,No,Yes,Two year,Yes,Credit card (automatic),79.19,5118.91,No
CUST-06403,Male,0,Yes,No,28,Yes,Yes,Fiber optic,No,Yes,No,Yes,Yes,Yes,Two year,Yes,Credit card (automatic),45.26,1335.46,No
CUST-06404,Male,0,Yes,Yes,64,Yes,No,Fiber optic,No,No,Yes,No,No,Yes,Two year,Yes,Credit card (automatic),60.68,3531.95,No
CUST-06405,Female,0,No,No,55,Yes,No,Fiber optic,No,No,Yes,No,Yes,Yes,Month-to-month,No,Credit card (automatic),63.48,3672.74,Yes
CUST-06406,Male,0,No,Yes,3,Yes,No,Fiber optic,Yes,No,No,No,No,No,Month-to-month,No,Bank transfer (automatic),38.5,126.07,No
CUST-06407,Female,0,No,Yes,71,Yes,Yes,Fiber optic,Yes,No,Yes,Yes,No,No,Month-to-month,No,Mailed check,24.17,1886.58,No
CUST-06408,Male,0,Yes,No,49,Yes,Yes,No,No internet service,No internet service,No internet service,No internet service,No internet service,No internet service,Month-to-month,No,Mailed check,94.67,4542.63,No
CUST-06409,Female,0,No,No,38,Yes,Yes,No,No internet service,No internet service,No internet service,No internet service,No internet service,No internet service,Month-to-month,Yes,Electronic check,96.36,3375.09,No
CUST-06410,Male,0,Yes,No,34,Yes,No,No,No internet service,No internet service,No internet service,No internet service,No internet service,No internet service,Month-to-month,No,Credit card (automatic),77.84,2431.94,No
CUST-06411,Male,1,Yes,No,24,Yes,No,Fiber optic,No,No,No,Yes,No,Yes,Month-to-month,No,Electronic check,32.86,787.3,No
CUST-06412,Female,1,Yes,Yes,43,No,No phone service,No,No internet service,No internet service,No internet service,No internet service,No internet service,No internet service,One year,No,Bank transfer (automatic),65.62,2986.31,No
CUST-06413,Male,1,Yes,No,46,Yes,Yes,DSL,No,No,No,No,Yes,Yes,Month-to-month,Yes,Electronic check,35.79,1497.47,No
CUST-06414,Female,0,No,Yes,39,Yes,No,Fiber optic,No,No,Yes,No,Yes,No,One year,No,Electronic check,106.13,3864.51,No
CUST-06415,Male,0,No,No,30,Yes,No,Fiber optic,Yes,No,No,Yes,No,No,Two year,No,Electronic check,87.73,2678.55,No
CUST-06416,Female,0,No,No,68,Yes,No,DSL,No,No,No,No,Yes,No,One year,No,Electronic check,21.14,1318.34,No
CUST-06417,Male,0,Yes,Yes,42,Yes,Yes,DSL,Yes,Yes,Yes,Yes,Yes,Yes,Month-to-month,Yes,Mailed check,18.17,820.9,No
CUST-06418,Male,0,No,No,54,Yes,No,Fiber optic,No,No,No,No,No,Yes,One year,Yes,Mailed check,116.38,6288.41,No
CUST-06419,Female,0,Yes,No,15,Yes,No,DSL,Yes,Yes,No,No,No,No,Month-to-month,Yes,Credit card (automatic),21.98,322.24,Yes
CUST-06420,Male,0,Yes,No,67,No,No phone service,DSL,No,No,Yes,No,No,Yes,One year,No,Credit card (automatic),104.59,6325.32,No
CUST-06421,Male,0,Yes,No,68,Yes,Yes,DSL,Yes,No,Yes,Yes,No,No,Month-to-month,Yes,Electronic check,113.58,7125.63,No
CUST-06422,Male,0,No,Yes,41,Yes,Yes,Fiber optic,Yes,Yes,No,Yes,No,No,Month-to-month,No,Credit card (automatic),48.81,2132.33,No
CUST-06423,Male,0,Yes,Yes,40,No,No phone service,DSL,Yes,Yes,No,No,No,No,Month-to-month,Yes,Electronic check,72.01,2995.02,No
CUST-06424,Male,0,Yes,Yes,49,Yes,No,Fiber optic,No,Yes,Yes,Yes,Yes,No,One year,Yes,Electronic check,82.74,3665.36,No
CUST-06425,Male,0,No,Yes,5,Yes,No,No,No internet service,No internet service,No internet service,No internet service,No internet service,No internet service,Month-to-month,Yes,Bank transfer (automatic),70.04,383.4,Yes
CUST-06426,Female,0,No,No,52,Yes,No,Fiber optic,No,Yes,Yes,No,Yes,No,Month-to-month,Yes,Mailed check,39.35,1986.15,No
CUST-06427,Female,1,No,No,16,Yes,Yes,DSL,Yes,Yes,Yes,No,No,Yes,One year,Yes,Electronic check,76.12,1243.84,Yes
CUST-06428,Female,0,Yes,No,56,Yes,Yes,DSL,Yes,Yes,No,Yes,Yes,Yes,Two year,No,Bank transfer (automatic),43.87,2566.09,No
CUST-06429,Male,0,Yes,No,66,Yes,Yes,Fiber optic,Yes,Yes,No,Yes,Yes,No,Month-to-month,No,Mailed check,34.5,2484.9,No
CUST-06430,Female,1,No,No,15,Yes,Yes,No,No internet service,No internet service,No internet service,No internet service,No internet service,No internet service,Two year,Yes,Credit card (automatic),68.55,1108.54,No
CUST-06431,Male,0,Yes,No,51,Yes,No,DSL,No,Yes,Yes,No,No,Yes,Month-to-month,Yes,Credit card (automatic),55.2,2870.05,Yes
CUST-06432,Male,0,Yes,No,33,Yes,No,Fiber optic,No,Yes,No,No,No,No,One year,Yes,Mailed check,20.74,635.05,No
CUST-06433,Male,0,No,No,19,Yes,Yes,Fiber optic,No,No,Yes,No,No,No,One year,No,Mailed check,112.97,2294.54,No
CUST-06434,Male,0,No,No,55,Yes,No,No,No internet service,No internet service,No internet service,No internet service,No internet service,No internet service,Month-to-month,No,Electronic check,21.96,1284.31,No
CUST-06435,Female,0,No,Yes,50,Yes,No,Fiber optic,No,No,Yes,Yes,No,Yes,One year,No,Credit card (automatic),108.3,5565.69,No
CUST-06436,Male,0,No,No,52,No,No phone service,Fiber optic,No,Yes,Yes,Yes,Yes,No,Two year,Yes,Mailed check,36.97,2110.54,No
CUST-06437,Female,0,No,Yes,48,Yes,No,Fiber optic,No,No,Yes,Yes,Yes,Yes,One year,Yes,Electronic check,32.19,1553.86,No
CUST-06438,Male,0,No,No,3,No,No phone service,DSL,No,Yes,Yes,Yes,Yes,No,Month-to-month,Yes,Electronic check,24.92,70.48,No
CUST-06439,Female,1,No,No,17,Yes,No,DSL,Yes,Yes,Yes,Yes,No,Yes,Month-to-month,Yes,Mailed check,60.57,978.98,Yes
CUST-06440,Female,0,No,Yes,35,Yes,Yes,DSL,Yes,No,Yes,No,Yes,No,Month-to-month,Yes,Electronic check,76.69,2634.02,No
CUST-06441,Female,0,Yes,No,34,Yes,Yes,Fiber optic,No,No,No,No,Yes,Yes,Month-to-month,No,Bank transfer (automatic),108.37,3627.62,No
CUST-06442,Female,1,Yes,No,29,No,No phone service,Fiber optic,No,No,Yes,No,Yes,Yes,Month-to-month,No,Bank transfer (automatic),96.37,2979.83,Yes
CUST-06443,Female,0,Yes,No,62,Yes,Yes,DSL,Yes,Yes,Yes,No,No,Yes,Month-to-month,Yes,Bank transfer (automatic),33.96,2268.46,No
CUST-06444,Female,0,Yes,No,20,Yes,No,DSL,No,No,No,Yes,Yes,Yes,Two year,Yes,Credit card (automatic),34.77,679.09,No
CUST-06445,Male,0,Yes,Yes,51,Yes,Yes,DSL,Yes,Yes,No,Yes,Yes,Yes,One year,No,Mailed check,18.82,1045.3,No
CUST-06446,Female,0,Yes,No,68,Yes,No,DSL,Yes,Yes,Yes,Yes,No,No,Month-to-month,Yes,Bank transfer (automatic),86.78,6406.27,No
CUST-06447,Male,0,Yes,No,40,No,No phone service,DSL,Yes,Yes,Yes,No,Yes,Yes,One year,No,Credit card (automatic),19.75,775.87,No
CUST-06448,Female,0,Yes,Yes,53,Yes,Yes,DSL,Yes,Yes,Yes,Yes,Yes,No,Month-to-month,Yes,Mailed check,31.85,1812.31,Yes
CUST-06449,Male,0,Yes,No,29,No,No phone service,DSL,No,Yes,No,No,Yes,Yes,Month-to-month,Yes,Electronic check,81.45,2179.14,No
CUST-06450,Female,0,Yes,No,55,Yes,Yes,Fiber optic,No,Yes,Yes,No,No,No,Month-to-month,Yes,Electronic check,33.03,1820.73,Yes
CUST-06451,Female,0,Yes,Yes,40,Yes,Yes,Fiber optic,No,Yes,Yes,Yes,Yes,Yes,Two year,No,Mailed check,33.32,1389.49,No
CUST-06452,Male,1,No,No,13,Yes,No,DSL,No,No,Yes,No,No,Yes,Two year,No,Mailed check,41.4,521.58,No
CUST-06453,Female,0,Yes,Yes,20,Yes,No,DSL,No,Yes,Yes,Yes,No,No,Month-to-month,Yes,Electronic check,56.53,1022.76,No
CUST-06454,Female,1,No,No,24,Yes,No,No,No internet service,No internet service,No internet service,No internet service,No internet service,No internet service,Month-to-month,Yes,Mailed check,18.79,410.87,No
CUST-06455,Female,0,Yes,No,49,Yes,Yes,DSL,No,Yes,No,No,No,Yes,Month-to-month,Yes,Credit card (automatic),92.61,4895.99,Yes
CUST-06456,Male,0,No,Yes,52,Yes,Yes,DSL,Yes,No,Yes,No,Yes,Yes,Two year,No,Mailed check,95.38,4978.1,No
CUST-06457,Female,0,Yes,No,47,Yes,Yes,DSL,Yes,No,No,No,No,No,Month-to-month,Yes,Electronic check,54.67,2390.81,Yes
CUST-06458,Male,0,No,Yes,69,Yes,Yes,Fiber optic,Yes,No,Yes,Yes,Yes,Yes,Month-to-month,Yes,Credit card (automatic),97.81,7291.66,No
CUST-06459,Female,0,Yes,No,47,Yes,No,DSL,No,Yes,Yes,Yes,No,No,One year,Yes,Credit card (automatic),46.48,2377.76,No
CUST-06460,Female,0,No,No,3,Yes,Yes,No,No internet service,No internet service,No internet service,No internet service,No internet service,No internet service,Month-to-month,Yes,Bank transfer (automatic),116.57,337.54,No
CUST-06461,Male,0,Yes,No,23,Yes,No,DSL,No,No,Yes,Yes,Yes,Yes,Month-to-month,Yes,Electronic check,57.77,1351.56,No
CUST-06462,Female,0,No,Yes,30,Yes,No,DSL,No,Yes,No,No,No,Yes,One year,No,Electronic check,84.88,2457.68,No
CUST-06463,Female,1,Yes,No,28,No,No phone service,Fiber optic,No,No,No,No,No,Yes,Two year,No,Credit card (automatic),50.24,1470.1,Yes
CUST-06464,Male,0,No,No,4,Yes,Yes,DSL,Yes,No,Yes,No,Yes,Yes,Month-to-month,Yes,Mailed check,63.08,274.92,Yes
CUST-06465,Female,0,No,No,66,Yes,Yes,Fiber optic,Yes,Yes,No,Yes,Yes,Yes,One year,No,Mailed check,82.51,4931.43,No
CUST-06466,Male,0,No,No,52,Yes,No,Fiber optic,No,No,No,Yes,No,No,Two year,Yes,Electronic check,52.75,2727.02,No
CUST-06467,Male,0,No,Yes,63,Yes,Yes,DSL,Yes,Yes,No,Yes,No,No,Month-to-month,No,Electronic check,83.66,5585.84,Yes
CUST-06468,Male,0,No,No,34,Yes,Yes,No,No internet service,No internet service,No internet service,No internet service,No internet service,No internet service,Two year,No,Bank transfer (automatic),32.6,1150.34,No
CUST-06469,Female,0,No,No,11,Yes,Yes,Fiber optic,Yes,Yes,Yes,No,Yes,Yes,Month-to-month,No,Electronic check,66.38,683.77,No
CUST-06470,Male,0,No,No,46,Yes,No,DSL,Yes,No,Yes,Yes,No,No,Month-to-month,Yes,Credit card (automatic),45.29,2038.42,No
CUST-06471,Male,1,No,No,54,Yes,No,Fiber optic,No,No,No,No,Yes,Yes,One year,No,Electronic check,110.0,5902.32,No
CUST-06472,Female,0,Yes,No,68,Yes,No,DSL,No,Yes,No,Yes,No,No,Two year,No,Credit card (automatic),100.47,7166.69,No
CUST-06473,Male,1,Yes,Yes,37,Yes,No,Fiber optic,Yes,No,No,Yes,Yes,No,Month-to-month,No,Credit card (automatic),66.74,2449.18,Yes
CUST-06474,Female,0,Yes,Yes,28,No,No phone service,Fiber optic,No,No,No,No,Yes,No,Month-to-month,Yes,Credit card (automatic),63.38,1708.62,No
CUST-06475,Female,0,No,Yes,11,No,No phone service,No,No internet service,No internet service,No internet service,No internet service,No internet service,No internet service,One year,No,Electronic check,101.4,1096.44,No
CUST-06476,Female,0,No,Yes,18,Yes,Yes,Fiber optic,No,Yes,No,Yes,No,Yes,Two year,No,Bank transfer (automatic),87.05,1713.21,No
CUST-06477,Female,0,Yes,No,8,Yes,No,No,No internet service,No internet service,No internet service,No internet service,No internet service,No internet service,One year,Yes,Credit card (automatic),86.33,628.04,No
CUST-06478,Male,0,Yes,No,28,Yes,No,DSL,No,Yes,Yes,No,Yes,Yes,Month-to-month,Yes,Credit card (automatic),72.83,1971.45,Yes
CUST-06479,Male,0,No,No,2,Yes,No,DSL,No,No,Yes,Yes,No,No,One year,No,Electronic check,104.24,195.89,No
CUST-06480,Male,0,No,No,29,Yes,No,No,No internet service,No internet service,No internet service,No internet service,No internet service,No internet service,Month-to-month,No,Credit card (automatic),36.95,1050.23,Yes
CUST-06481,Male,0,Yes,No,57,Yes,Yes,DSL,No,No,Yes,No,No,Yes,Month-to-month,No,Bank transfer (automatic),104.19,6040.69,No
CUST-06482,Male,1,No,No,52,Yes,No,No,No internet service,No internet service,No internet service,No internet service,No internet service,No internet service,Two year,Yes,Bank transfer (automatic),70.07,3420.85,No
CUST-06483,Female,0,Yes,No,3,Yes,Yes,DSL,Yes,No,No,Yes,Yes,Yes,Month-to-month,No,Credit card (automatic),80.13,236.86,No
CUST-06484,Male,1,No,No,56,Yes,No,DSL,Yes,Yes,No,Yes,No,Yes,Month-to-month,Yes,Electronic check,114.24,6816.92,No
CUST-06485,Male,0,Yes,No,53,No,No phone service,Fiber optic,Yes,No,No,No,No,No,One year,Yes,Credit card (automatic),60.45,3294.92,No
CUST-06486,Male,1,Yes,Yes,27,Yes,Yes,Fiber optic,No,Yes,Yes,Yes,Yes,Yes,Two year,Yes,Bank transfer (automatic),84.8,2371.68,No
CUST-06487,Female,0,No,Yes,15,Yes,Yes,No,No internet service,No internet service,No internet service,No internet service,No internet service,No internet service,Two year,Yes,Mailed check,70.21,1145.9,No
CUST-06488,Female,0,Yes,No,12,Yes,No,No,No internet service,No internet service,No internet service,No internet service,No internet service,No internet service,Month-to-month,Yes,Bank transfer (automatic),111.16,1309.63,No
CUST-06489,Male,0,No,No,71,Yes,No,Fiber optic,No,No,No,Yes,Yes,Yes,Month-to-month,Yes,Mailed check,66.76,5212.07,Yes
CUST-06490,Female,0,No,No,55,No,No phone service,Fiber optic,No,No,Yes,No,No,Yes,Two year,No,Mailed check,43.61,2341.97,No
CUST-06491,Male,0,No,No,52,Yes,No,Fiber optic,Yes,Yes,Yes,No,No,Yes,Two year,Yes,Mailed check,66.27,3227.34,No
CUST-06492,Male,0,No,No,47,Yes,Yes,Fiber optic,No,No,No,Yes,Yes,Yes,Month-to-month,Yes,Credit card (automatic),109.68,5471.98,No
CUST-06493,Female,0,No,No,24,Yes,No,No,No internet service,No internet service,No internet service,No internet service,No internet service,No internet service,Month-to-month,Yes,Electronic check,68.07,1636.94,No
CUST-06494,Female,0,Yes,No,65,Yes,No,Fiber optic,No,Yes,No,No,No,No,Month-to-month,Yes,Electronic check,32.61,2053.92,No
CUST-06495,Male,0,No,No,29,Yes,No,DSL,No,Yes,Yes,No,No,No,Two year,Yes,Credit card (automatic),72.16,1986.47,No
CUST-06496,Male,0,No,Yes,2,Yes,No,Fiber optic,Yes,No,No,Yes,Yes,Yes,One year,Yes,Bank transfer (automatic),56.76,120.82,No
CUST-06497,Female,0,Yes,No,22,No,No phone service,Fiber optic,No,Yes,No,No,No,No,Two year,Yes,Credit card (automatic),82.98,1848.93,No
CUST-06498,Male,1,No,Yes,28,Yes,Yes,Fiber optic,No,Yes,Yes,Yes,No,Yes,Month-to-month,Yes,Electronic check,42.14,1209.28,Yes
CUST-06499,Female,0,Yes,No,40,Yes,Yes,Fiber optic,No,Yes,Yes,No,No,Yes,One year,No,Bank transfer (automatic),50.23,1994.04,No
CUST-06500,Male,0,No,No,10,Yes,Yes,No,No internet service,No internet service,No internet service,No internet service,No internet service,No internet service,One year,Yes,Electronic check,69.66,656.82,Yes
CUST-06501,Female,1,Yes,No,20,Yes,No,DSL,Yes,Yes,Yes,No,No,No,Month-to-month,Yes,Credit card (automatic),29.83,577.22,No
CUST-06502,Male,0,No,No,23,Yes,No,Fiber optic,No,No,No,No,No,No,One year,Yes,Credit card (automatic),39.05,831.45,No
CUST-06503,Male,0,No,No,64,No,No phone service,No,No internet service,No internet service,No internet service,No internet service,No internet service,No internet service,Two year,Yes,Credit card (automatic),98.13,6080.84,No
CUST-06504,Female,0,No,No,0,Yes,No,No,No internet service,No internet service,No internet service,No internet service,No internet service,No internet service,Two year,No,Credit card (automatic),111.92,0.0,No
CUST-06505,Male,0,No,No,53,Yes,Yes,DSL,No,No,No,Yes,Yes,No,Month-to-month,Yes,Bank transfer (automatic),114.95,6183.57,No
CUST-06506,Male,0,No,No,71,Yes,Yes,Fiber optic,Yes,No,Yes,No,Yes,No,Month-to-month,Yes,Electronic check,111.73,7212.85,No
CUST-06507,Female,0,Yes,No,33,Yes,Yes,Fiber optic,Yes,Yes,No,No,No,No,Month-to-month,Yes,Bank transfer (automatic),112.2,3898.21,Yes
CUST-06508,Male,0,Yes,No,67,Yes,Yes,No,No internet service,No internet service,No internet service,No internet service,No internet service,No internet service,Month-to-month,Yes,Credit card (automatic),100.11,7066.43,No
CUST-06509,Male,0,No,Yes,28,Yes,Yes,Fiber optic,Yes,No,Yes,No,No,Yes,Month-to-month,Yes,Mailed check,91.56,2696.73,Yes
CUST-06510,Male,0,Yes,Yes,2,Yes,No,Fiber optic,Yes,Yes,Yes,No,No,No,Two year,Yes,Bank transfer (automatic),41.18,84.28,No
CUST-06511,Female,1,No,No,10,Yes,No,No,No internet service,No internet service,No internet service,No internet service,No internet service,No internet service,Two year,Yes,Mailed check,62.17,563.45,No
CUST-06512,Female,0,No,No,7,Yes,No,No,No internet service,No internet service,No internet service,No internet service,No internet service,No internet service,One year,Yes,Mailed check,57.8,395.1,No
CUST-06513,Female,1,No,No,61,Yes,No,Fiber optic,Yes,Yes,Yes,Yes,Yes,Yes,Two year,No,Bank transfer (automatic),91.03,5358.79,No
CUST-06514,Male,1,Yes,No,32,Yes,Yes,Fiber optic,Yes,No,Yes,No,Yes,No,One year,Yes,Mailed check,65.54,1896.42,Yes
CUST-06515,Male,0,No,No,7,Yes,Yes,Fiber optic,Yes,No,Yes,Yes,No,Yes,Two year,No,Electronic check,54.02,346.8,No
CUST-06516,Male,0,Yes,No,24,Yes,Yes,Fiber optic,Yes,No,Yes,Yes,Yes,Yes,Month-to-month,No,Bank transfer (automatic),99.41,2347.87,Yes
CUST-06517,Male,0,No,No,25,Yes,Yes,Fiber optic,No,No,No,Yes,No,Yes,Month-to-month,Yes,Electronic check,92.99,2501.79,No
CUST-06518,Female,1,No,No,25,Yes,No,Fiber optic,No,Yes,No,Yes,No,No,Month-to-month,No,Credit card (automatic),54.88,1498.7,Yes
CUST-06519,Male,0,Yes,No,16,Yes,Yes,DSL,No,No,Yes,No,No,Yes,Two year,Yes,Electronic check,59.93,1005.56,No
CUST-06520,Male,1,No,No,28,Yes,Yes,No,No internet service,No internet service,No internet service,No internet service,No internet service,No internet service,Month-to-month,Yes,Credit card (automatic),107.32,2840.07,No
CUST-06521,Male,0,Yes,Yes,42,Yes,Yes,No,No internet service,No internet service,No internet service,No internet service,No internet service,No internet service,One year,No,Credit card (automatic),91.27,4156.66,No
CUST-06522,Female,0,No,Yes,4,No,No phone service,No,No internet service,No internet service,No internet service,No internet service,No internet service,No internet service,One year,No,Bank transfer (automatic),87.0,381.27,No
CUST-06523,Male,0,No,No,49,Yes,Yes,Fiber optic,Yes,No,No,No,No,No,Two year,No,Credit card (automatic),89.17,4308.37,No
CUST-06524,Male,0,No,No,55,Yes,Yes,Fiber optic,Yes,No,No,No,No,No,Month-to-month,Yes,Electronic check,28.23,1559.45,No
CUST-06525,Male,0,Yes,No,62,Yes,Yes,Fiber optic,No,No,Yes,No,Yes,No,Month-to-month,Yes,Credit card (automatic),74.35,4467.72,No
CUST-06526,Male,0,No,No,56,Yes,No,DSL,No,No,No,Yes,Yes,No,Month-to-month,Yes,Bank transfer (automatic),47.1,2823.31,No
CUST-06527,Male,0,Yes,No,44,Yes,No,Fiber optic,No,Yes,No,No,No,No,Month-to-month,Yes,Credit card (automatic),26.48,1117.98,Yes
CUST-06528,Female,0,No,No,36,Yes,Yes,No,No internet service,No internet service,No internet service,No internet service,No internet service,No internet service,Month-to-month,Yes,Credit card (automatic),91.11,3023.28,No
CUST-06529,Male,1,No,No,71,Yes,No,DSL,Yes,Yes,No,No,No,Yes,Month-to-month,Yes,Bank transfer (automatic),48.43,3408.27,No
CUST-06530,Male,1,Yes,Yes,35,Yes,No,Fiber optic,Yes,Yes,No,No,Yes,No,Month-to-month,Yes,Electronic check,49.01,1601.98,Yes
CUST-06531,Male,0,No,Yes,32,Yes,Yes,DSL,Yes,Yes,No,No,No,No,Two year,No,Bank transfer (automatic),81.99,2587.45,No
CUST-06532,Male,0,No,No,5,Yes,No,No,No internet service,No internet service,No internet service,No internet service,No internet service,No internet service,One year,Yes,Bank transfer (automatic),84.63,430.38,No
CUST-06533,Male,0,Yes,No,70,Yes,No,Fiber optic,No,No,No,No,Yes,No,One year,Yes,Bank transfer (automatic),65.41,4855.8,Yes
CUST-06534,Male,0,Yes,No,44,Yes,Yes,Fiber optic,No,No,Yes,No,No,Yes,One year,No,Credit card (automatic),73.65,3365.03,No
CUST-06535,Male,0,Yes,No,6,Yes,Yes,Fiber optic,No,No,Yes,No,No,Yes,Month-to-month,Yes,Electronic check,102.89,646.79,Yes
CUST-06536,Male,0,No,No,64,Yes,No,Fiber optic,Yes,No,No,No,No,No,One year,No,Credit card (automatic),28.71,1870.7,No
CUST-06537,Male,0,Yes,No,23,Yes,Yes,Fiber optic,Yes,Yes,No,Yes,Yes,No,Month-to-month,Yes,Credit card (automatic),24.54,517.16,Yes
CUST-06538,Male,1,Yes,No,44,Yes,No,DSL,Yes,No,Yes,No,Yes,Yes,Two year,Yes,Bank transfer (automatic),83.62,3958.93,No
CUST-06539,Female,0,No,No,60,Yes,Yes,Fiber optic,Yes,Yes,Yes,No,No,Yes,One year,Yes,Credit card (automatic),78.38,4889.17,No
CUST-06540,Female,0,Yes,Yes,18,Yes,No,No,No internet service,No internet service,No internet service,No internet service,No internet service,No internet service,Two year,Yes,Mailed check,36.59,696.81,No
CUST-06541,Female,0,Yes,No,31,Yes,Yes,Fiber optic,No,No,No,No,No,Yes,Month-to-month,No,Credit card (automatic),70.19,2367.77,Yes
CUST-06542,Female,0,No,No,29,Yes,No,DSL,No,Yes,Yes,Yes,Yes,Yes,Two year,No,Credit card (automatic),92.57,2935.87,No
CUST-06543,Male,0,Yes,No,64,Yes,No,Fiber optic,Yes,No,Yes,No,Yes,Yes,Month-to-month,No,Mailed check,91.17,6375.76,No
CUST-06544,Female,0,No,No,31,Yes,No,Fiber optic,No,Yes,Yes,No,Yes,Yes,One year,No,Credit card (automatic),77.57,2293.86,No
CUST-06545,Female,0,Yes,No,56,Yes,No,Fiber optic,Yes,Yes,No,Yes,No,No,Month-to-month,No,Credit card (automatic),31.04,1860.48,No
CUST-06546,Male,1,Yes,No,19,Yes,No,DSL,Yes,Yes,No,Yes,No,Yes,Month-to-month,Yes,Mailed check,48.4,1003.96,No
CUST-06547,Female,0,No,No,29,Yes,No,DSL,Yes,No,Yes,Yes,No,No,Month-to-month,Yes,Electronic check,58.58,1768.92,No
CUST-06548,Female,1,Yes,No,58,Yes,No,DSL,Yes,No,No,No,No,No,Month-to-month,Yes,Electronic check,96.83,5858.67,No
CUST-06549,Male,0,No,Yes,61,Yes,No,No,No internet service,No internet service,No internet service,No internet service,No internet service,No internet service,Month-to-month,No,Electronic check,72.38,4754.44,Yes
CUST-06550,Male,1,Yes,No,66,Yes,Yes,No,No internet service,No internet service,No internet service,No internet service,No internet service,No internet service,Month-to-month,Yes,Bank transfer (automatic),91.32,5771.03,Yes
CUST-06551,Male,0,Yes,No,30,Yes,No,No,No internet service,No internet service,No internet service,No internet service,No internet service,No internet service,Two year,Yes,Bank transfer (automatic),110.35,3106.48,No
CUST-06552,Female,0,No,No,65,Yes,Yes,Fiber optic,No,Yes,No,Yes,No,Yes,Month-to-month,No,Electronic check,80.39,5159.47,No
CUST-06553,Female,0,No,No,53,Yes,Yes,No,No internet service,No internet service,No internet service,No internet service,No internet service,No internet service,Month-to-month,Yes,Credit card (automatic),41.71,2409.53,No
CUST-06554,Male,0,Yes,Yes,9,No,No phone service,Fiber optic,Yes,No,No,No,Yes,No,Month-to-month,Yes,Electronic check,31.96,262.35,Yes
CUST-06555,Male,0,Yes,No,37,No,No phone service,Fiber optic,No,No,No,Yes,Yes,Yes,Month-to-month,Yes,Mailed check,18.05,660.17,Yes
CUST-06556,Female,0,Yes,No,30,Yes,Yes,No,No internet service,No internet service,No internet service,No internet service,No internet service,No internet service,Month-to-month,No,Mailed check,35.56,1107.51,Yes
CUST-06557,Male,0,No,Yes,28,Yes,Yes,Fiber optic,Yes,Yes,No,No,Yes,Yes,Two year,Yes,Credit card (automatic),44.92,1295.81,Yes
CUST-06558,Female,0,No,Yes,24,Yes,Yes,Fiber optic,Yes,No,Yes,No,Yes,No,Two year,No,Mailed check,44.98,1146.43,Yes
CUST-06559,Male,1,Yes,Yes,31,Yes,Yes,No,No internet service,No internet service,No internet service,No internet service,No internet service,No internet service,Month-to-month,Yes,Mailed check,84.71,2505.01,Yes
CUST-06560,Male,0,Yes,No,16,Yes,Yes,No,No internet service,No internet service,No internet service,No internet service,No internet service,No internet service,One year,Yes,Electronic check,33.02,500.21,No
CUST-06561,Female,0,Yes,Yes,44,No,No phone service,Fiber optic,No,Yes,Yes,Yes,Yes,Yes,Two year,No,Electronic check,61.55,2885.56,No
CUST-06562,Male,0,No,Yes,48,Yes,No,DSL,Yes,No,Yes,No,No,Yes,Two year,No,Mailed check,18.49,945.34,No
CUST-06563,Male,0,Yes,Yes,17,No,No phone service,Fiber optic,Yes,Yes,No,Yes,No,Yes,Month-to-month,Yes,Mailed check,44.12,712.36,Yes
CUST-06564,Male,0,No,No,51,Yes,No,DSL,Yes,Yes,No,No,Yes,Yes,One year,No,Credit card (automatic),22.11,1114.14,No
CUST-06565,Female,0,No,No,19,No,No phone service,No,No internet service,No internet service,No internet service,No internet service,No internet service,No internet service,Month-to-month,No,Mailed check,88.96,1673.9,No
CUST-06566,Male,0,Yes,No,61,Yes,Yes,No,No internet service,No internet service,No internet service,No internet service,No internet service,No internet service,Month-to-month,Yes,Electronic check,53.43,3267.88,Yes
CUST-06567,Male,0,No,No,12,Yes,Yes,Fiber optic,No,Yes,Yes,Yes,No,No,Month-to-month,No,Electronic check,66.01,845.42,No
CUST-06568,Male,0,No,Yes,42,Yes,No,Fiber optic,No,No,Yes,No,No,No,Month-to-month,No,Electronic check,94.15,4036.06,Yes
CUST-06569,Male,0,Yes,No,20,Yes,No,DSL,Yes,Yes,No,Yes,No,No,Month-to-month,Yes,Bank transfer (automatic),104.29,2093.4,Yes
CUST-06570,Male,0,Yes,No,5,Yes,No,No,No internet service,No internet service,No internet service,No internet service,No internet service,No internet service,Month-to-month,No,Electronic check,69.67,333.68,Yes
CUST-06571,Male,0,Yes,Yes,70,Yes,Yes,No,No internet service,No internet service,No internet service,No internet service,No internet service,No internet service,Two year,Yes,Bank transfer (automatic),82.98,5274.68,No
CUST-06572,Female,0,Yes,No,52,Yes,No,DSL,No,Yes,No,Yes,Yes,Yes,One year,Yes,Electronic check,91.6,5161.51,No
CUST-06573,Female,1,Yes,Yes,51,Yes,No,DSL,Yes,Yes,No,No,Yes,No,Month-to-month,No,Electronic check,46.53,2475.64,No
CUST-06574,Male,1,Yes,Yes,68,Yes,Yes,DSL,No,No,No,Yes,No,Yes,Month-to-month,No,Credit card (automatic),88.73,5520.06,No
CUST-06575,Female,0,Yes,No,8,No,No phone service,Fiber optic,Yes,Yes,No,Yes,Yes,No,Month-to-month,No,Bank transfer (automatic),83.37,639.95,Yes
CUST-06576,Female,0,No,No,45,Yes,No,DSL,Yes,Yes,Yes,Yes,No,No,Two year,No,Mailed check,62.31,2886.41,No
CUST-06577,Male,0,Yes,Yes,70,Yes,No,DSL,Yes,Yes,Yes,No,Yes,No,Month-to-month,Yes,Mailed check,52.08,3433.51,No
CUST-06578,Female,0,Yes,No,29,Yes,No,Fiber optic,Yes,Yes,Yes,No,No,No,Month-to-month,No,Credit card (automatic),115.37,3081.48,No
CUST-06579,Female,0,Yes,No,42,Yes,Yes,Fiber optic,Yes,No,No,Yes,Yes,Yes,Month-to-month,No,Credit card (automatic),116.63,4947.76,No
CUST-06580,Female,0,Yes,No,58,No,No phone service,No,No internet service,No internet service,No internet service,No internet service,No internet service,No internet service,Month-to-month,Yes,Bank transfer (automatic),87.51,4902.04,No
CUST-06581,Female,0,Yes,No,37,Yes,Yes,No,No internet service,No internet service,No internet service,No internet service,No internet service,No internet service,Month-to-month,Yes,Bank transfer (automatic),56.42,2224.37,Yes
CUST-06582,Female,0,Yes,No,33,Yes,Yes,Fiber optic,No,No,Yes,No,Yes,Yes,Two year,Yes,Credit card (automatic),93.15,3351.04,No
CUST-06583,Female,0,No,No,45,Yes,Yes,DSL,Yes,No,No,Yes,No,No,Month-to-month,Yes,Bank transfer (automatic),85.92,3934.19,No
CUST-06584,Female,0,Yes,No,31,No,No phone service,Fiber optic,Yes,Yes,No,Yes,Yes,No,Two year,Yes,Credit card (automatic),72.5,2343.2,No
CUST-06585,Female,0,No,Yes,15,Yes,No,DSL,No,Yes,No,No,Yes,Yes,Two year,No,Electronic check,31.18,512.92,No
CUST-06586,Male,0,Yes,No,38,Yes,Yes,DSL,No,Yes,No,Yes,No,No,Two year,Yes,Credit card (automatic),112.66,4046.44,No
CUST-06587,Male,0,No,No,0,Yes,Yes,DSL,No,Yes,No,No,Yes,No,Month-to-month,Yes,Bank transfer (automatic),41.28,0.0,Yes
CUST-06588,Female,0,No,Yes,56,Yes,No,Fiber optic,Yes,No,No,No,Yes,No,Two year,No,Electronic check,57.33,3248.58,No
CUST-06589,Female,0,No,No,19,Yes,No,DSL,No,Yes,Yes,No,No,Yes,Month-to-month,No,Credit card (automatic),52.24,930.55,No
CUST-06590,Male,0,Yes,Yes,41,No,No phone service,Fiber optic,No,No,No,No,Yes,Yes,One year,Yes,Bank transfer (automatic),33.38,1310.87,No
CUST-06591,Female,0,Yes,No,71,Yes,No,DSL,No,Yes,Yes,No,No,No,Two year,Yes,Bank transfer (automatic),20.45,1506.57,No
CUST-06592,Female,0,Yes,Yes,33,Yes,No,Fiber optic,No,No,Yes,No,Yes,Yes,Month-to-month,Yes,Bank transfer (automatic),110.98,3971.42,No
CUST-06593,Male,0,Yes,No,49,Yes,Yes,Fiber optic,No,Yes,Yes,Yes,No,Yes,Month-to-month,No,Credit card (automatic),91.95,4162.2,No
CUST-06594,Male,0,Yes,Yes,10,Yes,No,Fiber optic,Yes,No,No,No,No,Yes,One year,Yes,Credit card (automatic),20.07,206.29,No
CUST-06595,Male,0,Yes,Yes,42,Yes,No,No,No internet service,No internet service,No internet service,No internet service,No internet service,No internet service,Month-to-month,Yes,Mailed check,86.78,3555.02,No
CUST-06596,Female,0,No,No,9,Yes,Yes,No,No internet service,No internet service,No internet service,No internet service,No internet service,No internet service,One year,Yes,Credit card (automatic),30.97,268.79,No
CUST-06597,Female,1,No,No,7,Yes,Yes,Fiber optic,Yes,Yes,No,No,No,Yes,Month-to-month,No,Credit card (automatic),90.4,592.31,Yes
CUST-06598,Male,1,No,No,71,Yes,No,Fiber optic,No,Yes,No,Yes,Yes,Yes,Two year,Yes,Bank transfer (automatic),68.52,5242.59,No
CUST-06599,Male,0,Yes,Yes,18,Yes,No,DSL,No,No,Yes,No,Yes,Yes,Month-to-month,Yes,Electronic check,115.79,2027.64,No
CUST-06600,Female,1,Yes,No,64,Yes,Yes,Fiber optic,Yes,No,Yes,Yes,No,Yes,Two year,Yes,Mailed check,61.24,3874.9,No
CUST-06601,Male,0,No,No,54,Yes,Yes,DSL,Yes,Yes,Yes,No,No,Yes,One year,Yes,Mailed check,92.89,4722.5,No
CUST-06602,Female,0,Yes,No,51,No,No phone service,DSL,No,No,No,No,No,No,Two year,Yes,Mailed check,22.13,1152.97,No
CUST-06603,Female,0,Yes,No,2,Yes,No,No,No internet service,No internet service,No internet service,No internet service,No internet service,No internet service,One year,Yes,Mailed check,111.56,220.45,No
CUST-06604,Male,1,Yes,No,52,Yes,Yes,DSL,Yes,No,No,No,No,Yes,Month-to-month,Yes,Mailed check,74.25,3623.94,Yes
CUST-06605,Male,0,No,No,43,Yes,Yes,Fiber optic,Yes,Yes,Yes,No,Yes,No,One year,No,Mailed check,49.42,2044.51,No
CUST-06606,Female,0,No,No,47,No,No phone service,Fiber optic,Yes,No,No,Yes,Yes,Yes,Two year,Yes,Bank transfer (automatic),30.69,1411.03,No
CUST-06607,Male,0,Yes,No,53,Yes,No,No,No internet service,No internet service,No internet service,No internet service,No internet service,No internet service,Two year,Yes,Bank transfer (automatic),82.08,3982.19,No
CUST-06608,Male,0,No,No,15,Yes,Yes,Fiber optic,No,No,No,Yes,No,No,Month-to-month,Yes,Credit card (automatic),92.63,1264.92,Yes
CUST-06609,Male,0,No,No,29,Yes,Yes,DSL,Yes,No,Yes,No,Yes,Yes,Two year,No,Mailed check,26.53,845.15,No
CUST-06610,Male,0,Yes,No,27,Yes,Yes,Fiber optic,Yes,Yes,Yes,No,Yes,No,One year,No,Credit card (automatic),34.47,1010.3,No
CUST-06611,Female,0,Yes,Yes,15,Yes,No,Fiber optic,No,Yes,No,Yes,Yes,No,Two year,No,Mailed check,56.54,863.9,No
CUST-06612,Female,0,No,No,50,Yes,No,No,No internet service,No internet service,No internet service,No internet service,No internet service,No internet service,Month-to-month,No,Credit card (automatic),103.18,4895.66,No
CUST-06613,Female,0,No,No,32,Yes,No,Fiber optic,Yes,Yes,Yes,Yes,Yes,Yes,Month-to-month,Yes,Credit card (automatic),116.29,3522.13,Yes
CUST-06614,Female,0,Yes,No,24,Yes,Yes,Fiber optic,Yes,No,No,Yes,No,Yes,Month-to-month,Yes,Credit card (automatic),92.5,2193.59,No
CUST-06615,Male,0,Yes,No,17,No,No phone service,Fiber optic,Yes,Yes,No,Yes,No,No,Two year,No,Electronic check,18.56,308.34,No
CUST-06616,Male,0,Yes,No,25,No,No phone service,Fiber optic,No,Yes,Yes,No,No,No,One year,Yes,Electronic check,108.35,2834.99,No
CUST-06617,Female,0,No,No,5,Yes,Yes,Fiber optic,Yes,Yes,No,Yes,Yes,No,One year,Yes,Mailed check,20.66,101.38,No
CUST-06618,Female,0,No,No,37,Yes,No,Fiber optic,Yes,No,No,Yes,Yes,No,One year,Yes,Electronic check,107.71,4348.23,No
CUST-06619,Male,0,Yes,No,43,Yes,No,DSL,Yes,Yes,No,No,Yes,No,Month-to-month,Yes,Electronic check,59.03,2412.85,No
CUST-06620,Female,0,Yes,No,66,Yes,Yes,Fiber optic,No,Yes,No,Yes,No,No,Month-to-month,Yes,Bank transfer (automatic),92.18,5507.91,Yes
CUST-06621,Female,1,Yes,No,42,Yes,Yes,DSL,No,Yes,No,No,Yes,No,Two year,Yes,Bank transfer (automatic),26.71,1145.0,No
CUST-06622,Male,1,Yes,No,5,Yes,Yes,No,No internet service,No internet service,No internet service,No internet service,No internet service,No internet service,Month-to-month,No,Electronic check,34.49,189.28,No
CUST-06623,Female,0,No,No,63,Yes,Yes,No,No internet service,No internet service,No internet service,No internet service,No internet service,No internet service,Two year,No,Bank transfer (automatic),63.08,4253.35,No
CUST-06624,Male,0,Yes,No,12,Yes,Yes,No,No internet service,No internet service,No internet service,No internet service,No internet service,No internet service,Month-to-month,No,Electronic check,21.85,236.25,No
CUST-06625,Male,1,Yes,No,64,Yes,No,Fiber optic,Yes,No,No,No,Yes,No,Month-to-month,No,Credit card (automatic),56.98,3701.57,Yes
CUST-06626,Female,1,No,Yes,37,No,No phone service,No,No internet service,No internet service,No internet service,No internet service,No internet service,No internet service,Month-to-month,Yes,Credit card (automatic),93.2,3416.53,No
CUST-06627,Male,1,Yes,No,63,Yes,No,DSL,No,No,Yes,No,No,Yes,Month-to-month,Yes,Credit card (automatic),83.47,5540.86,Yes
CUST-06628,Female,1,No,No,13,Yes,No,DSL,Yes,No,No,No,Yes,Yes,Two year,No,Bank transfer (automatic),53.18,657.15,No
CUST-06629,Male,0,No,Yes,16,Yes,Yes,Fiber optic,Yes,Yes,No,Yes,No,Yes,Month-to-month,Yes,Mailed check,18.88,286.6,No
CUST-06630,Female,0,No,No,12,Yes,No,DSL,Yes,Yes,No,Yes,Yes,No,Month-to-month,No,Mailed check,44.97,519.86,No
CUST-06631,Female,0,Yes,Yes,5,Yes,No,No,No internet service,No internet service,No internet service,No internet service,No internet service,No internet service,Two year,No,Credit card (automatic),95.62,453.83,No
CUST-06632,Female,0,No,No,5,Yes,Yes,DSL,Yes,No,No,Yes,Yes,Yes,Two year,Yes,Electronic check,52.05,235.37,No
CUST-06633,Male,0,Yes,No,36,Yes,Yes,Fiber optic,Yes,No,No,No,No,Yes,Two year,Yes,Electronic check,55.75,2058.46,No
CUST-06634,Male,0,No,No,56,Yes,Yes,Fiber optic,No,Yes,Yes,Yes,Yes,No,Month-to-month,Yes,Electronic check,25.42,1455.62,Yes
CUST-06635,Female,0,No,No,52,Yes,Yes,DSL,No,No,Yes,No,No,No,Month-to-month,No,Bank transfer (automatic),78.17,4350.83,No
CUST-06636,Male,0,No,No,45,No,No phone service,DSL,No,Yes,No,Yes,Yes,Yes,Month-to-month,Yes,Electronic check,80.19,3751.27,No
CUST-06637,Female,0,Yes,No,3,Yes,Yes,DSL,Yes,Yes,No,Yes,No,No,Month-to-month,Yes,Credit card (automatic),61.08,188.4,No
CUST-06638,Female,0,Yes,Yes,33,Yes,No,DSL,Yes,Yes,No,No,Yes,Yes,Month-to-month,No,Bank transfer (automatic),94.06,2937.66,Yes
CUST-06639,Male,0,No,Yes,65,Yes,No,No,No internet service,No internet service,No internet service,No internet service,No internet service,No internet service,Two year,Yes,Mailed check,105.69,7199.78,No
CUST-06640,Female,0,Yes,No,62,Yes,No,DSL,No,Yes,Yes,No,No,No,Two year,Yes,Mailed check,93.05,6179.14,No
CUST-06641,Male,0,No,No,60,Yes,Yes,DSL,Yes,No,No,No,Yes,Yes,Two year,No,Mailed check,72.43,4297.05,No
CUST-06642,Female,0,No,Yes,41,Yes,No,Fiber optic,No,No,Yes,Yes,No,Yes,Month-to-month,No,Bank transfer (automatic),111.57,4611.43,No
CUST-06643,Male,0,No,No,63,No,No phone service,Fiber optic,Yes,Yes,No,Yes,No,No,Month-to-month,Yes,Bank transfer (automatic),56.22,3743.28,No
CUST-06644,Female,0,No,No,16,Yes,Yes,No,No internet service,No internet service,No internet service,No internet service,No internet service,No internet service,Month-to-month,No,Mailed check,83.47,1326.34,No
CUST-06645,Female,0,Yes,No,60,Yes,No,No,No internet service,No internet service,No internet service,No internet service,No internet service,No internet service,Month-to-month,No,Bank transfer (automatic),75.52,4682.1,No
CUST-06646,Male,0,No,No,29,Yes,No,No,No internet service,No internet service,No internet service,No internet service,No internet service,No internet service,One year,No,Bank transfer (automatic),102.16,2793.67,No
CUST-06647,Female,0,Yes,No,42,Yes,Yes,No,No internet service,No internet service,No internet service,No internet service,No internet service,No internet service,One year,Yes,Electronic check,67.96,2902.42,No
CUST-06648,Female,1,No,No,6,Yes,No,DSL,No,Yes,No,Yes,Yes,No,Month-to-month,Yes,Bank transfer (automatic),73.35,399.36,Yes
CUST-06649,Male,0,No,No,45,Yes,No,Fiber optic,No,Yes,No,Yes,Yes,Yes,Two year,Yes,Credit card (automatic),63.38,2686.09,Yes
CUST-06650,Female,0,No,No,22,Yes,No,Fiber optic,No,No,No,Yes,Yes,No,Two year,Yes,Bank transfer (automatic),32.05,764.45,No
CUST-06651,Male,0,No,No,35,Yes,Yes,Fiber optic,Yes,No,Yes,Yes,Yes,Yes,Two year,No,Electronic check,106.64,3803.48,No
CUST-06652,Female,0,No,Yes,13,Yes,No,DSL,No,Yes,No,No,No,Yes,Month-to-month,Yes,Mailed check,104.18,1342.29,No
CUST-06653,Male,0,Yes,Yes,19,Yes,Yes,DSL,No,No,No,Yes,Yes,Yes,Two year,Yes,Mailed check,88.25,1684.12,No
CUST-06654,Female,1,Yes,Yes,55,Yes,Yes,Fiber optic,Yes,No,Yes,No,No,No,Two year,Yes,Electronic check,52.78,2612.63,No
CUST-06655,Female,0,No,No,31,Yes,Yes,DSL,Yes,Yes,Yes,No,Yes,No,Month-to-month,Yes,Mailed check,53.51,1645.41,No
CUST-06656,Female,0,Yes,No,24,No,No phone service,DSL,No,No,No,Yes,Yes,Yes,Month-to-month,No,Mailed check,21.6,481.49,Yes
CUST-06657,Male,0,Yes,No,48,Yes,No,Fiber optic,Yes,No,Yes,No,Yes,Yes,Month-to-month,No,Mailed check,25.76,1325.04,No
CUST-06658,Male,0,No,No,56,No,No phone service,Fiber optic,Yes,No,Yes,Yes,Yes,Yes,Two year,No,Credit card (automatic),69.38,3818.08,No
CUST-06659,Male,0,No,No,26,Yes,No,No,No internet service,No internet service,No internet service,No internet service,No internet service,No internet service,Month-to-month,No,Mailed check,22.98,565.46,Yes
CUST-06660,Male,0,No,No,26,Yes,Yes,Fiber optic,Yes,Yes,Yes,Yes,Yes,Yes,Month-to-month,Yes,Bank transfer (automatic),27.92,727.64,Yes
CUST-06661,Female,0,No,No,45,Yes,No,No,No internet service,No internet service,No internet service,No internet service,No internet service,No internet service,One year,No,Mailed check,43.12,1888.29,No
CUST-06662,Female,0,Yes,Yes,44,Yes,No,DSL,Yes,No,Yes,Yes,Yes,Yes,Two year,Yes,Bank transfer (automatic),55.37,2416.81,No
CUST-06663,Male,1,Yes,No,25,Yes,Yes,Fiber optic,Yes,No,No,Yes,Yes,Yes,One year,Yes,Bank transfer (automatic),66.93,1748.8,No
CUST-06664,Male,0,Yes,No,13,Yes,No,DSL,Yes,No,No,Yes,Yes,No,One year,Yes,Mailed check,50.45,657.06,Yes
CUST-06665,Male,0,Yes,No,47,Yes,Yes,Fiber optic,No,No,No,No,Yes,No,One year,No,Electronic check,112.07,5704.43,No
CUST-06666,Female,0,No,No,14,Yes,Yes,No,No internet service,No internet service,No internet service,No internet service,No internet service,No internet service,Month-to-month,Yes,Bank transfer (automatic),113.09,1506.26,Yes
CUST-06667,Male,0,No,Yes,50,Yes,Yes,DSL,Yes,No,No,No,No,No,Two year,No,Electronic check,23.6,1138.95,No
CUST-06668,Male,0,No,No,53,Yes,Yes,Fiber optic,No,No,No,Yes,Yes,No,Month-to-month,Yes,Credit card (automatic),116.54,6519.48,No
CUST-06669,Female,0,No,No,10,Yes,No,No,No internet service,No internet service,No internet service,No internet service,No internet service,No internet service,Month-to-month,Yes,Mailed check,35.29,372.9,Yes
CUST-06670,Female,0,Yes,Yes,27,No,No phone service,Fiber optic,Yes,Yes,No,No,Yes,No,Month-to-month,No,Mailed check,51.14,1512.39,No
CUST-06671,Male,0,Yes,No,54,Yes,Yes,DSL,No,No,Yes,Yes,Yes,No,One year,No,Electronic check,101.7,5632.82,No
CUST-06672,Female,0,No,No,68,Yes,No,DSL,No,No,No,No,No,No,Two year,Yes,Credit card (automatic),86.77,5987.49,No
CUST-06673,Male,0,Yes,No,71,Yes,Yes,DSL,Yes,No,No,Yes,Yes,Yes,One year,Yes,Bank transfer (automatic),23.82,1721.27,No
CUST-06674,Female,0,Yes,No,25,Yes,Yes,DSL,Yes,Yes,Yes,No,Yes,No,Month-to-month,No,Bank transfer (automatic),95.46,2320.31,No
CUST-06675,Male,0,No,No,69,Yes,No,Fiber optic,Yes,No,Yes,No,Yes,Yes,One year,Yes,Credit card (automatic),84.32,5684.22,No
CUST-06676,Male,1,Yes,Yes,31,Yes,Yes,Fiber optic,Yes,No,No,Yes,No,Yes,Month-to-month,No,Bank transfer (automatic),113.05,3350.25,Yes
CUST-06677,Male,0,No,No,47,Yes,No,Fiber optic,No,No,Yes,Yes,No,No,Two year,No,Bank transfer (automatic),109.0,5222.26,No
CUST-06678,Male,0,Yes,No,11,Yes,No,Fiber optic,No,Yes,No,No,No,Yes,Two year,Yes,Credit card (automatic),115.52,1357.19,No
CUST-06679,Female,0,Yes,No,69,Yes,Yes,DSL,No,Yes,Yes,Yes,Yes,No,Month-to-month,No,Mailed check,63.49,4497.76,No
CUST-06680,Female,0,No,Yes,60,Yes,No,Fiber optic,No,No,No,No,Yes,Yes,Month-to-month,Yes,Bank transfer (automatic),88.65,5289.83,Yes
CUST-06681,Female,0,No,No,33,Yes,Yes,Fiber optic,Yes,No,Yes,No,Yes,No,One year,Yes,Credit card (automatic),114.19,3439.4,Yes
CUST-06682,Female,1,No,No,44,Yes,No,DSL,No,No,Yes,Yes,Yes,No,One year,No,Mailed check,18.21,760.8,No
CUST-06683,Male,0,Yes,No,59,Yes,No,No,No internet service,No internet service,No internet service,No internet service,No internet service,No internet service,Month-to-month,Yes,Bank transfer (automatic),96.89,6110.97,No
CUST-06684,Male,1,No,Yes,64,Yes,Yes,DSL,No,Yes,No,No,No,No,Month-to-month,Yes,Mailed check,23.4,1466.51,No
CUST-06685,Female,0,Yes,Yes,70,Yes,Yes,Fiber optic,Yes,No,No,No,Yes,Yes,One year,Yes,Credit card (automatic),117.89,8888.66,No
CUST-06686,Female,0,No,Yes,12,Yes,No,DSL,Yes,No,No,Yes,No,No,Month-to-month,No,Bank transfer (automatic),19.39,220.71,Yes
CUST-06687,Female,0,Yes,No,47,Yes,Yes,Fiber optic,Yes,Yes,No,Yes,No,No,Month-to-month,Yes,Electronic check,73.47,3505.38,Yes
CUST-06688,Female,0,No,Yes,48,Yes,Yes,No,No internet service,No internet service,No internet service,No internet service,No internet service,No internet service,One year,Yes,Credit card (automatic),70.09,3676.35,No
CUST-06689,Female,0,No,No,57,Yes,Yes,No,No internet service,No internet service,No internet service,No internet service,No internet service,No internet service,Month-to-month,Yes,Bank transfer (automatic),48.47,2794.2,Yes
CUST-06690,Male,1,Yes,No,69,Yes,No,DSL,No,No,No,No,Yes,No,Two year,Yes,Credit card (automatic),91.23,5928.41,No
CUST-06691,Male,0,Yes,No,60,Yes,Yes,No,No internet service,No internet service,No internet service,No internet service,No internet service,No internet service,Month-to-month,Yes,Bank transfer (automatic),43.7,2480.17,No
CUST-06692,Male,1,No,No,25,Yes,No,DSL,No,Yes,Yes,Yes,No,No,Month-to-month,Yes,Electronic check,47.08,1096.42,No
CUST-06693,Female,1,Yes,No,38,Yes,No,No,No internet service,No internet service,No internet service,No internet service,No internet service,No internet service,Month-to-month,No,Mailed check,36.04,1238.38,No
CUST-06694,Female,1,No,No,57,Yes,No,Fiber optic,Yes,No,Yes,Yes,No,Yes,One year,No,Bank transfer (automatic),89.41,5292.51,No
CUST-06695,Female,0,Yes,No,26,No,No phone service,Fiber optic,Yes,No,No,Yes,No,No,Month-to-month,Yes,Electronic check,35.0,961.52,No
CUST-06696,Female,0,Yes,Yes,39,Yes,Yes,No,No internet service,No internet service,No internet service,No internet service,No internet service,No internet service,Month-to-month,Yes,Bank transfer (automatic),107.77,4472.24,No
CUST-06697,Male,0,No,Yes,30,No,No phone service,Fiber optic,Yes,Yes,No,Yes,No,No,Month-to-month,No,Credit card (automatic),46.78,1283.75,Yes
CUST-06698,Male,0,No,No,2,Yes,Yes,DSL,No,Yes,Yes,Yes,Yes,No,Month-to-month,No,Mailed check,69.86,152.08,No
CUST-06699,Female,0,Yes,No,14,Yes,Yes,DSL,Yes,No,Yes,Yes,No,Yes,Two year,No,Bank transfer (automatic),65.51,938.87,No
CUST-06700,Male,0,Yes,Yes,53,Yes,Yes,No,No internet service,No internet service,No internet service,No internet service,No internet service,No internet service,Month-to-month,Yes,Mailed check,88.24,4291.68,No
CUST-06701,Male,0,Yes,No,69,Yes,No,Fiber optic,Yes,No,No,No,No,No,Month-to-month,Yes,Credit card (automatic),41.4,2619.44,Yes
CUST-06702,Female,1,Yes,No,10,Yes,No,Fiber optic,No,Yes,Yes,Yes,No,No,Month-to-month,No,Credit card (automatic),101.86,1020.6,No
CUST-06703,Female,1,No,Yes,29,Yes,Yes,DSL,Yes,No,No,No,No,No,Month-to-month,Yes,Mailed check,91.79,2525.78,No
CUST-06704,Female,0,No,No,34,Yes,No,DSL,No,No,Yes,Yes,No,Yes,Month-to-month,Yes,Electronic check,52.26,1684.12,No
CUST-06705,Female,0,Yes,Yes,42,No,No phone service,DSL,No,No,No,No,No,No,One year,Yes,Credit card (automatic),30.03,1138.1,No
CUST-06706,Female,0,No,No,60,Yes,No,DSL,No,Yes,No,Yes,Yes,No,Month-to-month,Yes,Bank transfer (automatic),68.48,4094.29,Yes
CUST-06707,Female,0,Yes,No,39,No,No phone service,Fiber optic,Yes,No,Yes,No,No,Yes,One year,Yes,Bank transfer (automatic),116.05,4151.74,No
CUST-06708,Male,0,Yes,No,41,Yes,No,DSL,Yes,No,Yes,No,Yes,Yes,Month-to-month,No,Credit card (automatic),20.43,766.73,No
CUST-06709,Male,0,Yes,No,41,Yes,No,DSL,Yes,Yes,Yes,Yes,Yes,No,Two year,No,Electronic check,102.49,3915.21,No
CUST-06710,Female,0,No,No,2,Yes,No,Fiber optic,No,Yes,Yes,No,Yes,Yes,One year,No,Mailed check,87.98,158.74,Yes
CUST-06711,Male,0,Yes,No,20,Yes,Yes,DSL,No,Yes,Yes,No,Yes,No,Month-to-month,Yes,Electronic check,36.32,668.8,No
CUST-06712,Female,0,No,No,52,Yes,No,No,No internet service,No internet service,No internet service,No internet service,No internet service,No internet service,Two year,No,Electronic check,65.64,3477.68,No
CUST-06713,Female,0,No,No,43,Yes,Yes,DSL,No,No,Yes,No,No,No,One year,No,Electronic check,80.77,3304.11,No
CUST-06714,Female,1,Yes,No,45,No,No phone service,Fiber optic,Yes,No,No,Yes,No,Yes,Two year,Yes,Credit card (automatic),87.67,3604.94,No
CUST-06715,Female,0,No,No,36,Yes,Yes,Fiber optic,No,No,No,No,No,Yes,Two year,Yes,Mailed check,110.14,3675.98,No
CUST-06716,Male,0,Yes,No,37,Yes,Yes,DSL,Yes,Yes,No,Yes,Yes,No,Two year,No,Credit card (automatic),105.31,3540.44,No
CUST-06717,Female,0,Yes,Yes,37,Yes,No,No,No internet service,No internet service,No internet service,No internet service,No internet service,No internet service,Month-to-month,No,Mailed check,50.84,1985.28,No
CUST-06718,Male,0,No,Yes,10,Yes,No,Fiber optic,Yes,Yes,No,No,Yes,Yes,Month-to-month,No,Bank transfer (automatic),30.0,303.69,No
CUST-06719,Female,0,Yes,No,44,Yes,No,DSL,No,No,No,No,Yes,Yes,One year,Yes,Electronic check,28.43,1244.45,No
CUST-06720,Female,0,No,Yes,63,Yes,No,No,No internet service,No internet service,No internet service,No internet service,No internet service,No internet service,Month-to-month,Yes,Credit card (automatic),114.87,7777.07,Yes
CUST-06721,Female,0,No,No,43,Yes,No,No,No internet service,No internet service,No internet service,No internet service,No internet service,No internet service,Month-to-month,Yes,Electronic check,113.58,4473.35,No
CUST-06722,Male,0,No,No,61,No,No phone service,Fiber optic,Yes,Yes,No,Yes,Yes,No,Month-to-month,Yes,Bank transfer (automatic),99.95,5532.58,No
CUST-06723,Female,0,Yes,No,60,No,No phone service,DSL,No,Yes,Yes,Yes,No,Yes,Month-to-month,Yes,Mailed check,116.05,6857.29,No
CUST-06724,Female,0,No,No,11,Yes,No,Fiber optic,No,Yes,Yes,No,Yes,No,Two year,Yes,Credit card (automatic),45.42,476.04,No
CUST-06725,Female,0,Yes,No,8,Yes,Yes,Fiber optic,No,No,Yes,No,Yes,Yes,Month-to-month,No,Mailed check,100.56,800.59,Yes
CUST-06726,Male,0,Yes,No,66,Yes,Yes,DSL,Yes,Yes,Yes,No,No,Yes,Two year,Yes,Bank transfer (automatic),68.22,4865.81,No
CUST-06727,Male,0,No,Yes,1,Yes,No,Fiber optic,Yes,Yes,Yes,No,Yes,No,Two year,Yes,Credit card (automatic),97.92,96.87,No
CUST-06728,Male,0,No,No,7,Yes,Yes,Fiber optic,Yes,No,No,No,No,Yes,One year,No,Credit card (automatic),79.08,517.16,No
CUST-06729,Female,1,Yes,Yes,42,Yes,Yes,Fiber optic,Yes,Yes,Yes,No,No,No,One year,Yes,Bank transfer (automatic),102.62,4566.77,No
CUST-06730,Male,0,No,No,17,Yes,Yes,Fiber optic,Yes,No,No,No,Yes,No,Month-to-month,No,Bank transfer (automatic),57.73,959.58,Yes
CUST-06731,Female,1,No,No,51,Yes,No,No,No internet service,No internet service,No internet service,No internet service,No internet service,No internet service,Two year,No,Bank transfer (automatic),116.91,6266.55,No
CUST-06732,Male,0,No,No,38,Yes,Yes,No,No internet service,No internet service,No internet service,No internet service,No internet service,No internet service,Two year,Yes,Electronic check,39.92,1408.16,No
CUST-06733,Male,1,Yes,No,30,Yes,Yes,Fiber optic,Yes,No,No,No,No,No,Month-to-month,Yes,Credit card (automatic),85.26,2474.5,No
CUST-06734,Female,0,No,Yes,13,Yes,No,DSL,No,Yes,No,Yes,Yes,No,Month-to-month,No,Mailed check,98.26,1155.42,No
CUST-06735,Male,0,Yes,No,63,Yes,No,No,No internet service,No internet service,No internet service,No internet service,No internet service,No internet service,Two year,Yes,Credit card (automatic),76.58,4569.26,No
CUST-06736,Female,1,Yes,Yes,43,Yes,No,DSL,Yes,Yes,No,Yes,Yes,Yes,Two year,Yes,Credit card (automatic),47.03,2081.75,No
CUST-06737,Female,0,No,No,59,Yes,Yes,DSL,Yes,No,Yes,Yes,No,Yes,One year,No,Electronic check,74.13,4192.73,No
CUST-06738,Male,0,No,No,1,Yes,Yes,Fiber optic,Yes,Yes,No,No,No,Yes,One year,Yes,Mailed check,68.47,63.53,No
CUST-06739,Female,0,Yes,No,31,Yes,No,Fiber optic,Yes,No,Yes,No,Yes,No,Two year,Yes,Mailed check,37.01,1045.48,No
CUST-06740,Female,0,Yes,No,35,Yes,No,Fiber optic,No,Yes,Yes,Yes,No,No,Month-to-month,Yes,Credit card (automatic),94.32,3369.04,No
CUST-06741,Male,0,No,No,54,Yes,No,Fiber optic,No,Yes,No,No,Yes,Yes,Month-to-month,Yes,Credit card (automatic),44.72,2210.63,No
CUST-06742,Male,0,Yes,Yes,62,Yes,No,No,No internet service,No internet service,No internet service,No internet service,No internet service,No internet service,One year,No,Mailed check,101.21,6650.01,No
CUST-06743,Female,1,No,No,68,Yes,No,No,No internet service,No internet service,No internet service,No internet service,No internet service,No internet service,Month-to-month,Yes,Bank transfer (automatic),39.43,2604.65,No
CUST-06744,Male,0,Yes,No,39,Yes,Yes,Fiber optic,Yes,No,No,No,No,No,Month-to-month,No,Mailed check,68.23,2557.16,No
CUST-06745,Female,1,No,No,23,Yes,No,Fiber optic,No,Yes,Yes,No,No,Yes,Two year,Yes,Mailed check,87.52,2063.2,No
CUST-06746,Female,1,Yes,No,57,Yes,Yes,Fiber optic,No,Yes,Yes,No,No,Yes,Two year,No,Bank transfer (automatic),117.58,6777.95,No
CUST-06747,Male,0,No,No,27,Yes,No,DSL,Yes,Yes,No,No,No,Yes,Month-to-month,Yes,Bank transfer (automatic),45.1,1336.45,Yes
CUST-06748,Male,0,No,No,61,Yes,Yes,Fiber optic,No,Yes,Yes,Yes,No,Yes,Month-to-month,Yes,Credit card (automatic),81.56,4528.63,No
CUST-06749,Male,0,Yes,Yes,24,Yes,Yes,No,No internet service,No internet service,No internet service,No internet service,No internet service,No internet service,Two year,Yes,Electronic check,33.34,856.39,No
CUST-06750,Male,0,No,No,6,Yes,No,No,No internet service,No internet service,No internet service,No internet service,No internet service,No internet service,Month-to-month,Yes,Bank transfer (automatic),99.96,611.69,No
CUST-06751,Female,0,Yes,No,37,Yes,Yes,Fiber optic,No,No,Yes,No,Yes,Yes,Month-to-month,No,Electronic check,104.14,4148.04,No
CUST-06752,Female,0,Yes,No,70,Yes,Yes,No,No internet service,No internet service,No internet service,No internet service,No internet service,No internet service,Month-to-month,No,Credit card (automatic),106.8,7765.94,Yes
CUST-06753,Male,0,Yes,No,44,Yes,No,No,No internet service,No internet service,No internet service,No internet service,No internet service,No internet service,Month-to-month,No,Bank transfer (automatic),112.55,5212.04,Yes
CUST-06754,Male,0,Yes,No,31,No,No phone service,No,No internet service,No internet service,No internet service,No internet service,No internet service,No internet service,Month-to-month,No,Credit card (automatic),53.57,1755.89,No
CUST-06755,Female,0,No,Yes,31,Yes,Yes,No,No internet service,No internet service,No internet service,No internet service,No internet service,No internet service,One year,Yes,Credit card (automatic),84.64,2369.41,No
CUST-06756,Female,0,Yes,No,0,Yes,Yes,No,No internet service,No internet service,No internet service,No internet service,No internet service,No internet service,Month-to-month,Yes,Electronic check,49.57,0.0,No
CUST-06757,Female,0,Yes,Yes,44,Yes,No,DSL,No,No,Yes,No,Yes,No,Month-to-month,No,Mailed check,98.38,4484.01,No
CUST-06758,Female,0,Yes,No,63,Yes,No,No,No internet service,No internet service,No internet service,No internet service,No internet service,No internet service,Month-to-month,Yes,Credit card (automatic),59.56,4088.02,No
CUST-06759,Male,0,No,No,67,No,No phone service,Fiber optic,Yes,Yes,Yes,No,No,No,Two year,Yes,Bank transfer (automatic),73.49,4562.61,No
CUST-06760,Female,1,Yes,No,6,Yes,Yes,Fiber optic,Yes,No,No,Yes,No,Yes,Month-to-month,No,Electronic check,31.3,203.63,No
CUST-06761,Female,0,No,No,37,Yes,No,No,No internet service,No internet service,No internet service,No internet service,No internet service,No internet service,Two year,No,Mailed check,103.05,4083.16,No
CUST-06762,Male,0,No,Yes,69,Yes,No,DSL,Yes,Yes,No,No,No,No,Month-to-month,Yes,Mailed check,66.29,4323.66,No
CUST-06763,Female,0,Yes,No,52,Yes,Yes,DSL,Yes,Yes,Yes,No,No,No,Month-to-month,Yes,Electronic check,82.05,3945.81,Yes
CUST-06764,Female,1,No,Yes,29,Yes,Yes,Fiber optic,Yes,No,No,Yes,Yes,Yes,Two year,Yes,Mailed check,84.93,2526.32,No
CUST-06765,Male,0,Yes,Yes,21,Yes,Yes,No,No internet service,No internet service,No internet service,No internet service,No internet service,No internet service,Month-to-month,Yes,Electronic check,45.43,987.6,No
CUST-06766,Male,0,No,No,57,Yes,No,No,No internet service,No internet service,No internet service,No internet service,No internet service,No internet service,Month-to-month,Yes,Mailed check,97.5,5791.94,No
CUST-06767,Male,1,No,Yes,54,Yes,Yes,No,No internet service,No internet service,No internet service,No internet service,No internet service,No internet service,One year,No,Mailed check,101.3,5848.25,Yes
CUST-06768,Female,0,Yes,No,45,Yes,Yes,No,No internet service,No internet service,No internet service,No internet service,No internet service,No internet service,Month-to-month,Yes,Credit card (automatic),69.58,3166.61,No
CUST-06769,Female,0,No,No,25,Yes,Yes,No,No internet service,No internet service,No internet service,No internet service,No internet service,No internet service,Month-to-month,Yes,Bank transfer (automatic),108.24,2589.08,No
CUST-06770,Male,0,Yes,No,63,Yes,No,DSL,No,Yes,Yes,No,No,No,Month-to-month,Yes,Mailed check,34.09,2301.04,No
CUST-06771,Male,1,No,No,8,Yes,Yes,Fiber optic,Yes,No,No,No,No,Yes,One year,No,Mailed check,59.44,469.19,No
CUST-06772,Female,0,Yes,No,14,Yes,Yes,DSL,Yes,No,Yes,No,No,Yes,One year,No,Bank transfer (automatic),22.43,309.91,No
CUST-06773,Male,0,Yes,No,18,Yes,Yes,DSL,No,Yes,No,No,Yes,Yes,Month-to-month,No,Bank transfer (automatic),57.86,1039.91,No
CUST-06774,Male,0,Yes,No,15,Yes,No,No,No internet service,No internet service,No internet service,No internet service,No internet service,No internet service,Month-to-month,Yes,Bank transfer (automatic),117.7,1883.98,No
CUST-06775,Male,0,Yes,Yes,24,Yes,Yes,Fiber optic,No,Yes,Yes,Yes,Yes,No,Two year,No,Mailed check,64.32,1689.03,No
CUST-06776,Female,0,No,No,50,Yes,Yes,No,No internet service,No internet service,No internet service,No internet service,No internet service,No internet service,Month-to-month,Yes,Credit card (automatic),59.92,2798.92,Yes
CUST-06777,Female,0,Yes,No,45,Yes,No,Fiber optic,Yes,No,No,No,Yes,Yes,Two year,Yes,Credit card (automatic),86.78,3609.99,No
CUST-06778,Female,0,Yes,No,6,Yes,Yes,Fiber optic,Yes,Yes,No,No,No,No,Month-to-month,Yes,Bank transfer (automatic),22.86,131.34,Yes
CUST-06779,Female,0,Yes,Yes,33,Yes,No,Fiber optic,No,No,No,No,Yes,No,Two year,Yes,Electronic check,53.38,1903.96,Yes
CUST-06780,Female,0,Yes,Yes,57,Yes,No,No,No internet service,No internet service,No internet service,No internet service,No internet service,No internet service,Month-to-month,Yes,Mailed check,71.31,4087.53,No
CUST-06781,Female,0,No,No,22,Yes,No,Fiber optic,Yes,Yes,No,Yes,No,No,One year,No,Credit card (automatic),66.41,1316.57,No
CUST-06782,Male,0,Yes,No,22,No,No phone service,DSL,No,No,Yes,No,Yes,Yes,Month-to-month,Yes,Electronic check,82.25,1839.15,Yes
CUST-06783,Female,0,No,No,16,Yes,No,No,No internet service,No internet service,No internet service,No internet service,No internet service,No internet service,One year,Yes,Electronic check,31.89,515.24,No
CUST-06784,Female,0,Yes,No,12,Yes,No,Fiber optic,No,No,No,Yes,No,Yes,Month-to-month,Yes,Electronic check,58.26,640.37,No
CUST-06785,Male,0,Yes,No,26,Yes,Yes,DSL,No,No,Yes,No,No,No,Month-to-month,Yes,Credit card (automatic),81.36,1966.85,Yes
CUST-06786,Female,0,Yes,No,65,Yes,No,Fiber optic,Yes,Yes,Yes,No,Yes,No,One year,Yes,Mailed check,48.17,2876.2,No
CUST-06787,Female,0,Yes,Yes,29,Yes,Yes,DSL,No,No,Yes,No,No,Yes,Month-to-month,Yes,Mailed check,79.29,2309.14,Yes
CUST-06788,Male,0,Yes,No,3,Yes,No,No,No internet service,No internet service,No internet service,No internet service,No internet service,No internet service,Month-to-month,No,Electronic check,113.83,343.61,No
CUST-06789,Male,0,Yes,Yes,66,Yes,Yes,Fiber optic,Yes,No,No,Yes,No,No,Two year,No,Mailed check,111.04,7270.22,Yes
CUST-06790,Male,0,No,No,13,Yes,Yes,No,No internet service,No internet service,No internet service,No internet service,No internet service,No internet service,Two year,Yes,Mailed check,90.55,1165.61,No
CUST-06791,Female,1,No,No,10,Yes,No,DSL,No,Yes,Yes,No,Yes,No,Two year,Yes,Credit card (automatic),35.76,363.35,No
CUST-06792,Male,0,Yes,No,39,Yes,Yes,No,No internet service,No internet service,No internet service,No internet service,No internet service,No internet service,Month-to-month,No,Electronic check,96.42,3882.33,No
CUST-06793,Female,0,Yes,No,2,Yes,Yes,Fiber optic,No,No,Yes,No,No,Yes,Month-to-month,Yes,Mailed check,62.67,136.97,No
CUST-06794,Female,1,Yes,Yes,0,Yes,No,DSL,Yes,No,No,Yes,No,No,Month-to-month,No,Bank transfer (automatic),113.17,0.0,Yes
CUST-06795,Female,0,No,No,8,Yes,Yes,DSL,No,No,No,Yes,Yes,Yes,One year,Yes,Mailed check,79.14,603.45,No
CUST-06796,Female,0,Yes,No,0,Yes,Yes,DSL,No,No,No,No,No,Yes,Month-to-month,No,Mailed check,39.76,0.0,Yes
CUST-06797,Male,0,No,No,15,Yes,No,Fiber optic,Yes,No,Yes,No,No,Yes,Month-to-month,No,Electronic check,49.24,680.36,No
CUST-06798,Male,0,No,No,71,Yes,Yes,DSL,No,No,No,Yes,Yes,No,Month-to-month,No,Mailed check,49.91,3410.84,No
CUST-06799,Female,0,No,No,45,Yes,Yes,Fiber optic,No,Yes,Yes,No,No,No,Two year,No,Electronic check,45.63,2218.61,No
CUST-06800,Male,0,No,Yes,9,Yes,No,Fiber optic,Yes,Yes,No,Yes,Yes,Yes,Month-to-month,Yes,Credit card (automatic),95.18,932.66,No
CUST-06801,Female,0,No,No,32,Yes,Yes,Fiber optic,No,Yes,Yes,No,No,No,Month-to-month,Yes,Bank transfer (automatic),51.67,1701.39,Yes
CUST-06802,Female,0,Yes,Yes,40,Yes,Yes,No,No internet service,No internet service,No internet service,No internet service,No internet service,No internet service,One year,No,Credit card (automatic),37.56,1356.55,No
CUST-06803,Female,0,No,No,50,Yes,No,Fiber optic,No,Yes,No,No,No,Yes,Month-to-month,No,Credit card (automatic),77.61,3835.93,No
CUST-06804,Male,1,No,No,21,Yes,Yes,DSL,Yes,No,Yes,No,Yes,No,Month-to-month,Yes,Credit card (automatic),64.48,1471.28,Yes
CUST-06805,Female,0,Yes,No,15,Yes,No,Fiber optic,Yes,No,Yes,No,Yes,No,One year,Yes,Bank transfer (automatic),20.22,326.94,No
CUST-06806,Female,0,Yes,No,61,Yes,No,DSL,No,Yes,Yes,Yes,No,Yes,One year,Yes,Electronic check,45.91,3021.06,No
CUST-06807,Male,0,No,Yes,52,Yes,Yes,Fiber optic,Yes,No,Yes,No,Yes,No,Month-to-month,Yes,Electronic check,21.82,1087.86,Yes
CUST-06808,Male,0,Yes,No,13,Yes,Yes,Fiber optic,No,Yes,No,No,No,Yes,Month-to-month,Yes,Electronic check,94.7,1311.08,Yes
CUST-06809,Male,0,Yes,Yes,58,Yes,No,DSL,No,Yes,Yes,Yes,No,No,Month-to-month,No,Bank transfer (automatic),113.1,6785.87,No
CUST-06810,Male,0,Yes,Yes,25,Yes,No,Fiber optic,No,Yes,No,No,No,No,Month-to-month,Yes,Bank transfer (automatic),68.02,1834.4,No
CUST-06811,Female,0,No,No,43,Yes,No,DSL,No,Yes,No,Yes,No,No,One year,Yes,Electronic check,73.82,3261.82,No
CUST-06812,Male,0,No,Yes,19,Yes,No,Fiber optic,No,No,No,No,Yes,No,Two year,No,Electronic check,102.51,1899.06,No
CUST-06813,Female,0,Yes,Yes,4,Yes,Yes,No,No internet service,No internet service,No internet service,No internet service,No internet service,No internet service,Month-to-month,Yes,Electronic check,19.9,81.74,No
CUST-06814,Male,0,Yes,No,64,Yes,No,Fiber optic,No,Yes,Yes,Yes,No,Yes,One year,No,Mailed check,34.23,2128.43,No
CUST-06815,Male,1,No,No,10,Yes,Yes,No,No internet service,No internet service,No internet service,No internet service,No internet service,No internet service,Month-to-month,Yes,Mailed check,83.44,751.38,Yes
CUST-06816,Male,1,No,Yes,46,Yes,Yes,No,No internet service,No internet service,No internet service,No internet service,No internet service,No internet service,Month-to-month,Yes,Mailed check,92.17,4508.43,No
CUST-06817,Male,0,Yes,No,9,Yes,Yes,DSL,No,No,Yes,Yes,No,No,Month-to-month,No,Mailed check,80.62,776.28,Yes
CUST-06818,Male,0,No,No,60,Yes,Yes,Fiber optic,Yes,Yes,Yes,Yes,Yes,Yes,Month-to-month,Yes,Mailed check,111.92,7048.38,No
CUST-06819,Male,0,No,No,44,Yes,Yes,DSL,Yes,Yes,Yes,Yes,Yes,Yes,Two year,Yes,Mailed check,57.24,2381.3,No
CUST-06820,Female,0,Yes,No,46,Yes,Yes,Fiber optic,Yes,No,Yes,Yes,No,Yes,Month-to-month,Yes,Electronic check,73.51,3135.22,No
CUST-06821,Male,1,Yes,No,33,Yes,Yes,Fiber optic,Yes,Yes,No,Yes,Yes,No,Month-to-month,Yes,Credit card (automatic),113.64,3502.56,No
CUST-06822,Male,0,No,No,12,Yes,Yes,Fiber optic,No,Yes,No,No,Yes,Yes,One year,No,Bank transfer (automatic),107.96,1295.77,No
CUST-06823,Male,0,No,No,22,Yes,No,DSL,No,No,Yes,No,No,Yes,Month-to-month,Yes,Mailed check,21.08,441.89,No
CUST-06824,Male,1,No,Yes,35,Yes,Yes,DSL,Yes,Yes,No,Yes,No,Yes,Month-to-month,No,Credit card (automatic),53.21,2003.26,No
CUST-06825,Female,1,Yes,No,62,Yes,Yes,Fiber optic,Yes,Yes,Yes,Yes,Yes,No,Two year,No,Mailed check,91.9,5748.36,No
CUST-06826,Male,0,Yes,No,46,Yes,Yes,Fiber optic,Yes,No,Yes,Yes,No,No,Month-to-month,Yes,Credit card (automatic),18.09,823.85,Yes
CUST-06827,Male,0,Yes,No,65,Yes,No,DSL,No,Yes,Yes,No,No,Yes,Month-to-month,Yes,Electronic check,104.3,7283.34,Yes
CUST-06828,Male,0,Yes,Yes,13,Yes,Yes,Fiber optic,No,No,No,No,Yes,No,Month-to-month,Yes,Bank transfer (automatic),68.21,812.44,Yes
CUST-06829,Male,0,No,No,52,Yes,Yes,Fiber optic,No,No,Yes,Yes,No,No,Month-to-month,No,Mailed check,26.66,1489.18,No
CUST-06830,Female,0,Yes,No,65,Yes,Yes,Fiber optic,No,Yes,No,Yes,Yes,Yes,Two year,Yes,Bank transfer (automatic),62.25,4290.75,No
CUST-06831,Male,0,Yes,No,48,Yes,Yes,DSL,No,No,No,Yes,Yes,No,Month-to-month,Yes,Electronic check,67.26,3349.28,No
CUST-06832,Female,0,No,No,15,Yes,No,No,No internet service,No internet service,No internet service,No internet service,No internet service,No internet service,Two year,No,Mailed check,54.69,756.53,No
CUST-06833,Male,0,Yes,No,67,Yes,No,Fiber optic,No,No,No,No,No,Yes,Two year,Yes,Bank transfer (automatic),63.43,3869.36,No
CUST-06834,Female,0,No,Yes,42,Yes,Yes,Fiber optic,Yes,Yes,No,Yes,No,Yes,Month-to-month,No,Bank transfer (automatic),107.14,4199.39,Yes
CUST-06835,Female,0,Yes,No,64,Yes,Yes,No,No internet service,No internet service,No internet service,No internet service,No internet service,No internet service,Two year,Yes,Mailed check,50.41,3078.03,No
CUST-06836,Male,0,No,No,8,Yes,No,DSL,Yes,No,Yes,No,Yes,No,Month-to-month,Yes,Electronic check,114.09,933.94,Yes
CUST-06837,Male,0,No,Yes,20,Yes,No,Fiber optic,Yes,No,Yes,Yes,No,Yes,Month-to-month,Yes,Bank transfer (automatic),86.7,1588.46,No
CUST-06838,Female,0,No,No,42,No,No phone service,Fiber optic,No,Yes,Yes,Yes,No,Yes,Month-to-month,No,Mailed check,107.6,4232.72,Yes
CUST-06839,Female,0,Yes,No,65,Yes,No,DSL,No,Yes,Yes,Yes,Yes,No,Two year,Yes,Mailed check,38.9,2377.0,No
CUST-06840,Male,0,No,No,3,No,No phone service,Fiber optic,No,Yes,No,Yes,Yes,No,Month-to-month,Yes,Bank transfer (automatic),67.18,208.42,Yes
CUST-06841,Female,0,Yes,No,6,Yes,No,DSL,No,Yes,No,No,Yes,No,Two year,Yes,Bank transfer (automatic),74.54,433.48,No
CUST-06842,Female,0,Yes,Yes,57,Yes,Yes,Fiber optic,No,No,No,No,No,No,Month-to-month,Yes,Bank transfer (automatic),26.53,1444.24,Yes
CUST-06843,Female,0,Yes,Yes,3,Yes,Yes,Fiber optic,Yes,No,No,No,No,No,Month-to-month,No,Mailed check,67.36,183.05,Yes
CUST-06844,Male,0,Yes,Yes,19,Yes,No,Fiber optic,No,Yes,No,Yes,No,No,Month-to-month,No,Mailed check,104.1,1817.43,No
CUST-06845,Female,0,Yes,No,34,Yes,No,No,No internet service,No internet service,No internet service,No internet service,No internet service,No internet service,One year,Yes,Electronic check,23.22,797.33,No
CUST-06846,Female,0,Yes,No,58,Yes,No,No,No internet service,No internet service,No internet service,No internet service,No internet service,No internet service,Two year,No,Credit card (automatic),82.23,4896.54,No
CUST-06847,Female,0,No,No,44,Yes,Yes,Fiber optic,Yes,No,Yes,Yes,No,No,Two year,Yes,Credit card (automatic),116.88,5391.89,No
CUST-06848,Male,0,No,No,13,Yes,No,DSL,Yes,Yes,No,Yes,Yes,Yes,Two year,Yes,Credit card (automatic),70.74,919.16,No
CUST-06849,Male,0,Yes,Yes,21,No,No phone service,No,No internet service,No internet service,No internet service,No internet service,No internet service,No internet service,Month-to-month,No,Bank transfer (automatic),48.34,968.25,No
CUST-06850,Female,1,Yes,Yes,47,Yes,Yes,Fiber optic,Yes,No,No,Yes,No,Yes,Two year,Yes,Electronic check,76.49,3445.8,No
CUST-06851,Male,0,Yes,No,29,Yes,No,Fiber optic,Yes,Yes,Yes,Yes,Yes,No,One year,No,Credit card (automatic),72.14,2155.17,No
CUST-06852,Female,0,Yes,Yes,28,Yes,No,Fiber optic,Yes,Yes,No,Yes,Yes,Yes,Month-to-month,No,Electronic check,28.52,786.8,No
CUST-06853,Male,0,Yes,Yes,35,Yes,Yes,DSL,Yes,No,Yes,No,No,No,Month-to-month,No,Electronic check,39.43,1285.76,No
CUST-06854,Male,0,No,No,41,Yes,Yes,Fiber optic,No,Yes,No,No,No,Yes,Month-to-month,Yes,Credit card (automatic),84.94,3136.99,No
CUST-06855,Female,0,No,No,28,Yes,Yes,DSL,No,Yes,No,Yes,No,No,Month-to-month,No,Credit card (automatic),77.26,2059.44,No
CUST-06856,Male,0,Yes,No,6,Yes,No,Fiber optic,Yes,No,Yes,No,Yes,No,Month-to-month,No,Credit card (automatic),52.43,330.66,Yes
CUST-06857,Male,0,Yes,No,31,Yes,No,Fiber optic,Yes,Yes,Yes,No,No,Yes,One year,Yes,Bank transfer (automatic),115.85,3709.67,No
CUST-06858,Male,0,No,No,12,Yes,No,No,No internet service,No internet service,No internet service,No internet service,No internet service,No internet service,Month-to-month,No,Electronic check,82.48,910.1,No
CUST-06859,Female,0,Yes,No,12,Yes,Yes,Fiber optic,Yes,No,No,Yes,No,No,One year,Yes,Electronic check,41.08,487.46,No
CUST-06860,Male,1,Yes,Yes,53,Yes,No,Fiber optic,Yes,No,No,No,Yes,No,Month-to-month,Yes,Mailed check,65.12,3206.04,No
CUST-06861,Male,0,Yes,No,13,Yes,No,DSL,Yes,Yes,No,Yes,No,No,Two year,No,Bank transfer (automatic),89.16,1152.81,No
CUST-06862,Female,0,No,Yes,5,Yes,No,Fiber optic,No,No,Yes,No,Yes,No,Month-to-month,Yes,Mailed check,85.2,392.83,Yes
CUST-06863,Male,0,No,Yes,15,Yes,Yes,Fiber optic,Yes,No,No,No,Yes,No,Two year,Yes,Electronic check,42.63,662.4,No
CUST-06864,Male,0,Yes,Yes,40,Yes,No,DSL,No,Yes,Yes,No,Yes,No,Month-to-month,Yes,Credit card (automatic),82.78,3366.81,Yes
CUST-06865,Male,0,No,No,51,Yes,No,Fiber optic,No,Yes,Yes,Yes,Yes,No,Month-to-month,No,Mailed check,51.29,2489.72,No
CUST-06866,Male,0,No,No,15,Yes,No,Fiber optic,No,Yes,No,Yes,No,No,Two year,Yes,Electronic check,63.75,1050.43,Yes
CUST-06867,Male,0,Yes,No,4,Yes,No,Fiber optic,Yes,No,Yes,No,Yes,Yes,Month-to-month,No,Credit card (automatic),84.91,345.66,Yes
CUST-06868,Female,0,No,No,23,Yes,No,No,No internet service,No internet service,No internet service,No internet service,No internet service,No internet service,Two year,No,Mailed check,76.1,1669.34,No
CUST-06869,Female,0,No,No,42,Yes,Yes,DSL,No,Yes,No,No,No,Yes,Two year,Yes,Bank transfer (automatic),89.27,3642.67,No
CUST-06870,Male,0,No,No,64,Yes,Yes,Fiber optic,No,No,Yes,No,Yes,No,Month-to-month,Yes,Electronic check,56.18,3894.79,No
CUST-06871,Male,0,No,No,9,Yes,Yes,Fiber optic,Yes,No,Yes,No,Yes,No,Month-to-month,No,Bank transfer (automatic),93.2,789.01,Yes
CUST-06872,Male,0,No,No,58,Yes,Yes,DSL,Yes,No,No,No,Yes,Yes,Month-to-month,Yes,Bank transfer (automatic),19.57,1067.81,No
CUST-06873,Female,1,No,No,34,Yes,Yes,No,No internet service,No internet service,No internet service,No internet service,No internet service,No internet service,Two year,Yes,Electronic check,36.8,1268.86,No
CUST-06874,Female,1,Yes,No,30,Yes,No,No,No internet service,No internet service,No internet service,No internet service,No internet service,No internet service,Month-to-month,No,Bank transfer (automatic),115.32,3343.45,No
CUST-06875,Male,0,Yes,No,10,Yes,Yes,Fiber optic,Yes,Yes,Yes,Yes,Yes,No,Two year,Yes,Electronic check,26.67,256.26,No
CUST-06876,Male,0,Yes,Yes,8,Yes,Yes,No,No internet service,No internet service,No internet service,No internet service,No internet service,No internet service,One year,No,Electronic check,84.19,661.44,Yes
CUST-06877,Female,0,No,No,65,Yes,No,DSL,Yes,Yes,No,No,Yes,Yes,One year,Yes,Credit card (automatic),109.68,7601.32,No
CUST-06878,Male,0,Yes,No,43,Yes,Yes,DSL,No,No,No,Yes,No,Yes,Month-to-month,Yes,Mailed check,103.95,4774.7,No
CUST-06879,Female,0,No,No,15,Yes,Yes,DSL,No,No,Yes,Yes,Yes,Yes,Month-to-month,Yes,Electronic check,109.28,1693.58,No
CUST-06880,Female,1,No,No,47,Yes,Yes,Fiber optic,No,Yes,No,Yes,Yes,No,Month-to-month,Yes,Mailed check,116.39,5554.9,No
CUST-06881,Male,0,Yes,No,52,Yes,Yes,Fiber optic,No,No,No,Yes,Yes,No,Month-to-month,No,Electronic check,53.73,2523.3,Yes
CUST-06882,Female,0,No,No,64,Yes,No,No,No internet service,No internet service,No internet service,No internet service,No internet service,No internet service,Two year,Yes,Bank transfer (automatic),51.02,3307.8,No
CUST-06883,Male,0,Yes,No,47,Yes,No,Fiber optic,No,No,Yes,Yes,No,No,Month-to-month,Yes,Mailed check,30.09,1542.67,No
CUST-06884,Male,0,No,No,69,Yes,Yes,DSL,No,No,Yes,Yes,Yes,Yes,Month-to-month,No,Electronic check,38.15,2809.94,No
CUST-06885,Male,0,Yes,No,45,Yes,Yes,No,No internet service,No internet service,No internet service,No internet service,No internet service,No internet service,Month-to-month,No,Electronic check,83.29,3481.5,Yes
CUST-06886,Male,0,Yes,No,32,Yes,No,Fiber optic,Yes,Yes,No,No,Yes,No,Two year,No,Credit card (automatic),51.11,1790.56,No
CUST-06887,Male,0,Yes,Yes,51,Yes,Yes,No,No internet service,No internet service,No internet service,No internet service,No internet service,No internet service,One year,Yes,Bank transfer (automatic),52.11,2507.0,No
CUST-06888,Male,0,Yes,No,54,Yes,No,Fiber optic,Yes,No,No,No,Yes,No,Month-to-month,No,Electronic check,82.59,4124.31,Yes
CUST-06889,Female,1,No,Yes,50,Yes,No,DSL,Yes,No,No,Yes,Yes,No,Month-to-month,No,Bank transfer (automatic),28.46,1362.93,No
CUST-06890,Female,0,Yes,No,39,Yes,Yes,No,No internet service,No internet service,No internet service,No internet service,No internet service,No internet service,Month-to-month,No,Mailed check,23.59,853.98,Yes
CUST-06891,Female,1,No,Yes,24,Yes,Yes,No,No internet service,No internet service,No internet service,No internet service,No internet service,No internet service,One year,No,Bank transfer (automatic),98.28,2228.84,Yes
CUST-06892,Female,0,Yes,No,62,Yes,Yes,Fiber optic,Yes,Yes,No,No,No,Yes,Month-to-month,Yes,Electronic check,96.98,5782.84,Yes
CUST-06893,Male,0,Yes,Yes,21,Yes,Yes,DSL,No,Yes,No,Yes,No,Yes,Two year,Yes,Bank transfer (automatic),56.51,1208.26,No
CUST-06894,Female,0,Yes,Yes,37,Yes,Yes,DSL,Yes,Yes,No,Yes,Yes,No,One year,Yes,Credit card (automatic),77.31,2925.57,No
CUST-06895,Female,0,No,No,8,Yes,Yes,Fiber optic,Yes,Yes,Yes,Yes,Yes,Yes,Two year,Yes,Credit card (automatic),41.81,336.78,No
CUST-06896,Female,0,Yes,No,36,Yes,Yes,Fiber optic,Yes,Yes,No,Yes,No,Yes,One year,No,Bank transfer (automatic),54.76,1891.78,No
CUST-06897,Male,0,Yes,Yes,4,Yes,Yes,DSL,Yes,No,No,Yes,No,Yes,Month-to-month,No,Credit card (automatic),21.64,94.41,No
CUST-06898,Female,0,No,No,21,Yes,Yes,DSL,No,No,No,No,Yes,Yes,Month-to-month,No,Bank transfer (automatic),45.36,913.85,No
CUST-06899,Male,0,Yes,No,11,Yes,Yes,No,No internet service,No internet service,No internet service,No internet service,No internet service,No internet service,Month-to-month,Yes,Credit card (automatic),19.64,211.76,Yes
CUST-06900,Female,0,No,Yes,59,Yes,No,No,No internet service,No internet service,No internet service,No internet service,No internet service,No internet service,Two year,Yes,Electronic check,60.41,3508.78,No
CUST-06901,Male,0,Yes,No,43,Yes,Yes,Fiber optic,Yes,Yes,No,Yes,Yes,No,Month-to-month,No,Electronic check,69.97,2721.35,No
CUST-06902,Male,0,Yes,No,21,Yes,Yes,DSL,No,Yes,No,No,No,No,One year,Yes,Bank transfer (automatic),67.53,1397.93,No
CUST-06903,Female,0,Yes,No,5,Yes,No,DSL,Yes,Yes,Yes,No,No,Yes,One year,Yes,Mailed check,52.07,251.93,No
CUST-06904,Male,0,No,No,26,Yes,No,No,No internet service,No internet service,No internet service,No internet service,No internet service,No internet service,One year,Yes,Electronic check,38.69,919.57,No
CUST-06905,Male,0,Yes,No,54,Yes,Yes,Fiber optic,No,Yes,No,No,Yes,No,Month-to-month,No,Mailed check,63.43,3638.37,No
CUST-06906,Female,0,Yes,Yes,14,No,No phone service,Fiber optic,Yes,Yes,No,Yes,No,Yes,Two year,No,Electronic check,104.99,1532.1,No
CUST-06907,Female,1,Yes,No,63,Yes,Yes,DSL,No,Yes,Yes,No,Yes,Yes,Two year,Yes,Bank transfer (automatic),116.32,7010.78,No
CUST-06908,Female,0,No,Yes,16,Yes,No,DSL,Yes,No,No,No,Yes,No,One year,Yes,Bank transfer (automatic),49.27,750.58,No
CUST-06909,Male,0,No,No,2,Yes,No,DSL,No,Yes,No,No,No,Yes,Month-to-month,Yes,Bank transfer (automatic),115.44,249.57,No
CUST-06910,Male,1,No,Yes,9,Yes,No,Fiber optic,No,Yes,Yes,Yes,Yes,No,Two year,No,Mailed check,61.46,518.75,Yes
CUST-06911,Male,1,No,No,62,Yes,Yes,Fiber optic,Yes,No,Yes,Yes,Yes,No,One year,No,Mailed check,79.33,5286.06,No
CUST-06912,Female,0,No,No,62,Yes,No,DSL,No,Yes,No,Yes,No,Yes,One year,Yes,Mailed check,98.37,5583.96,No
CUST-06913,Male,1,No,No,61,Yes,No,No,No internet service,No internet service,No internet service,No internet service,No internet service,No internet service,Two year,Yes,Bank transfer (automatic),53.94,3513.79,No
CUST-06914,Male,0,Yes,No,8,Yes,No,Fiber optic,No,Yes,No,Yes,Yes,Yes,One year,No,Bank transfer (automatic),38.83,313.23,No
CUST-06915,Male,0,Yes,No,23,Yes,No,Fiber optic,Yes,No,Yes,Yes,Yes,Yes,Two year,No,Credit card (automatic),45.31,1099.63,No
CUST-06916,Male,0,Yes,No,31,Yes,No,Fiber optic,No,No,Yes,No,Yes,No,Two year,No,Electronic check,101.86,2900.59,No
CUST-06917,Male,0,Yes,No,2,Yes,No,DSL,No,Yes,No,Yes,Yes,No,Month-to-month,Yes,Bank transfer (automatic),111.45,219.34,No
CUST-06918,Male,0,Yes,Yes,32,Yes,Yes,DSL,Yes,No,Yes,Yes,No,No,Month-to-month,Yes,Mailed check,30.85,977.39,No
CUST-06919,Male,0,No,Yes,42,Yes,Yes,Fiber optic,No,No,Yes,No,Yes,No,Month-to-month,No,Credit card (automatic),87.45,3684.15,Yes
CUST-06920,Female,1,No,No,11,Yes,Yes,DSL,Yes,No,No,Yes,Yes,Yes,Two year,No,Electronic check,21.49,242.43,No
CUST-06921,Female,0,No,No,31,Yes,No,Fiber optic,Yes,No,No,Yes,No,No,Month-to-month,No,Mailed check,105.5,3198.15,No
CUST-06922,Female,0,Yes,Yes,19,Yes,No,Fiber optic,Yes,Yes,No,Yes,No,No,One year,No,Bank transfer (automatic),103.68,1949.21,No
CUST-06923,Male,0,No,Yes,66,Yes,No,No,No internet service,No internet service,No internet service,No internet service,No internet service,No internet service,Month-to-month,Yes,Credit card (automatic),95.46,6136.89,No
CUST-06924,Male,0,Yes,Yes,67,Yes,Yes,Fiber optic,Yes,No,Yes,No,Yes,No,Two year,No,Mailed check,100.44,6996.85,No
CUST-06925,Female,0,No,No,16,Yes,No,Fiber optic,Yes,Yes,No,No,No,Yes,One year,Yes,Bank transfer (automatic),78.43,1357.38,Yes
CUST-06926,Male,0,Yes,No,18,Yes,No,No,No internet service,No internet service,No internet service,No internet service,No internet service,No internet service,Month-to-month,No,Bank transfer (automatic),32.73,543.7,No
CUST-06927,Female,1,No,No,3,Yes,No,Fiber optic,Yes,No,Yes,Yes,No,Yes,One year,Yes,Mailed check,109.46,314.42,No
CUST-06928,Male,0,Yes,Yes,16,Yes,No,DSL,Yes,No,No,No,No,No,Month-to-month,Yes,Credit card (automatic),32.1,484.81,Yes
CUST-06929,Male,0,No,Yes,63,Yes,No,Fiber optic,Yes,Yes,Yes,Yes,Yes,No,Two year,Yes,Mailed check,40.52,2777.08,No
CUST-06930,Female,0,Yes,No,21,Yes,No,DSL,Yes,Yes,Yes,Yes,Yes,Yes,Month-to-month,Yes,Bank transfer (automatic),61.26,1310.77,No
CUST-06931,Female,0,No,No,65,No,No phone service,Fiber optic,No,No,Yes,No,No,Yes,Month-to-month,Yes,Mailed check,67.8,4092.25,No
CUST-06932,Female,1,Yes,No,41,Yes,Yes,Fiber optic,Yes,Yes,Yes,Yes,Yes,No,Month-to-month,No,Electronic check,27.63,1109.7,Yes
CUST-06933,Female,0,Yes,Yes,44,Yes,Yes,Fiber optic,Yes,No,No,Yes,No,No,Month-to-month,No,Credit card (automatic),94.17,4121.68,No
CUST-06934,Female,0,Yes,No,10,Yes,No,DSL,Yes,No,Yes,Yes,Yes,No,One year,Yes,Electronic check,31.73,325.1,No
CUST-06935,Male,0,Yes,No,52,Yes,Yes,Fiber optic,No,Yes,No,No,No,No,One year,No,Bank transfer (automatic),83.48,4093.78,No
CUST-06936,Male,0,No,No,59,Yes,No,Fiber optic,Yes,No,No,Yes,Yes,No,Month-to-month,Yes,Electronic check,63.2,3730.32,No
CUST-06937,Male,0,No,No,28,Yes,No,Fiber optic,Yes,Yes,Yes,No,No,Yes,One year,No,Bank transfer (automatic),99.09,2941.83,No
CUST-06938,Female,0,No,Yes,19,Yes,Yes,DSL,Yes,Yes,Yes,Yes,Yes,Yes,Month-to-month,Yes,Bank transfer (automatic),47.56,932.55,No
CUST-06939,Female,0,Yes,No,4,Yes,No,No,No internet service,No internet service,No internet service,No internet service,No internet service,No internet service,Two year,Yes,Credit card (automatic),101.65,374.41,No
CUST-06940,Female,0,No,No,24,Yes,Yes,DSL,Yes,Yes,Yes,No,Yes,Yes,One year,Yes,Mailed check,43.23,1123.07,No
CUST-06941,Female,0,Yes,No,33,No,No phone service,No,No internet service,No internet service,No internet service,No internet service,No internet service,No internet service,Month-to-month,No,Bank transfer (automatic),75.43,2408.82,No
CUST-06942,Female,0,No,No,11,Yes,Yes,Fiber optic,Yes,No,No,No,Yes,No,Month-to-month,Yes,Electronic check,66.61,721.65,Yes
CUST-06943,Female,0,Yes,Yes,27,Yes,No,DSL,Yes,No,Yes,No,Yes,No,Month-to-month,Yes,Mailed check,53.26,1493.35,No
CUST-06944,Male,0,No,No,5,Yes,No,DSL,No,No,No,No,Yes,Yes,Month-to-month,No,Electronic check,19.18,95.16,No
CUST-06945,Male,1,Yes,No,18,Yes,No,Fiber optic,No,No,Yes,Yes,No,Yes,One year,Yes,Electronic check,57.78,1058.34,Yes
CUST-06946,Male,0,Yes,No,11,Yes,Yes,No,No internet service,No internet service,No internet service,No internet service,No internet service,No internet service,One year,Yes,Electronic check,29.84,326.78,No
CUST-06947,Male,0,No,Yes,24,Yes,Yes,No,No internet service,No internet service,No internet service,No internet service,No internet service,No internet service,Month-to-month,No,Bank transfer (automatic),40.52,935.1,No
CUST-06948,Male,0,No,Yes,12,Yes,Yes,DSL,No,No,Yes,No,Yes,No,Month-to-month,No,Mailed check,86.83,1029.65,No
CUST-06949,Female,0,No,Yes,2,Yes,No,Fiber optic,No,Yes,No,No,No,No,Two year,Yes,Bank transfer (automatic),75.13,144.6,Yes
CUST-06950,Female,0,Yes,Yes,23,Yes,No,DSL,Yes,Yes,Yes,No,No,Yes,Month-to-month,Yes,Mailed check,70.71,1609.62,No
CUST-06951,Female,1,Yes,No,7,Yes,No,DSL,Yes,Yes,No,Yes,Yes,Yes,Month-to-month,Yes,Mailed check,74.4,489.81,No
CUST-06952,Female,0,Yes,Yes,44,Yes,No,No,No internet service,No internet service,No internet service,No internet service,No internet service,No internet service,Two year,Yes,Mailed check,30.01,1204.42,No
CUST-06953,Female,0,No,No,71,Yes,Yes,No,No internet service,No internet service,No internet service,No internet service,No internet service,No internet service,One year,Yes,Credit card (automatic),34.46,2543.93,No
CUST-06954,Female,0,Yes,Yes,0,Yes,No,Fiber optic,Yes,Yes,No,No,Yes,Yes,One year,No,Credit card (automatic),72.28,0.0,No
CUST-06955,Male,1,No,No,2,Yes,No,DSL,Yes,No,Yes,No,No,Yes,One year,Yes,Bank transfer (automatic),58.68,124.92,No
CUST-06956,Female,0,Yes,No,64,Yes,Yes,Fiber optic,No,Yes,No,Yes,Yes,Yes,Month-to-month,Yes,Credit card (automatic),64.32,4004.45,No
CUST-06957,Female,0,No,No,14,Yes,No,DSL,Yes,Yes,No,Yes,No,Yes,Month-to-month,Yes,Electronic check,105.92,1408.42,No
CUST-06958,Female,1,Yes,No,49,Yes,No,No,No internet service,No internet service,No internet service,No internet service,No internet service,No internet service,Month-to-month,Yes,Mailed check,36.52,1757.19,No
CUST-06959,Female,0,Yes,No,19,Yes,Yes,No,No internet service,No internet service,No internet service,No internet service,No internet service,No internet service,Month-to-month,Yes,Mailed check,109.07,1927.11,Yes
CUST-06960,Male,0,No,No,2,Yes,No,DSL,No,No,No,Yes,Yes,Yes,Month-to-month,No,Credit card (automatic),103.75,221.98,Yes
CUST-06961,Male,0,Yes,No,60,Yes,Yes,DSL,No,No,No,Yes,Yes,Yes,Two year,Yes,Electronic check,108.18,6058.19,No
CUST-06962,Female,0,Yes,No,14,Yes,No,No,No internet service,No internet service,No internet service,No internet service,No internet service,No internet service,One year,Yes,Electronic check,82.14,1148.54,Yes
CUST-06963,Male,0,No,No,58,Yes,Yes,Fiber optic,No,No,Yes,No,No,Yes,Month-to-month,No,Electronic check,104.39,5645.33,No
CUST-06964,Male,0,Yes,Yes,53,Yes,No,Fiber optic,Yes,Yes,Yes,No,No,No,Month-to-month,No,Credit card (automatic),117.12,5643.36,Yes
CUST-06965,Female,0,No,No,59,Yes,Yes,DSL,No,No,No,No,Yes,No,Month-to-month,Yes,Bank transfer (automatic),65.14,4072.11,No
CUST-06966,Female,0,No,Yes,36,Yes,No,DSL,No,Yes,Yes,Yes,No,No,Two year,Yes,Electronic check,104.18,3793.54,No
CUST-06967,Female,0,Yes,No,20,Yes,No,DSL,Yes,No,No,No,Yes,Yes,Month-to-month,No,Bank transfer (automatic),108.37,1984.52,No
CUST-06968,Female,0,Yes,No,22,Yes,Yes,DSL,No,No,Yes,Yes,No,Yes,Month-to-month,Yes,Mailed check,48.98,1162.24,Yes
CUST-06969,Female,0,Yes,No,17,Yes,Yes,Fiber optic,No,Yes,Yes,No,No,Yes,Two year,No,Credit card (automatic),62.27,1035.85,No
CUST-06970,Male,0,No,No,16,Yes,Yes,Fiber optic,Yes,Yes,No,No,Yes,No,Two year,Yes,Electronic check,75.37,1188.1,No
CUST-06971,Female,0,Yes,No,30,Yes,No,Fiber optic,Yes,No,Yes,No,No,Yes,Month-to-month,Yes,Mailed check,52.92,1585.97,No
CUST-06972,Female,0,No,No,63,Yes,Yes,DSL,Yes,No,Yes,No,Yes,No,Two year,No,Credit card (automatic),50.21,2989.02,No
CUST-06973,Female,0,Yes,No,47,Yes,No,DSL,Yes,No,Yes,No,Yes,Yes,Month-to-month,No,Mailed check,56.07,2662.05,No
CUST-06974,Male,0,Yes,No,25,Yes,Yes,Fiber optic,Yes,Yes,No,No,Yes,Yes,One year,No,Electronic check,60.39,1434.25,No
CUST-06975,Female,0,No,No,21,Yes,No,Fiber optic,Yes,Yes,Yes,No,Yes,Yes,Two year,Yes,Bank transfer (automatic),43.23,968.84,No
CUST-06976,Female,0,Yes,No,44,Yes,No,No,No internet service,No internet service,No internet service,No internet service,No internet service,No internet service,One year,No,Credit card (automatic),65.33,3062.03,No
CUST-06977,Female,0,Yes,Yes,35,Yes,Yes,Fiber optic,Yes,No,Yes,No,No,No,Month-to-month,No,Mailed check,95.87,3340.07,Yes
CUST-06978,Male,0,Yes,No,63,Yes,No,Fiber optic,Yes,No,No,No,Yes,Yes,One year,Yes,Mailed check,80.45,5100.59,No
CUST-06979,Female,0,Yes,No,34,Yes,Yes,Fiber optic,Yes,Yes,Yes,No,No,Yes,Two year,Yes,Bank transfer (automatic),55.98,2090.94,Yes
CUST-06980,Female,0,Yes,No,26,Yes,Yes,No,No internet service,No internet service,No internet service,No internet service,No internet service,No internet service,Month-to-month,Yes,Mailed check,33.62,925.76,No
CUST-06981,Female,0,No,No,67,Yes,Yes,DSL,No,Yes,Yes,No,Yes,No,One year,No,Electronic check,100.4,6138.74,No
CUST-06982,Male,0,Yes,No,16,Yes,No,No,No internet service,No internet service,No internet service,No internet service,No internet service,No internet service,Month-to-month,No,Bank transfer (automatic),69.13,1033.65,Yes
CUST-06983,Female,0,No,No,69,Yes,No,Fiber optic,No,Yes,Yes,No,No,No,Month-to-month,Yes,Electronic check,115.12,8095.95,No
CUST-06984,Female,0,Yes,No,10,Yes,No,No,No internet service,No internet service,No internet service,No internet service,No internet service,No internet service,Month-to-month,Yes,Electronic check,43.27,421.59,No
CUST-06985,Female,0,Yes,Yes,4,Yes,No,No,No internet service,No internet service,No internet service,No internet service,No internet service,No internet service,Two year,Yes,Electronic check,35.55,150.84,No
CUST-06986,Male,1,No,Yes,57,Yes,Yes,DSL,No,Yes,No,Yes,No,Yes,Month-to-month,No,Credit card (automatic),18.8,1101.83,No
CUST-06987,Female,0,Yes,Yes,56,Yes,No,Fiber optic,Yes,No,Yes,Yes,No,Yes,Month-to-month,Yes,Mailed check,26.26,1614.88,No
CUST-06988,Female,0,Yes,Yes,13,Yes,Yes,Fiber optic,No,No,Yes,No,No,Yes,Month-to-month,No,Credit card (automatic),56.54,663.41,No
CUST-06989,Female,0,No,Yes,71,Yes,No,Fiber optic,No,Yes,Yes,No,Yes,No,One year,No,Mailed check,37.82,2652.13,No
CUST-06990,Male,0,No,Yes,0,Yes,No,DSL,No,Yes,Yes,No,No,Yes,Two year,No,Bank transfer (automatic),21.79,0.0,No
CUST-06991,Male,0,Yes,Yes,15,Yes,No,No,No internet service,No internet service,No internet service,No internet service,No internet service,No internet service,Month-to-month,No,Credit card (automatic),40.54,600.1,No
CUST-06992,Female,0,No,No,25,Yes,No,No,No internet service,No internet service,No internet service,No internet service,No internet service,No internet service,Two year,Yes,Mailed check,90.88,2447.04,No
CUST-06993,Male,0,No,Yes,48,Yes,Yes,Fiber optic,No,No,Yes,No,No,No,One year,Yes,Electronic check,91.57,4312.72,No
CUST-06994,Male,0,No,No,41,Yes,No,DSL,Yes,No,No,No,No,Yes,One year,Yes,Bank transfer (automatic),32.96,1431.45,No
CUST-06995,Male,0,No,No,69,Yes,Yes,No,No internet service,No internet service,No internet service,No internet service,No internet service,No internet service,Month-to-month,No,Bank transfer (automatic),111.65,7908.22,No
CUST-06996,Female,0,Yes,No,65,Yes,Yes,Fiber optic,Yes,No,No,No,Yes,Yes,Month-to-month,Yes,Electronic check,33.9,2198.09,No
CUST-06997,Female,1,Yes,No,52,Yes,No,Fiber optic,No,No,Yes,Yes,Yes,Yes,Month-to-month,No,Credit card (automatic),26.93,1454.37,No
CUST-06998,Male,0,No,No,8,Yes,No,DSL,Yes,Yes,No,Yes,No,Yes,One year,Yes,Mailed check,34.29,259.46,No
CUST-06999,Male,1,Yes,No,68,Yes,Yes,DSL,No,Yes,Yes,Yes,No,Yes,One year,Yes,Bank transfer (automatic),32.05,2023.48,No
CUST-07000,Male,0,No,Yes,39,Yes,No,Fiber optic,Yes,Yes,Yes,No,No,Yes,Two year,Yes,Mailed check,81.17,3461.41,No
CUST-07001,Female,1,Yes,No,55,Yes,No,DSL,Yes,Yes,Yes,No,Yes,Yes,Month-to-month,No,Bank transfer (automatic),33.63,1809.52,No
CUST-07002,Female,0,Yes,No,4,Yes,Yes,Fiber optic,No,No,No,Yes,No,Yes,Month-to-month,Yes,Electronic check,81.43,312.93,No
CUST-07003,Male,0,No,No,55,Yes,No,DSL,No,No,No,No,Yes,Yes,One year,No,Electronic check,45.66,2393.44,No
CUST-07004,Male,0,No,No,71,No,No phone service,No,No internet service,No internet service,No internet service,No internet service,No internet service,No internet service,Month-to-month,No,Credit card (automatic),42.84,3116.05,No
CUST-07005,Male,1,Yes,No,4,No,No phone service,No,No internet service,No internet service,No internet service,No internet service,No internet service,No internet service,Two year,Yes,Bank transfer (automatic),107.73,473.7,No
CUST-07006,Male,0,Yes,Yes,68,Yes,Yes,DSL,No,No,Yes,No,No,No,Two year,Yes,Electronic check,39.43,2893.0,No
CUST-07007,Female,0,Yes,Yes,51,Yes,Yes,DSL,Yes,Yes,Yes,No,No,Yes,Two year,Yes,Electronic check,104.46,5221.4,No
CUST-07008,Male,1,No,No,32,Yes,Yes,Fiber optic,Yes,No,Yes,Yes,Yes,Yes,One year,Yes,Electronic check,48.35,1669.52,Yes
CUST-07009,Female,0,Yes,No,21,Yes,No,Fiber optic,No,No,Yes,Yes,No,Yes,Month-to-month,Yes,Mailed check,117.12,2438.42,Yes
CUST-07010,Male,0,No,Yes,14,Yes,No,DSL,No,No,No,No,Yes,No,Month-to-month,Yes,Bank transfer (automatic),116.09,1498.26,No
CUST-07011,Male,1,No,No,64,Yes,Yes,Fiber optic,No,Yes,Yes,No,No,No,Month-to-month,Yes,Credit card (automatic),100.76,6046.07,No
CUST-07012,Male,0,No,Yes,70,Yes,No,No,No internet service,No internet service,No internet service,No internet service,No internet service,No internet service,Two year,No,Mailed check,104.81,6959.57,No
CUST-07013,Male,0,Yes,No,22,Yes,Yes,DSL,No,Yes,No,Yes,No,No,Month-to-month,No,Credit card (automatic),100.33,2391.67,No
CUST-07014,Male,0,No,No,5,No,No phone service,DSL,Yes,Yes,No,Yes,No,No,Two year,Yes,Electronic check,80.96,443.58,No
CUST-07015,Female,0,Yes,No,57,Yes,No,Fiber optic,Yes,Yes,No,Yes,No,Yes,Month-to-month,No,Credit card (automatic),98.9,5329.63,No
CUST-07016,Male,0,No,Yes,25,Yes,Yes,No,No internet service,No internet service,No internet service,No internet service,No internet service,No internet service,Month-to-month,No,Credit card (automatic),80.83,1981.57,Yes
CUST-07017,Male,1,Yes,No,11,Yes,No,DSL,No,No,Yes,No,No,No,One year,Yes,Electronic check,102.22,1232.71,No
CUST-07018,Male,0,Yes,No,1,Yes,No,Fiber optic,No,No,Yes,Yes,Yes,No,Month-to-month,No,Bank transfer (automatic),111.56,119.31,Yes
CUST-07019,Female,0,No,Yes,31,Yes,No,DSL,No,No,No,Yes,No,No,Month-to-month,Yes,Bank transfer (automatic),93.33,2860.15,No
CUST-07020,Female,0,No,Yes,49,Yes,Yes,No,No internet service,No internet service,No internet service,No internet service,No internet service,No internet service,Month-to-month,No,Mailed check,114.47,5555.88,Yes
CUST-07021,Female,0,Yes,No,60,Yes,No,Fiber optic,No,No,No,Yes,No,No,Two year,No,Credit card (automatic),62.82,4054.61,No
CUST-07022,Female,0,Yes,No,10,Yes,No,Fiber optic,No,Yes,No,No,No,No,Two year,Yes,Bank transfer (automatic),110.54,1001.35,Yes
CUST-07023,Male,0,No,Yes,67,Yes,No,No,No internet service,No internet service,No internet service,No internet service,No internet service,No internet service,Month-to-month,No,Mailed check,40.62,2955.96,No
CUST-07024,Male,0,No,No,33,Yes,No,Fiber optic,Yes,No,Yes,No,Yes,No,Month-to-month,No,Mailed check,21.14,640.33,Yes
CUST-07025,Male,0,Yes,No,7,No,No phone service,Fiber optic,Yes,Yes,No,Yes,No,No,Month-to-month,No,Bank transfer (automatic),30.81,232.99,No
CUST-07026,Female,0,Yes,Yes,7,Yes,Yes,DSL,Yes,Yes,No,No,No,Yes,Month-to-month,Yes,Bank transfer (automatic),34.02,217.38,Yes
CUST-07027,Male,0,No,No,14,Yes,No,Fiber optic,Yes,No,No,No,Yes,Yes,Month-to-month,Yes,Credit card (automatic),100.44,1538.09,Yes
CUST-07028,Male,0,Yes,Yes,4,Yes,No,DSL,Yes,Yes,Yes,No,Yes,Yes,Two year,No,Bank transfer (automatic),58.1,209.56,No
CUST-07029,Female,0,No,Yes,18,Yes,Yes,No,No internet service,No internet service,No internet service,No internet service,No internet service,No internet service,Month-to-month,Yes,Bank transfer (automatic),41.32,812.92,No
CUST-07030,Female,0,No,Yes,8,Yes,No,Fiber optic,No,No,No,Yes,Yes,No,Two year,Yes,Mailed check,99.23,724.32,No
CUST-07031,Female,0,No,No,56,Yes,No,No,No internet service,No internet service,No internet service,No internet service,No internet service,No internet service,One year,Yes,Bank transfer (automatic),38.21,1979.34,No
CUST-07032,Male,0,No,No,53,Yes,Yes,DSL,No,No,No,Yes,Yes,No,Two year,Yes,Electronic check,25.79,1493.42,No
CUST-07033,Male,0,Yes,Yes,28,Yes,Yes,DSL,Yes,Yes,Yes,Yes,No,No,One year,No,Electronic check,64.62,1914.94,No
CUST-07034,Female,0,No,No,18,Yes,No,Fiber optic,Yes,No,No,No,No,Yes,One year,No,Bank transfer (automatic),24.94,479.43,Yes
CUST-07035,Male,0,No,No,45,Yes,Yes,DSL,Yes,No,No,Yes,No,No,Month-to-month,Yes,Credit card (automatic),45.89,2036.75,Yes
CUST-07036,Female,0,Yes,Yes,61,Yes,Yes,DSL,Yes,No,Yes,No,No,No,Month-to-month,Yes,Credit card (automatic),88.03,4918.97,No
CUST-07037,Female,0,Yes,No,59,Yes,No,No,No internet service,No internet service,No internet service,No internet service,No internet service,No internet service,One year,Yes,Electronic check,55.45,3041.82,No
CUST-07038,Male,0,No,No,4,Yes,No,DSL,No,No,No,Yes,No,No,Month-to-month,Yes,Credit card (automatic),26.75,116.07,No
CUST-07039,Female,0,No,No,32,Yes,Yes,Fiber optic,Yes,Yes,Yes,No,Yes,No,Month-to-month,Yes,Mailed check,58.3,1822.48,Yes
CUST-07040,Female,0,No,No,54,No,No phone service,No,No internet service,No internet service,No internet service,No internet service,No internet service,No internet service,Month-to-month,No,Electronic check,69.31,3934.13,No
CUST-07041,Female,0,No,No,18,Yes,No,DSL,Yes,Yes,No,No,Yes,Yes,Month-to-month,No,Bank transfer (automatic),43.02,803.81,Yes
CUST-07042,Male,1,No,No,16,Yes,Yes,Fiber optic,No,No,No,No,No,Yes,Month-to-month,No,Electronic check,35.09,558.5,No
CUST-07043,Female,0,No,Yes,41,Yes,No,No,No internet service,No internet service,No internet service,No internet service,No internet service,No internet service,Two year,Yes,Electronic check,94.17,4139.42,No
